{"type":"FeatureCollection","name":"us_states_2020_50_states_dc","bbox":[-179.14671,18.92245,179.77392,71.38782],"features":[{"type":"Feature","id":"01","properties":{"state_fips":"01","state_abbr":"AL","state_name":"Alabama"},"geometry":{"type":"MultiPolygon","coordinates":[[[[-88.11774,30.27912],[-88.07586,30.24614],[-88.14114,30.25502],[-88.11774,30.27912]]],[[[-88.22024,30.32053],[-88.22542,30.31989],[-88.22572,30.32156],[-88.22024,30.32053]]],[[[-88.25356,30.3373],[-88.2624,30.33422],[-88.25855,30.36661],[-88.25356,30.3373]]],[[[-88.05337,30.50699],[-88.0351,30.52197],[-88.02675,30.49111],[-88.05337,30.50699]]],[[[-87.65998,30.25059],[-87.80056,30.22937],[-87.96685,30.23562],[-87.93604,30.26147],[-87.8932,30.23924],[-87.768,30.26246],[-87.74717,30.28777],[-87.80927,30.3327],[-87.83737,30.37633],[-87.90634,30.40938],[-87.93697,30.48311],[-87.90534,30.53757],[-87.92537,30.64889],[-88.01141,30.68513],[-88.06188,30.64359],[-88.054,30.61249],[-88.10087,30.50975],[-88.10727,30.37725],[-88.13998,30.31322],[-88.19158,30.31868],[-88.1871,30.3627],[-88.35736,30.40662],[-88.39502,30.36942],[-88.41863,30.86653],[-88.47323,31.89386],[-88.40379,32.44977],[-88.25226,33.71957],[-88.21074,34.0292],[-88.09789,34.8922],[-88.15462,34.92239],[-88.20006,34.99563],[-88.20296,35.00803],[-87.42861,35.0028],[-86.86215,34.99196],[-85.82441,34.98814],[-85.60516,34.98468],[-85.56142,34.75008],[-85.47045,34.32824],[-85.1844,32.86132],[-85.16794,32.81161],[-85.12219,32.77335],[-85.10534,32.64484],[-85.06753,32.57955],[-85.00153,32.51474],[-84.97943,32.41224],[-85.00187,32.32202],[-84.9338,32.29826],[-84.88908,32.26091],[-84.96463,32.19515],[-85.00853,32.1819],[-85.06206,32.13249],[-85.04551,32.08687],[-85.07893,31.94016],[-85.14013,31.85876],[-85.11893,31.73266],[-85.12553,31.69497],[-85.05747,31.61862],[-85.0413,31.54099],[-85.07162,31.46838],[-85.09217,31.36458],[-85.08977,31.29503],[-85.1146,31.27733],[-85.09676,31.22565],[-85.10021,31.16549],[-85.03561,31.10819],[-85.0025,31.00068],[-85.89354,30.99347],[-86.51994,30.99324],[-87.14075,30.99953],[-87.59893,30.99746],[-87.58919,30.96446],[-87.63494,30.86589],[-87.54504,30.77867],[-87.53261,30.74349],[-87.40696,30.67516],[-87.39359,30.63088],[-87.4477,30.51046],[-87.41468,30.4573],[-87.37117,30.43049],[-87.42958,30.4065],[-87.46488,30.3333],[-87.50278,30.3073],[-87.45238,30.3002],[-87.51832,30.28043],[-87.65998,30.25059]]]]}},{"type":"Feature","id":"02","properties":{"state_fips":"02","state_abbr":"AK","state_name":"Alaska"},"geometry":{"type":"MultiPolygon","coordinates":[[[[-179.09834,51.22611],[-179.14042,51.23117],[-179.14671,51.27709],[-179.07444,51.28227],[-179.09834,51.22611]]],[[[-178.90852,51.34218],[-178.96091,51.34712],[-178.99071,51.31198],[-178.97693,51.39876],[-178.92808,51.38383],[-178.90852,51.34218]]],[[[-178.31049,51.48081],[-178.28185,51.48376],[-178.28827,51.472],[-178.31049,51.48081]]],[[[-178.8202,51.54053],[-178.85252,51.57791],[-178.74129,51.5562],[-178.8202,51.54053]]],[[[-179.05716,51.57441],[-179.041,51.58511],[-179.03387,51.56835],[-179.05716,51.57441]]],[[[-178.57349,51.58353],[-178.6764,51.58751],[-178.64313,51.61483],[-178.57349,51.58353]]],[[[-177.95216,51.91471],[-177.90433,51.87657],[-177.92431,51.85752],[-177.86116,51.82942],[-177.78621,51.84376],[-177.73491,51.82585],[-177.61531,51.85508],[-177.65105,51.81679],[-177.81814,51.78931],[-177.84001,51.72266],[-177.80958,51.70263],[-177.88826,51.69025],[-177.95457,51.64116],[-178.08458,51.65989],[-178.11072,51.70911],[-177.96479,51.71839],[-177.95908,51.7724],[-178.05843,51.78034],[-178.09884,51.81826],[-178.2298,51.87171],[-178.1951,51.90809],[-178.12665,51.91879],[-177.95216,51.91471]]],[[[-178.79512,51.83453],[-178.74747,51.80955],[-178.7521,51.75537],[-178.81319,51.74639],[-178.8732,51.78228],[-178.85953,51.81925],[-178.79512,51.83453]]],[[[-176.9007,51.69663],[-176.87693,51.7514],[-176.92232,51.79022],[-176.88691,51.82733],[-176.84769,51.8061],[-176.79707,51.82931],[-176.76284,51.88231],[-176.80883,51.92974],[-176.77116,51.96513],[-176.66729,51.9526],[-176.61619,51.99375],[-176.55677,51.99294],[-176.55974,51.9071],[-176.61916,51.90116],[-176.63949,51.85362],[-176.51589,51.82726],[-176.49557,51.85119],[-176.4213,51.83761],[-176.39979,51.86785],[-176.28071,51.86081],[-176.27025,51.82072],[-176.31862,51.73499],[-176.47466,51.74617],[-176.61536,51.67688],[-176.72576,51.67975],[-176.72588,51.62423],[-176.80836,51.60933],[-176.83652,51.68101],[-176.82868,51.72019],[-176.94146,51.5911],[-176.98412,51.60401],[-176.98436,51.65632],[-176.93136,51.70193],[-176.9007,51.69663]]],[[[-177.44332,51.75956],[-177.28788,51.78199],[-177.20822,51.81725],[-177.19751,51.93134],[-177.08895,51.92996],[-177.04942,51.89476],[-177.06767,51.85934],[-177.13267,51.83086],[-177.11532,51.78454],[-177.14646,51.70583],[-177.25329,51.70915],[-177.27754,51.67861],[-177.36453,51.73296],[-177.44472,51.72542],[-177.50575,51.69848],[-177.60805,51.70518],[-177.67185,51.65879],[-177.69766,51.71312],[-177.64024,51.74128],[-177.51559,51.72498],[-177.44332,51.75956]]],[[[-176.13097,51.85046],[-176.02853,51.844],[-176.05372,51.81675],[-176.12111,51.82792],[-176.15818,51.7689],[-176.16947,51.80242],[-176.23496,51.82902],[-176.20715,51.8815],[-176.13097,51.85046]]],[[[-175.95651,51.89412],[-175.96352,51.8462],[-176.11077,51.8837],[-175.98979,51.91186],[-175.95651,51.89412]]],[[[-177.44206,51.92114],[-177.42017,51.9021],[-177.46946,51.90046],[-177.44206,51.92114]]],[[[-176.11374,51.93594],[-176.0927,51.94106],[-176.09544,51.9322],[-176.11374,51.93594]]],[[[-175.7836,51.91461],[-175.86025,51.95323],[-175.79822,51.9593],[-175.7836,51.91461]]],[[[-176.02592,51.93345],[-176.04933,51.92927],[-176.0321,51.9552],[-176.02592,51.93345]]],[[[-176.16864,51.94802],[-176.16436,51.95681],[-176.14345,51.947],[-176.16864,51.94802]]],[[[-175.74533,51.94678],[-175.7325,51.97505],[-175.65169,51.96128],[-175.74533,51.94678]]],[[[-176.01962,51.95945],[-175.99395,51.96011],[-176.00286,51.94517],[-176.01962,51.95945]]],[[[-176.09282,51.94861],[-176.13204,51.9489],[-176.09484,51.96399],[-176.09282,51.94861]]],[[[-175.88343,51.96392],[-175.96115,51.98339],[-175.81177,51.99349],[-175.88343,51.96392]]],[[[-175.49827,51.97512],[-175.45168,51.99027],[-175.43207,51.97768],[-175.49827,51.97512]]],[[[-174.49585,52.01185],[-174.49383,52.03109],[-174.47636,52.01566],[-174.49585,52.01185]]],[[[-176.05325,52.10531],[-176.00239,52.0688],[-176.05028,52.01829],[-176.02901,51.97505],[-176.18801,51.99964],[-176.20857,52.0745],[-176.14951,52.11757],[-176.05325,52.10531]]],[[[-172.96567,52.06916],[-172.96092,52.0734],[-172.95545,52.06887],[-172.96567,52.06916]]],[[[-173.87836,52.14974],[-173.89928,52.11166],[-173.62761,52.15178],[-173.51519,52.14259],[-173.54418,52.12056],[-173.35665,52.09122],[-173.27347,52.10932],[-172.9526,52.09618],[-173.15106,52.05996],[-173.33384,52.05484],[-173.38945,52.03686],[-173.47763,52.04534],[-173.54799,52.02502],[-173.56344,52.05265],[-173.6818,52.06624],[-173.83605,52.04081],[-173.93113,52.05324],[-173.98437,52.10699],[-174.04902,52.12071],[-173.94491,52.12698],[-173.87836,52.14974]]],[[[-175.52881,52.17168],[-175.51063,52.18516],[-175.50516,52.16038],[-175.52881,52.17168]]],[[[-174.6551,52.1684],[-174.62563,52.18036],[-174.63133,52.1684],[-174.6551,52.1684]]],[[[-175.12761,52.02926],[-175.03158,52.0791],[-174.98975,52.06054],[-174.90157,52.11502],[-174.7718,52.08231],[-174.63014,52.11414],[-174.60352,52.13997],[-174.51344,52.13683],[-174.56478,52.17504],[-174.48539,52.18312],[-174.4129,52.1684],[-174.46068,52.21758],[-174.34065,52.19726],[-174.22846,52.25302],[-174.24154,52.27622],[-174.35431,52.27949],[-174.44796,52.30261],[-174.44024,52.32695],[-174.3454,52.3183],[-174.33221,52.37384],[-174.18532,52.41641],[-174.0748,52.39241],[-174.01039,52.36092],[-173.99328,52.29134],[-174.06256,52.2242],[-174.17415,52.23447],[-174.20755,52.21379],[-174.08015,52.1299],[-174.21812,52.09341],[-174.32995,52.12173],[-174.39698,52.09202],[-174.41504,52.02838],[-174.46103,52.0715],[-174.56632,52.07194],[-174.54672,52.03811],[-174.70549,52.03862],[-174.73579,52.00761],[-174.87388,52.04286],[-175.01756,52.03379],[-175.01281,52.01507],[-175.21174,52.006],[-175.27235,52.018],[-175.12856,52.05893],[-175.12761,52.02926]]],[[[-175.13961,52.22726],[-175.12404,52.21845],[-175.13771,52.21525],[-175.13961,52.22726]]],[[[-172.40712,52.39139],[-172.32548,52.36579],[-172.30064,52.32942],[-172.53511,52.24691],[-172.63209,52.26444],[-172.57849,52.34764],[-172.40712,52.39139]]],[[[-171.19555,52.49433],[-171.2419,52.45249],[-171.30583,52.45003],[-171.29371,52.51545],[-171.25069,52.5302],[-171.19555,52.49433]]],[[[-171.11498,52.55954],[-171.16822,52.56215],[-171.11997,52.58194],[-171.11498,52.55954]]],[[[-170.75347,52.64904],[-170.6641,52.70063],[-170.56285,52.67456],[-170.60848,52.60172],[-170.68359,52.60157],[-170.79482,52.54336],[-170.83523,52.55637],[-170.81978,52.6352],[-170.75347,52.64904]]],[[[-170.05207,52.76914],[-170.07774,52.72079],[-170.18565,52.72252],[-170.16949,52.78567],[-170.05207,52.76914]]],[[[-169.15365,52.79854],[-169.26048,52.76144],[-169.20748,52.78855],[-169.15365,52.79854]]],[[[-169.87001,52.87478],[-169.70363,52.88396],[-169.67393,52.82066],[-169.73715,52.77439],[-169.77399,52.80931],[-169.85765,52.82741],[-169.96057,52.78732],[-170.01095,52.83158],[-169.9879,52.85727],[-169.88879,52.84995],[-169.87001,52.87478]]],[[[-169.99455,52.91177],[-170.05041,52.85785],[-170.1229,52.89715],[-170.08773,52.92266],[-169.99455,52.91177]]],[[[-168.48648,52.98041],[-168.46996,52.99207],[-168.44465,52.98027],[-168.48648,52.98041]]],[[[-169.68177,53.03558],[-169.66264,52.99711],[-169.69805,52.9569],[-169.74463,52.95231],[-169.74915,53.02085],[-169.68177,53.03558]]],[[[-168.40567,52.99808],[-168.39758,52.99579],[-168.40745,52.99393],[-168.40567,52.99808]]],[[[-168.45071,53.04947],[-168.43989,53.04933],[-168.44322,53.04204],[-168.45071,53.04947]]],[[[-169.74808,53.04629],[-169.79871,53.05594],[-169.76698,53.08221],[-169.74808,53.04629]]],[[[-168.95946,52.93674],[-168.85453,52.95378],[-168.86367,53.0151],[-168.80045,53.02897],[-168.7673,53.09017],[-168.80319,53.1048],[-168.79463,53.16056],[-168.61435,53.27313],[-168.53627,53.25046],[-168.45237,53.27374],[-168.43811,53.25426],[-168.3447,53.26336],[-168.37108,53.31735],[-168.43098,53.32459],[-168.38558,53.38243],[-168.40733,53.42232],[-168.34363,53.47173],[-168.23489,53.52785],[-168.00731,53.56669],[-167.9063,53.5222],[-167.79115,53.52142],[-167.8035,53.47611],[-167.85912,53.43932],[-167.84094,53.38619],[-168.11189,53.27619],[-168.27043,53.24164],[-168.32866,53.20816],[-168.34031,53.15518],[-168.49848,53.0349],[-168.58809,53.02775],[-168.65297,52.97468],[-168.76765,52.9565],[-168.99107,52.85659],[-168.95304,52.89962],[-168.95946,52.93674]]],[[[-167.54859,53.40125],[-167.46196,53.44615],[-167.331,53.40564],[-167.33456,53.4586],[-167.29737,53.43489],[-167.28703,53.4789],[-167.20099,53.46221],[-167.14929,53.47565],[-167.18803,53.52407],[-167.06991,53.50711],[-167.13669,53.55105],[-167.16141,53.61779],[-167.08952,53.63224],[-167.03818,53.61384],[-167.00704,53.64231],[-167.06991,53.68421],[-167.00181,53.71545],[-166.89569,53.71672],[-166.786,53.63012],[-166.83246,53.70799],[-166.69081,53.71538],[-166.85611,53.7447],[-166.96319,53.77751],[-167.00847,53.75566],[-167.15202,53.82916],[-167.07478,53.92479],[-167.00728,53.96032],[-166.88523,53.98898],[-166.83484,53.98004],[-166.74607,54.0144],[-166.62568,54.00616],[-166.59039,53.96361],[-166.64719,53.92262],[-166.61166,53.82888],[-166.43328,53.91737],[-166.40987,53.98465],[-166.35508,53.99282],[-166.36994,53.94347],[-166.282,53.98325],[-166.20749,53.93298],[-166.23838,53.88236],[-166.34986,53.88565],[-166.35603,53.85685],[-166.49947,53.76009],[-166.60596,53.73872],[-166.5829,53.7132],[-166.47749,53.72206],[-166.41272,53.76318],[-166.32062,53.76873],[-166.33322,53.73162],[-166.28556,53.73254],[-166.27499,53.68653],[-166.4151,53.67429],[-166.44814,53.63541],[-166.50863,53.65182],[-166.55307,53.62442],[-166.5791,53.5305],[-166.65706,53.59241],[-166.63959,53.52107],[-166.66371,53.48375],[-166.73858,53.50793],[-166.77601,53.55377],[-166.7772,53.49598],[-166.74678,53.44342],[-166.80822,53.43472],[-166.86503,53.46394],[-166.88119,53.42912],[-166.92231,53.46239],[-167.05101,53.4488],[-167.14002,53.42551],[-167.17068,53.39774],[-167.29641,53.36974],[-167.30735,53.33428],[-167.45281,53.32072],[-167.50439,53.25892],[-167.60956,53.28365],[-167.62536,53.25223],[-167.7915,53.27679],[-167.84926,53.3155],[-167.69536,53.38694],[-167.54859,53.40125]]],[[[-166.82527,53.6669],[-166.82402,53.66956],[-166.82036,53.66672],[-166.82527,53.6669]]],[[[-166.84209,53.69822],[-166.83163,53.69139],[-166.84447,53.69111],[-166.84209,53.69822]]],[[[-166.11657,53.77501],[-166.19667,53.76855],[-166.15912,53.74684],[-166.24944,53.71549],[-166.30018,53.7519],[-166.3003,53.79909],[-166.11491,53.8536],[-166.11657,53.77501]]],[[[-166.05822,53.86376],[-166.0423,53.86789],[-166.04848,53.85682],[-166.05822,53.86376]]],[[[-166.57755,53.90302],[-166.56531,53.911],[-166.57066,53.89665],[-166.57755,53.90302]]],[[[-168.02627,53.92683],[-168.04386,53.93243],[-168.03435,53.93635],[-168.02627,53.92683]]],[[[-166.07482,53.97099],[-166.19346,53.95969],[-166.16328,53.99939],[-166.07482,53.97099]]],[[[-165.48066,54.04421],[-165.55577,54.02355],[-165.5156,54.06667],[-165.48066,54.04421]]],[[[-165.23324,54.0636],[-165.28766,54.03835],[-165.33449,54.0696],[-165.45547,54.07839],[-165.26128,54.09094],[-165.23324,54.0636]]],[[[-164.91807,54.11198],[-164.95563,54.07309],[-165.03881,54.06556],[-165.21446,54.08982],[-165.2021,54.11309],[-165.0766,54.12897],[-164.91807,54.11198]]],[[[-165.98312,54.22023],[-165.87069,54.21342],[-165.87782,54.1795],[-165.80343,54.18242],[-165.73498,54.14777],[-165.80343,54.12688],[-165.68174,54.1234],[-165.67841,54.09149],[-165.77111,54.0657],[-165.84574,54.08076],[-165.89731,54.0583],[-166.04848,54.04449],[-166.0499,54.07365],[-166.11384,54.12173],[-166.08247,54.17686],[-165.98312,54.22023]]],[[[-164.90239,54.14151],[-164.91688,54.13914],[-164.91783,54.14972],[-164.90239,54.14151]]],[[[-165.47377,54.29327],[-165.55577,54.25635],[-165.54317,54.21718],[-165.38369,54.19716],[-165.60758,54.11407],[-165.63991,54.139],[-165.59831,54.1642],[-165.63705,54.19494],[-165.58263,54.22552],[-165.68792,54.24246],[-165.60639,54.29451],[-165.47377,54.29327]]],[[[-169.57628,56.53176],[-169.66874,56.55227],[-169.67539,56.57584],[-169.78686,56.61425],[-169.46647,56.59639],[-169.57628,56.53176]]],[[[-170.30251,57.21901],[-170.23192,57.21071],[-170.13209,57.22602],[-170.1744,57.16086],[-170.25485,57.14056],[-170.42147,57.16177],[-170.41671,57.19178],[-170.30251,57.21901]]],[[[-165.86144,59.86536],[-165.85611,59.86626],[-165.85431,59.86337],[-165.86144,59.86536]]],[[[-167.15218,60.22051],[-167.10333,60.23455],[-167.02716,60.2136],[-166.85127,60.20327],[-166.79601,60.23715],[-166.83155,60.27258],[-166.73766,60.31216],[-166.63689,60.32687],[-166.59066,60.30798],[-166.58056,60.35216],[-166.49321,60.38559],[-166.37984,60.35316],[-166.31067,60.37684],[-166.1336,60.39011],[-166.07668,60.32316],[-165.92064,60.3216],[-165.88309,60.34337],[-165.68439,60.2919],[-165.72788,60.2467],[-165.68355,60.19833],[-165.72562,60.16193],[-165.65979,60.09919],[-165.70851,60.06849],[-165.63388,60.0196],[-165.59157,59.90562],[-165.72016,59.88977],[-165.83091,59.89239],[-165.94833,59.87653],[-166.14489,59.82221],[-166.08309,59.77402],[-166.19041,59.75021],[-166.29403,59.81934],[-166.43284,59.85478],[-166.61395,59.84834],[-166.75751,59.89146],[-166.90392,59.95924],[-167.047,59.99248],[-167.10583,59.98844],[-167.30655,60.06046],[-167.34351,60.12629],[-167.41232,60.18755],[-167.2968,60.23296],[-167.15218,60.22051]]],[[[-172.91287,60.60506],[-172.93141,60.56199],[-172.88055,60.50236],[-172.77644,60.45188],[-172.53163,60.383],[-172.38071,60.385],[-172.21813,60.31292],[-172.29395,60.29537],[-172.32604,60.32763],[-172.50192,60.33492],[-172.59842,60.3168],[-172.72915,60.36138],[-172.93236,60.47636],[-173.05382,60.49451],[-173.04074,60.56187],[-172.91287,60.60506]]],[[[-173.04883,60.62477],[-173.12132,60.66136],[-173.06546,60.69593],[-173.04883,60.62477]]],[[[-164.99909,60.81651],[-165.00503,60.87625],[-164.89094,60.83702],[-164.99909,60.81651]]],[[[-166.14625,61.75429],[-166.12795,61.77195],[-166.11416,61.73618],[-166.14625,61.75429]]],[[[-164.97028,62.55094],[-164.88223,62.56617],[-164.87109,62.54499],[-164.97028,62.55094]]],[[[-165.02382,62.58394],[-165.06902,62.57873],[-165.04717,62.59732],[-165.02382,62.58394]]],[[[-165.01382,62.58963],[-165.00239,62.63951],[-164.95524,62.60387],[-165.01382,62.58963]]],[[[-164.81631,62.60352],[-164.93099,62.61429],[-164.92069,62.67371],[-164.84281,62.65586],[-164.81631,62.60352]]],[[[-164.89815,62.70587],[-164.90411,62.70575],[-164.90284,62.70966],[-164.89815,62.70587]]],[[[-171.78845,63.63331],[-171.73759,63.66274],[-171.7402,63.78343],[-171.63966,63.76926],[-171.63444,63.69183],[-171.36847,63.62993],[-171.04166,63.58101],[-170.90357,63.57276],[-170.64925,63.66686],[-170.54515,63.66622],[-170.47551,63.69741],[-170.28941,63.68751],[-170.07668,63.58683],[-170.02962,63.48207],[-169.8623,63.44267],[-169.64933,63.42949],[-169.48747,63.36105],[-169.26168,63.34453],[-168.88163,63.33066],[-168.69743,63.30077],[-168.72436,63.22966],[-168.87783,63.14519],[-168.9641,63.16633],[-169.2189,63.17427],[-169.37886,63.14927],[-169.39359,63.12779],[-169.53834,63.07392],[-169.58041,63.02878],[-169.53097,62.97861],[-169.64316,62.93766],[-169.76532,62.96425],[-169.74488,62.98498],[-169.82783,63.07661],[-169.96355,63.14218],[-170.1304,63.18435],[-170.2925,63.18746],[-170.27966,63.20954],[-170.35501,63.28016],[-170.57129,63.36137],[-170.86792,63.4146],[-171.10417,63.42151],[-171.28647,63.38012],[-171.28053,63.3586],[-171.44001,63.3075],[-171.54768,63.31818],[-171.73498,63.36499],[-171.82339,63.43693],[-171.83884,63.55276],[-171.78845,63.63331]]],[[[-166.21213,64.47322],[-166.22746,64.4937],[-166.19208,64.49215],[-166.21213,64.47322]]],[[[-168.0971,64.96572],[-168.05313,64.98241],[-168.04861,64.96038],[-168.0971,64.96572]]],[[[-168.95346,65.75813],[-168.8995,65.76886],[-168.89499,65.74369],[-168.95346,65.75813]]],[[[-164.83964,54.17866],[-164.83738,54.18917],[-164.81195,54.1868],[-164.83964,54.17866]]],[[[-164.76275,54.21051],[-164.88313,54.19619],[-164.79793,54.22336],[-164.76275,54.21051]]],[[[-162.51728,54.37394],[-162.45572,54.36542],[-162.49452,54.36402],[-162.51728,54.37394]]],[[[-162.3895,54.368],[-162.48235,54.4086],[-162.41183,54.4027],[-162.3895,54.368]]],[[[-162.7997,54.49178],[-162.61764,54.45532],[-162.54009,54.37998],[-162.6116,54.39865],[-162.65212,54.38366],[-162.73173,54.40112],[-162.7852,54.38327],[-162.84035,54.41647],[-162.83369,54.47839],[-162.7997,54.49178]]],[[[-162.37885,54.64481],[-162.36021,54.6451],[-162.37411,54.62116],[-162.37885,54.64481]]],[[[-164.71343,54.65731],[-164.55656,54.85023],[-164.55205,54.88811],[-164.4313,54.93129],[-164.3379,54.89556],[-164.2351,54.91695],[-164.12874,54.96937],[-164.07966,54.95921],[-163.95725,54.99835],[-163.89557,55.03569],[-163.77781,55.05162],[-163.66277,55.03998],[-163.54024,55.0504],[-163.42687,54.95136],[-163.39466,54.89474],[-163.40322,54.84338],[-163.37054,54.78552],[-163.31908,54.75049],[-163.16079,54.76763],[-163.10184,54.72977],[-163.06346,54.66068],[-163.15568,54.66693],[-163.11385,54.69716],[-163.28367,54.69565],[-163.32419,54.7439],[-163.42509,54.72009],[-163.42247,54.65621],[-163.50293,54.65298],[-163.5873,54.6126],[-163.81155,54.63654],[-164.09867,54.61989],[-164.2067,54.5956],[-164.32174,54.54427],[-164.33338,54.4837],[-164.44972,54.42097],[-164.64747,54.38963],[-164.79186,54.40257],[-164.84344,54.42007],[-164.93055,54.52269],[-164.94493,54.57563],[-164.80256,54.64218],[-164.71343,54.65731]]],[[[-159.53067,54.75572],[-159.59603,54.75736],[-159.6053,54.81479],[-159.51094,54.78944],[-159.53067,54.75572]]],[[[-162.72658,54.80067],[-162.72777,54.80306],[-162.72254,54.80231],[-162.72658,54.80067]]],[[[-159.69372,54.83437],[-159.77025,54.79383],[-159.8223,54.81657],[-159.73935,54.84217],[-159.69372,54.83437]]],[[[-162.17762,54.83908],[-162.17539,54.84231],[-162.17024,54.83978],[-162.17762,54.83908]]],[[[-162.8873,54.90666],[-162.87495,54.89832],[-162.88588,54.89381],[-162.8873,54.90666]]],[[[-162.26185,54.97686],[-162.23155,54.94104],[-162.23549,54.88163],[-162.3158,54.82838],[-162.42609,54.88318],[-162.42288,54.92172],[-162.32388,54.98389],[-162.26185,54.97686]]],[[[-160.04631,54.9326],[-160.05749,54.95144],[-160.03704,54.9425],[-160.04631,54.9326]]],[[[-162.43369,54.95572],[-162.42121,54.95462],[-162.42751,54.94486],[-162.43369,54.95572]]],[[[-160.19914,54.97546],[-160.19308,54.98392],[-160.17549,54.97778],[-160.19914,54.97546]]],[[[-161.87122,54.98655],[-161.91377,55.02662],[-161.86219,54.998],[-161.87122,54.98655]]],[[[-159.85879,55.04027],[-159.84239,55.05702],[-159.81196,55.01425],[-159.85879,55.04027]]],[[[-161.94168,55.037],[-161.96665,55.07829],[-161.92836,55.04176],[-161.94168,55.037]]],[[[-159.79651,55.06042],[-159.82789,55.07335],[-159.76799,55.08519],[-159.79651,55.06042]]],[[[-160.19344,54.93138],[-160.18952,54.96543],[-160.08636,55.03326],[-160.1112,55.06832],[-160.18975,55.10253],[-160.15612,55.12115],[-160.07804,55.09315],[-160.11191,55.15967],[-160.01803,55.10335],[-159.9989,55.15363],[-160.02754,55.20411],[-159.94684,55.17005],[-159.89004,55.28825],[-159.84963,55.26767],[-159.90002,55.22913],[-159.90525,55.14371],[-159.81196,55.1801],[-159.82682,55.12795],[-159.87388,55.09539],[-159.93472,55.12938],[-159.92997,55.06689],[-160.0027,55.07532],[-159.98915,55.0466],[-160.10728,54.98733],[-160.12059,54.94871],[-160.18536,54.93158],[-160.22327,54.86345],[-160.2468,54.92933],[-160.19344,54.93138]]],[[[-161.54809,55.08276],[-161.60454,55.07004],[-161.60157,55.11193],[-161.54809,55.08276]]],[[[-161.88251,55.08543],[-161.90361,55.11695],[-161.8616,55.10114],[-161.88251,55.08543]]],[[[-159.71309,55.09553],[-159.75635,55.09226],[-159.72759,55.12747],[-159.71309,55.09553]]],[[[-161.63402,55.10513],[-161.73836,55.05302],[-161.79885,55.08201],[-161.7569,55.14047],[-161.78078,55.16172],[-161.81608,55.09901],[-161.89023,55.12593],[-161.89653,55.16451],[-161.82606,55.18154],[-161.63402,55.10513]]],[[[-159.58688,55.21205],[-159.51201,55.20988],[-159.49442,55.13726],[-159.57,55.04558],[-159.65058,55.04749],[-159.59805,55.09498],[-159.65699,55.1238],[-159.5441,55.14147],[-159.58688,55.21205]]],[[[-159.66698,55.17664],[-159.66531,55.19075],[-159.64772,55.17107],[-159.66698,55.17664]]],[[[-161.34415,55.1585],[-161.44421,55.19698],[-161.39935,55.22418],[-161.3268,55.21813],[-161.34415,55.1585]]],[[[-161.53538,55.25916],[-161.56259,55.20474],[-161.69546,55.20935],[-161.65634,55.24416],[-161.53538,55.25916]]],[[[-162.92461,55.23754],[-162.90274,55.23497],[-162.92508,55.2332],[-162.92461,55.23754]]],[[[-160.72965,55.40724],[-160.66262,55.39705],[-160.64503,55.35782],[-160.66643,55.30199],[-160.5975,55.32701],[-160.61651,55.34945],[-160.56565,55.39064],[-160.51811,55.35728],[-160.57944,55.30564],[-160.49435,55.22384],[-160.48626,55.17677],[-160.61295,55.14778],[-160.68354,55.1938],[-160.75651,55.19475],[-160.79454,55.13311],[-160.85205,55.20628],[-160.83625,55.29881],[-160.86572,55.32126],[-160.80072,55.38079],[-160.72965,55.40724]]],[[[-160.52115,55.27867],[-160.52047,55.28221],[-160.51633,55.27921],[-160.52115,55.27867]]],[[[-162.98415,55.25478],[-162.91546,55.31732],[-162.94279,55.27875],[-162.98415,55.25478]]],[[[-162.8476,55.28907],[-162.84736,55.293],[-162.83952,55.28474],[-162.8476,55.28907]]],[[[-160.4209,55.33823],[-160.33272,55.35945],[-160.30777,55.3032],[-160.33771,55.24268],[-160.38905,55.28737],[-160.47224,55.2894],[-160.52833,55.31998],[-160.5029,55.34891],[-160.4209,55.33823]]],[[[-160.03848,55.30687],[-160.10416,55.31353],[-160.06227,55.34303],[-160.03848,55.30687]]],[[[-160.62341,55.3408],[-160.62103,55.34377],[-160.61651,55.34107],[-160.62341,55.3408]]],[[[-161.2485,55.35318],[-161.25361,55.34879],[-161.2523,55.35372],[-161.2485,55.35318]]],[[[-160.32058,55.35769],[-160.32185,55.36056],[-160.31606,55.35884],[-160.32058,55.35769]]],[[[-162.82466,55.36719],[-162.70844,55.41161],[-162.75051,55.39028],[-162.82466,55.36719]]],[[[-163.13849,55.39565],[-163.17419,55.41569],[-163.11611,55.42302],[-163.13849,55.39565]]],[[[-160.13541,55.44762],[-160.15404,55.37752],[-160.23215,55.41215],[-160.32113,55.39368],[-160.34801,55.41879],[-160.26057,55.46367],[-160.20196,55.43913],[-160.13541,55.44762]]],[[[-160.06179,55.51263],[-160.04016,55.51855],[-160.0423,55.50577],[-160.06179,55.51263]]],[[[-161.66456,55.51231],[-161.65351,55.52328],[-161.64471,55.50975],[-161.66456,55.51231]]],[[[-160.3742,55.53531],[-160.40331,55.55018],[-160.36683,55.54702],[-160.3742,55.53531]]],[[[-163.08207,55.18157],[-162.95562,55.16243],[-162.87196,55.17953],[-162.83916,55.26521],[-162.79804,55.31096],[-162.73529,55.30779],[-162.64046,55.36827],[-162.57486,55.34787],[-162.49535,55.38937],[-162.50446,55.46278],[-162.59126,55.45274],[-162.384,55.58984],[-162.26921,55.68563],[-162.14663,55.73335],[-162.05063,55.7909],[-161.9345,55.81935],[-161.80977,55.89183],[-161.57727,55.93838],[-161.27499,55.98461],[-161.27998,55.95867],[-161.077,55.9435],[-160.96743,55.96998],[-160.94794,55.99352],[-160.86397,55.99398],[-160.89217,55.95321],[-161.01378,55.91514],[-161.0057,55.87476],[-160.95816,55.86649],[-160.95389,55.82539],[-160.83386,55.75109],[-160.70661,55.73603],[-160.68538,55.69595],[-160.65156,55.73932],[-160.76208,55.78612],[-160.79322,55.88596],[-160.65108,55.85756],[-160.49468,55.86419],[-160.45904,55.83808],[-160.47211,55.79521],[-160.39867,55.8075],[-160.38179,55.78251],[-160.25178,55.76781],[-160.31881,55.81752],[-160.2216,55.83447],[-160.41816,55.90981],[-160.47615,55.91887],[-160.52464,55.9773],[-160.58691,55.97969],[-160.49992,56.06351],[-160.38274,56.24843],[-160.35035,56.2835],[-160.22849,56.34208],[-160.14958,56.39631],[-160.06045,56.41722],[-159.81516,56.54768],[-159.54849,56.62124],[-159.38876,56.69048],[-159.27989,56.71567],[-159.03308,56.80793],[-158.94325,56.85816],[-158.91186,56.81365],[-158.77484,56.786],[-158.64934,56.80279],[-158.69355,56.88813],[-158.69688,56.93795],[-158.66242,57.0136],[-158.54025,57.12511],[-158.30709,57.28955],[-158.18385,57.33589],[-158.08378,57.35718],[-157.98977,57.41334],[-157.93001,57.47398],[-157.78799,57.54223],[-157.70041,57.56518],[-157.64327,57.48945],[-157.56992,57.52092],[-157.60181,57.61197],[-157.69825,57.61438],[-157.7054,57.7104],[-157.65822,57.79879],[-157.58784,58.10896],[-157.53011,58.1648],[-157.43266,58.16561],[-157.38833,58.20533],[-157.44193,58.20734],[-157.53617,58.27164],[-157.53462,58.38932],[-157.45192,58.50562],[-157.33592,58.54742],[-157.25999,58.61662],[-157.17121,58.66826],[-157.05178,58.71192],[-157.06259,58.7697],[-156.99319,58.82148],[-157.01625,58.86876],[-156.97988,58.90143],[-156.97132,58.9831],[-157.04596,58.94229],[-157.08292,58.87484],[-157.21126,58.84393],[-157.32939,58.83342],[-157.55495,58.75651],[-157.70647,58.72994],[-157.86357,58.67734],[-158.0776,58.62553],[-158.21386,58.61583],[-158.33097,58.66319],[-158.37922,58.75257],[-158.5633,58.80462],[-158.50947,58.86286],[-158.48166,58.99944],[-158.35433,59.03657],[-158.42486,59.06685],[-158.53383,59.02353],[-158.53388,58.99615],[-158.61569,58.91343],[-158.71185,58.87581],[-158.77724,58.87991],[-158.79575,58.80979],[-158.77508,58.7726],[-158.84923,58.72482],[-158.90478,58.747],[-158.75487,58.50858],[-158.70235,58.49523],[-158.78952,58.41708],[-158.90382,58.3939],[-159.06154,58.42636],[-159.34218,58.71784],[-159.50095,58.82197],[-159.65105,58.83975],[-159.58473,58.8948],[-159.61557,58.93117],[-159.74267,58.92549],[-159.746,58.85586],[-159.81207,58.84209],[-159.79425,58.80536],[-159.90643,58.77556],[-160.00661,58.87914],[-160.15968,58.86225],[-160.151,58.91923],[-160.24524,58.88762],[-160.25832,58.94278],[-160.32653,58.95222],[-160.2533,58.98506],[-160.33024,59.07431],[-160.51482,59.01223],[-160.75195,58.90561],[-160.82185,58.83105],[-160.85584,58.87429],[-160.96577,58.87484],[-160.99061,58.85401],[-161.18277,58.78079],[-161.258,58.77802],[-161.35949,58.72272],[-161.3621,58.66201],[-161.62997,58.59916],[-161.68701,58.5602],[-161.77008,58.55133],[-161.75605,58.57749],[-161.83259,58.62949],[-162.0755,58.62101],[-162.17508,58.64718],[-162.11745,58.66863],[-161.98553,58.68154],[-161.94549,58.64953],[-161.839,58.69272],[-161.7532,58.80634],[-161.78339,58.88344],[-161.78874,58.97201],[-161.8787,59.06811],[-161.98078,59.14822],[-162.05577,59.26479],[-161.95487,59.3789],[-161.81928,59.43092],[-161.79052,59.47743],[-161.70115,59.49837],[-161.86883,59.63868],[-161.88155,59.70235],[-161.96842,59.79915],[-162.06075,59.85942],[-162.10473,59.95077],[-162.17378,59.98901],[-162.22559,60.06068],[-162.32173,60.11256],[-162.37257,60.16911],[-162.45128,60.17437],[-162.49953,60.12859],[-162.47814,60.03007],[-162.54338,59.98171],[-162.63037,59.97398],[-162.71974,59.99169],[-162.76442,59.94977],[-163.086,59.86101],[-163.19415,59.8394],[-163.44431,59.80792],[-163.70479,59.79481],[-163.96316,59.80738],[-164.13679,59.8425],[-164.2214,59.94426],[-164.11813,59.96961],[-164.20476,60.02891],[-164.38566,60.07627],[-164.49263,60.16536],[-164.48736,60.18128],[-164.64209,60.24666],[-164.66895,60.30718],[-164.71292,60.29246],[-164.83461,60.30064],[-165.01703,60.36382],[-165.14063,60.44458],[-165.05352,60.45893],[-164.96569,60.50864],[-164.97128,60.53956],[-165.06124,60.54402],[-165.19601,60.49671],[-165.37795,60.51081],[-165.41835,60.55541],[-165.2944,60.57428],[-165.23106,60.61716],[-165.09975,60.65422],[-164.9689,60.72585],[-165.03415,60.78668],[-164.88714,60.81932],[-164.86444,60.84394],[-164.95773,60.90247],[-164.95571,60.94775],[-165.02582,60.91072],[-165.15615,60.92885],[-165.19535,60.97766],[-165.1165,61.01549],[-164.94858,61.02637],[-164.95238,61.06929],[-165.01299,61.05347],[-165.12137,61.0786],[-165.17319,61.14324],[-165.30014,61.1811],[-165.36927,61.08325],[-165.53957,61.08969],[-165.59823,61.10942],[-165.64205,61.22841],[-165.59745,61.2899],[-165.69418,61.29293],[-165.87881,61.32816],[-165.92005,61.4196],[-165.76632,61.45968],[-165.75331,61.48756],[-165.82705,61.53221],[-165.91752,61.55277],[-166.08342,61.52995],[-166.10105,61.49294],[-166.14934,61.51187],[-166.18754,61.59231],[-166.16217,61.63554],[-166.05398,61.6382],[-165.75788,61.68188],[-166.00312,61.71884],[-166.09608,61.81501],[-165.80414,61.82716],[-165.61503,61.85284],[-165.68254,61.89407],[-165.75509,61.9853],[-165.73292,62.08962],[-165.35525,62.35758],[-165.20123,62.47243],[-165.05934,62.5352],[-164.84393,62.53188],[-164.85838,62.47166],[-164.77987,62.5384],[-164.85232,62.56987],[-164.77032,62.59154],[-164.86979,62.71743],[-164.87003,62.78789],[-164.81869,62.80049],[-164.85898,62.81619],[-164.78791,62.9442],[-164.65517,63.02921],[-164.5343,63.03093],[-164.51897,63.05254],[-164.57939,63.0706],[-164.58529,63.12467],[-164.4111,63.21545],[-164.3217,63.24219],[-164.0507,63.2617],[-163.82436,63.21068],[-163.73285,63.21106],[-163.61888,63.13931],[-163.53011,63.13404],[-163.53807,63.10465],[-163.42089,63.08319],[-163.3244,63.03538],[-163.04227,63.06204],[-162.97215,63.10906],[-162.84924,63.15323],[-162.82112,63.2056],[-162.66781,63.22466],[-162.43835,63.3758],[-162.36227,63.44737],[-162.27254,63.48495],[-162.31378,63.54172],[-162.06809,63.50056],[-162.04473,63.45124],[-162.14967,63.42994],[-161.8099,63.4403],[-161.70578,63.46342],[-161.58107,63.44686],[-161.50726,63.46936],[-161.43095,63.45658],[-161.1398,63.50188],[-161.11379,63.55306],[-160.90926,63.65307],[-160.801,63.73634],[-160.76796,63.83534],[-160.8464,63.94877],[-160.89571,63.98971],[-160.9524,64.08882],[-160.94979,64.20102],[-161.00238,64.24997],[-161.26127,64.38741],[-161.40411,64.42176],[-161.53341,64.41427],[-161.47292,64.44935],[-161.46905,64.50658],[-161.37091,64.53301],[-161.21884,64.49667],[-161.01016,64.50306],[-161.08907,64.54105],[-160.96131,64.5434],[-160.79328,64.61765],[-160.78329,64.71819],[-160.90225,64.82234],[-160.98639,64.83341],[-161.18556,64.92518],[-161.1994,64.89284],[-161.2911,64.85382],[-161.36668,64.77908],[-161.51701,64.75365],[-161.6693,64.78849],[-161.86614,64.75104],[-161.87654,64.70949],[-162.16633,64.68212],[-162.23381,64.62029],[-162.54343,64.53149],[-162.59157,64.48357],[-162.63141,64.38543],[-162.79005,64.32482],[-162.80208,64.40249],[-162.85843,64.44983],[-162.83251,64.48029],[-162.93786,64.54279],[-163.03066,64.54235],[-163.03816,64.58556],[-163.14797,64.61991],[-163.13442,64.64842],[-163.23251,64.63579],[-163.3573,64.58432],[-163.15878,64.51242],[-163.02918,64.508],[-163.10209,64.45847],[-163.10857,64.40904],[-163.1762,64.39951],[-163.25303,64.4695],[-163.38408,64.51677],[-163.59755,64.5636],[-163.8751,64.57354],[-163.99453,64.55174],[-164.17153,64.56535],[-164.39507,64.5508],[-164.83585,64.44561],[-165.00839,64.43451],[-165.18103,64.4649],[-165.66779,64.52827],[-165.84779,64.54021],[-166.21589,64.58131],[-166.38944,64.63921],[-166.47845,64.73534],[-166.47525,64.79604],[-166.40489,64.85867],[-166.54084,64.9419],[-166.6893,64.98471],[-166.7396,65.05654],[-166.85865,65.09216],[-166.92006,65.14662],[-166.70936,65.10788],[-166.56996,65.12353],[-166.46407,65.17629],[-166.47648,65.22291],[-166.34719,65.27634],[-166.51862,65.33555],[-166.68892,65.32865],[-167.04627,65.38559],[-167.4034,65.40256],[-167.57796,65.44902],[-167.84666,65.54006],[-168.06969,65.57699],[-168.12018,65.64788],[-168.08755,65.68853],[-167.98427,65.72427],[-167.54932,65.81708],[-167.37382,65.86623],[-166.78197,66.06118],[-166.454,66.15741],[-165.61686,66.37345],[-165.15172,66.46911],[-164.76371,66.53307],[-164.40101,66.58143],[-163.88571,66.59286],[-163.77901,66.57265],[-163.92756,66.57402],[-163.75404,66.55021],[-163.72622,66.51256],[-163.76579,66.45277],[-163.85084,66.41609],[-163.88127,66.32296],[-163.82818,66.27777],[-163.92855,66.21788],[-164.0723,66.20627],[-163.9756,66.17232],[-163.9004,66.19301],[-163.84606,66.12297],[-163.77247,66.0801],[-163.63391,66.05643],[-163.4961,66.08336],[-163.1601,66.05767],[-162.75342,66.09268],[-162.63288,66.03799],[-162.45284,66.05735],[-162.37603,66.0271],[-162.14377,66.07549],[-162.03211,66.06925],[-161.8847,66.01818],[-161.89526,65.96379],[-161.798,65.96563],[-161.82803,66.00004],[-161.73684,66.05316],[-161.55238,66.24205],[-161.49137,66.26069],[-161.35073,66.25869],[-161.31778,66.22037],[-161.19093,66.20991],[-161.09451,66.23136],[-161.09079,66.18247],[-160.96188,66.21009],[-161.13346,66.33671],[-161.54261,66.39845],[-161.6922,66.39804],[-161.9129,66.35159],[-161.86945,66.44703],[-161.88563,66.51784],[-161.97948,66.57101],[-162.09731,66.60946],[-162.16712,66.68249],[-162.25304,66.71295],[-162.49793,66.73328],[-162.51473,66.77935],[-162.61309,66.84685],[-162.60105,66.89846],[-162.51025,66.907],[-162.46906,66.95043],[-162.40433,66.91881],[-162.3264,66.94212],[-162.23021,66.86624],[-162.09073,66.78664],[-162.01984,66.78071],[-162.07531,66.7045],[-162.07045,66.64813],[-161.93005,66.55519],[-161.79476,66.50327],[-161.58217,66.43999],[-161.32635,66.47837],[-161.17316,66.53097],[-161.14741,66.48925],[-161.08446,66.48974],[-160.97835,66.42905],[-160.77893,66.36287],[-160.53501,66.35853],[-160.48256,66.37523],[-160.22743,66.38718],[-160.20191,66.50156],[-160.34754,66.60775],[-160.41826,66.62226],[-160.51836,66.60622],[-160.52498,66.57949],[-160.68187,66.59626],[-160.83668,66.65855],[-161.1421,66.63625],[-161.2354,66.57542],[-161.22409,66.54184],[-161.31082,66.52117],[-161.45187,66.52399],[-161.54298,66.55174],[-161.5342,66.58494],[-161.68591,66.61861],[-161.81628,66.68504],[-161.77997,66.7162],[-161.88163,66.71805],[-161.85149,66.81078],[-161.79151,66.83307],[-161.79318,66.88177],[-161.70487,66.93954],[-161.48512,66.94008],[-161.53767,66.99088],[-161.6917,67.02474],[-161.72453,67.00448],[-161.82524,67.04953],[-162.12785,67.02218],[-162.25191,66.99517],[-162.43367,66.98554],[-162.44076,67.02671],[-162.62087,67.00732],[-162.72412,67.05424],[-162.97619,67.0263],[-163.46687,67.08339],[-163.66595,67.10012],[-163.74794,67.1293],[-163.75891,67.24845],[-163.86438,67.40597],[-164.01298,67.54194],[-164.18511,67.63249],[-164.5348,67.7244],[-164.87169,67.85705],[-165.33607,68.02414],[-165.66076,68.0867],[-165.87209,68.11005],[-165.98166,68.14343],[-166.04417,68.20073],[-166.23705,68.27311],[-166.40948,68.30892],[-166.68927,68.34248],[-166.83391,68.33981],[-166.74263,68.36408],[-166.37168,68.42599],[-166.30612,68.4641],[-166.30305,68.51508],[-166.23749,68.56007],[-166.1916,68.79092],[-166.2166,68.8815],[-165.66804,68.85332],[-165.28704,68.86056],[-164.2132,68.93476],[-163.91575,68.99891],[-163.68311,69.07555],[-163.5578,69.12872],[-163.22636,69.32035],[-163.1478,69.41883],[-163.14289,69.63759],[-163.02467,69.8004],[-162.69574,69.97669],[-162.47528,70.12403],[-162.33339,70.19386],[-161.87927,70.32927],[-161.4453,70.29481],[-161.2882,70.29677],[-161.05491,70.32796],[-160.77314,70.38469],[-160.53997,70.44708],[-160.2077,70.5645],[-160.10289,70.61864],[-159.64892,70.79505],[-159.17181,70.8751],[-158.83641,70.90814],[-159.17451,70.8577],[-159.11497,70.8174],[-159.34481,70.80475],[-159.12181,70.7589],[-158.94961,70.79677],[-158.66772,70.78555],[-158.39937,70.79908],[-158.33179,70.81946],[-158.03031,70.83123],[-157.76845,70.87584],[-157.50246,70.94866],[-157.28602,71.03194],[-156.80965,71.28689],[-156.56865,71.35256],[-156.53318,71.29585],[-156.40733,71.26759],[-156.07933,71.23894],[-155.95478,71.18647],[-155.74432,71.19275],[-155.56748,71.16247],[-155.51496,71.0962],[-155.54419,71.06079],[-155.69048,71.02214],[-155.73077,70.98295],[-156.02542,70.95884],[-155.92377,70.85736],[-155.93458,70.83634],[-155.60801,70.82409],[-155.48941,70.85627],[-155.51187,70.94295],[-155.25565,71.01564],[-155.15606,71.00404],[-155.26528,71.06387],[-155.07218,71.15293],[-154.75815,71.07008],[-154.57721,70.99872],[-154.61667,70.94393],[-154.56343,70.82165],[-154.34625,70.83042],[-154.22521,70.80352],[-154.18186,70.76833],[-154.00007,70.81819],[-153.94362,70.87644],[-153.7549,70.88874],[-153.46933,70.88501],[-153.25316,70.91856],[-153.03924,70.91013],[-152.92516,70.89018],[-152.86812,70.851],[-152.78101,70.88139],[-152.58195,70.88127],[-152.22804,70.82647],[-152.19536,70.80014],[-152.30493,70.7795],[-152.38182,70.71476],[-152.47939,70.69049],[-152.46442,70.63575],[-152.34879,70.59663],[-152.12727,70.59047],[-152.41861,70.56782],[-152.51492,70.58158],[-152.5198,70.5391],[-152.34544,70.55127],[-152.05347,70.5452],[-151.98342,70.56474],[-151.82203,70.54734],[-151.72292,70.55628],[-151.77877,70.48641],[-151.95228,70.45841],[-151.87612,70.43076],[-151.57208,70.43932],[-151.2976,70.40075],[-151.24624,70.37246],[-151.14641,70.37765],[-150.95067,70.45956],[-150.69838,70.44777],[-150.66154,70.47757],[-150.51894,70.48313],[-150.41436,70.45969],[-150.36088,70.40915],[-150.1095,70.42934],[-149.86394,70.51098],[-149.77856,70.48671],[-149.66117,70.5092],[-149.58135,70.49589],[-149.46197,70.51645],[-149.38734,70.48723],[-149.16153,70.48773],[-148.94404,70.42024],[-148.58606,70.39706],[-148.47375,70.3585],[-148.48668,70.30905],[-148.35444,70.3027],[-148.23005,70.33739],[-148.18361,70.29273],[-148.10765,70.34146],[-148.0161,70.30775],[-147.89619,70.29797],[-147.90644,70.26912],[-147.78132,70.28546],[-147.84749,70.23634],[-147.68172,70.19995],[-147.53545,70.20429],[-147.30419,70.1773],[-147.2626,70.20236],[-147.17311,70.15283],[-146.97192,70.15041],[-146.84915,70.18117],[-146.66174,70.1744],[-146.51747,70.18923],[-146.25266,70.1737],[-145.87043,70.12988],[-145.85446,70.16231],[-145.62331,70.08438],[-145.43864,70.03512],[-145.1832,69.99146],[-144.98384,69.97277],[-144.83307,69.98215],[-144.63784,69.96643],[-144.45542,70.03524],[-143.95059,70.09999],[-143.90721,70.12016],[-143.5495,70.14435],[-143.44706,70.12497],[-143.27546,70.15351],[-142.99797,70.08461],[-142.62897,70.01239],[-142.40424,69.92968],[-141.95872,69.82338],[-141.74695,69.79351],[-141.45293,69.70198],[-141.36642,69.63228],[-141.24972,69.63021],[-141.19965,69.68293],[-141.00061,69.64629],[-141.00269,68.49836],[-141.00268,67.5433],[-141.0026,66.51427],[-141.00246,65.83398],[-141.00131,64.98498],[-141.00134,64.03801],[-141.00141,63.2687],[-141.00145,62.81122],[-141.00243,61.73716],[-141.00189,60.8131],[-141.00198,60.30637],[-140.76941,60.26031],[-140.52042,60.21982],[-140.45821,60.30809],[-139.98109,60.18197],[-139.69298,60.33522],[-139.07482,60.35251],[-139.07213,60.31943],[-139.19885,60.0883],[-139.05367,59.99484],[-138.70738,59.90633],[-138.66865,59.80966],[-138.6262,59.76858],[-137.60736,59.2438],[-137.54179,59.10543],[-137.5,58.9854],[-137.52642,58.90683],[-137.44738,58.90951],[-137.26475,59.00235],[-136.8639,59.13847],[-136.82663,59.15839],[-136.58152,59.16491],[-136.46925,59.28408],[-136.47716,59.46582],[-136.37244,59.44961],[-136.30502,59.46452],[-136.2385,59.52433],[-136.23983,59.55941],[-136.35394,59.59983],[-136.1929,59.64003],[-135.95264,59.66217],[-135.47916,59.79804],[-135.36011,59.73762],[-135.23367,59.69614],[-135.21984,59.66278],[-135.11783,59.62307],[-135.0289,59.56366],[-135.02756,59.47474],[-135.10102,59.42753],[-134.98974,59.38713],[-135.03053,59.34635],[-134.9599,59.28093],[-134.70072,59.24901],[-134.67912,59.19228],[-134.56557,59.13112],[-134.48339,59.1316],[-134.38188,59.03876],[-134.40715,58.97921],[-134.31373,58.96222],[-134.33646,58.92341],[-134.25807,58.86104],[-133.84051,58.72944],[-133.70712,58.61227],[-133.55781,58.52313],[-133.3773,58.43055],[-133.4615,58.38772],[-133.34543,58.27633],[-133.17644,58.15015],[-133.07642,57.99976],[-132.86932,57.84294],[-132.75681,57.70509],[-132.65812,57.61949],[-132.55368,57.49651],[-132.36298,57.34201],[-132.24792,57.21125],[-132.36898,57.09151],[-132.04519,57.04506],[-132.12357,56.87365],[-131.87288,56.806],[-131.90107,56.75367],[-131.86067,56.70298],[-131.83533,56.5992],[-131.58107,56.61223],[-131.47203,56.55267],[-131.17347,56.44952],[-131.08735,56.40601],[-130.78198,56.36684],[-130.62331,56.26688],[-130.46787,56.24305],[-130.42601,56.14156],[-130.24623,56.09642],[-130.1038,56.1228],[-130.00349,56.00808],[-130.00385,55.90729],[-130.15241,55.76629],[-130.11166,55.6829],[-130.1279,55.58104],[-130.08985,55.49798],[-130.04122,55.45173],[-130.02111,55.33792],[-129.97417,55.28192],[-130.10284,55.1926],[-130.18756,55.06284],[-130.34454,54.91881],[-130.5682,54.79215],[-130.65904,54.76306],[-130.62807,54.73934],[-130.68506,54.71803],[-130.73836,54.7486],[-130.73783,54.80744],[-130.78744,54.8229],[-130.79129,54.78708],[-130.85548,54.76057],[-130.93463,54.80073],[-130.95224,54.95648],[-131.0146,54.99958],[-130.98953,55.06796],[-130.87081,55.09864],[-130.85108,55.11937],[-130.79416,55.07313],[-130.72,55.09388],[-130.79546,55.10292],[-130.81614,55.14485],[-130.89826,55.10408],[-130.99416,55.0851],[-131.07272,55.12358],[-131.09381,55.19133],[-130.98751,55.24876],[-130.92507,55.30071],[-130.85512,55.29378],[-130.91573,55.42874],[-130.872,55.50299],[-130.9042,55.68637],[-130.89458,55.70412],[-130.96766,55.78433],[-131.09233,55.8949],[-131.17955,55.94717],[-131.21326,55.98905],[-131.09328,56.04328],[-131.12938,56.05448],[-131.22872,56.00511],[-131.3098,55.99073],[-131.35579,55.95602],[-131.25366,55.97098],[-131.07391,55.83088],[-131.0417,55.76735],[-130.95994,55.6932],[-130.93985,55.61919],[-130.94758,55.55364],[-130.9799,55.57427],[-130.99438,55.4724],[-130.97277,55.38759],[-131.036,55.3994],[-131.02233,55.34457],[-131.05311,55.32841],[-131.06357,55.26014],[-131.18478,55.19134],[-131.23315,55.19568],[-131.32739,55.24524],[-131.24019,55.28716],[-131.19874,55.3915],[-131.28913,55.3859],[-131.25323,55.33186],[-131.29911,55.27666],[-131.35532,55.25919],[-131.47499,55.28336],[-131.39834,55.3543],[-131.52241,55.32605],[-131.55028,55.2941],[-131.64013,55.34068],[-131.69874,55.35487],[-131.61653,55.29378],[-131.6927,55.3044],[-131.68936,55.22393],[-131.76311,55.12769],[-131.83194,55.19697],[-131.87819,55.38216],[-131.83436,55.38219],[-131.85072,55.4254],[-131.73214,55.36399],[-131.73505,55.40072],[-131.83025,55.44901],[-131.71745,55.51591],[-131.6422,55.60375],[-131.72325,55.63455],[-131.69734,55.69073],[-131.73323,55.72762],[-131.67951,55.76895],[-131.49008,55.78626],[-131.53584,55.80484],[-131.6143,55.78432],[-131.70328,55.78987],[-131.71136,55.83621],[-131.53738,55.83468],[-131.61677,55.93965],[-131.7583,55.87824],[-131.90507,55.8697],[-131.89081,55.84449],[-131.769,55.82407],[-131.82521,55.71805],[-131.87275,55.73076],[-131.81955,55.66876],[-131.91945,55.6069],[-132.0276,55.67954],[-131.93645,55.5914],[-131.93669,55.53515],[-131.96901,55.49686],[-132.12005,55.54974],[-132.18565,55.58777],[-132.22843,55.6997],[-132.28726,55.76173],[-132.20978,55.73505],[-132.18601,55.8033],[-132.07454,55.80998],[-132.09652,55.85056],[-132.04102,55.89137],[-132.07085,55.92394],[-132.04245,55.95988],[-131.95855,55.97285],[-131.98172,56.06212],[-131.97317,56.1731],[-131.77078,56.20507],[-131.64731,56.18398],[-131.75712,56.22384],[-131.80632,56.2165],[-131.92991,56.23553],[-131.94049,56.19304],[-132.01642,56.18265],[-132.02694,56.13312],[-132.07382,56.11599],[-132.12397,56.16605],[-132.18221,56.15837],[-132.09914,56.10334],[-132.18042,56.05816],[-132.13128,55.9474],[-132.18358,55.93002],[-132.20288,55.95918],[-132.27633,55.93616],[-132.34074,55.8908],[-132.30853,55.8624],[-132.36985,55.84999],[-132.39992,55.88207],[-132.36391,55.9281],[-132.43355,55.9478],[-132.4572,55.99901],[-132.40182,56.01582],[-132.48596,56.02552],[-132.46136,56.0601],[-132.58567,56.07794],[-132.64212,56.03249],[-132.70515,56.10773],[-132.71639,56.21485],[-132.69334,56.23929],[-132.60136,56.23916],[-132.52936,56.33856],[-132.43482,56.35273],[-132.37829,56.30877],[-132.39757,56.23808],[-132.31852,56.19208],[-132.24008,56.19247],[-132.32913,56.23603],[-132.36542,56.28302],[-132.33563,56.39664],[-132.39367,56.48369],[-132.25339,56.44954],[-132.23794,56.39757],[-132.17044,56.36835],[-132.21061,56.45684],[-132.35916,56.52743],[-132.36653,56.59489],[-132.31947,56.63765],[-132.48038,56.60313],[-132.5657,56.62863],[-132.53409,56.69721],[-132.56665,56.73855],[-132.52839,56.74859],[-132.64366,56.78142],[-132.78912,56.84335],[-132.81574,56.89115],[-132.88491,56.92126],[-132.95312,56.99358],[-132.85211,57.00458],[-132.81099,56.97065],[-132.79055,57.00704],[-132.87041,57.0779],[-132.87231,57.03085],[-133.00541,57.05024],[-133.07909,57.08293],[-133.18676,57.08978],[-133.19888,57.13791],[-133.29538,57.10714],[-133.46437,57.1501],[-133.53829,57.18206],[-133.49812,57.2257],[-133.53403,57.26068],[-133.47589,57.30798],[-133.42595,57.286],[-133.27114,57.2887],[-133.18961,57.31129],[-133.45249,57.35453],[-133.476,57.38039],[-133.42064,57.40373],[-133.52403,57.47587],[-133.51675,57.54391],[-133.4772,57.58471],[-133.56182,57.56203],[-133.6635,57.61484],[-133.64568,57.71643],[-133.57251,57.72295],[-133.52949,57.68777],[-133.3849,57.6573],[-133.1744,57.5814],[-133.05627,57.50832],[-133.18914,57.61401],[-133.28136,57.66146],[-133.32842,57.66311],[-133.42373,57.72244],[-133.52545,57.76176],[-133.58487,57.76151],[-133.57537,57.917],[-133.60032,57.86432],[-133.64429,57.88643],[-133.6374,57.78812],[-133.71108,57.79535],[-133.84917,57.93378],[-133.8329,57.96754],[-133.76052,57.99569],[-133.72582,57.94905],[-133.70157,57.98422],[-133.76931,58.05685],[-133.78547,58.00992],[-133.88768,57.97351],[-134.05263,58.06176],[-134.08186,58.12106],[-134.08115,58.27974],[-133.96682,58.31783],[-134.0405,58.402],[-134.05786,58.33318],[-134.14176,58.30522],[-134.10135,58.24486],[-134.14746,58.20067],[-134.32503,58.19495],[-134.48235,58.22984],[-134.58956,58.2302],[-134.68985,58.3011],[-134.60357,58.3257],[-134.64588,58.38518],[-134.73649,58.37621],[-134.79633,58.49142],[-134.94534,58.61687],[-134.9905,58.67634],[-134.94529,58.70192],[-134.93573,58.78132],[-134.98802,58.81284],[-135.03401,58.78981],[-135.02627,58.73288],[-135.15409,58.85599],[-135.17697,58.99881],[-135.20621,59.07682],[-135.27418,59.16648],[-135.32458,59.19801],[-135.37315,59.26824],[-135.3577,59.37284],[-135.32148,59.44746],[-135.36141,59.44721],[-135.39278,59.29682],[-135.54442,59.31005],[-135.44453,59.27769],[-135.44105,59.22937],[-135.37103,59.21006],[-135.29674,59.09428],[-135.36927,59.11289],[-135.38494,59.17354],[-135.44991,59.21898],[-135.5632,59.26003],[-135.47027,59.1744],[-135.4408,59.11369],[-135.38214,59.1017],[-135.4011,58.97334],[-135.24138,58.78218],[-135.23045,58.71844],[-135.14156,58.62093],[-135.20359,58.62575],[-135.12017,58.49148],[-135.05409,58.34822],[-135.04767,58.30329],[-135.1077,58.26503],[-135.06265,58.19898],[-135.09711,58.1936],[-135.22617,58.23629],[-135.31435,58.2458],[-135.3973,58.32489],[-135.47264,58.48192],[-135.51329,58.49509],[-135.45815,58.40803],[-135.47526,58.37577],[-135.61882,58.42559],[-135.73289,58.40142],[-135.92152,58.38206],[-135.90023,58.46663],[-135.99653,58.46918],[-135.93089,58.51694],[-135.97557,58.57102],[-135.84723,58.59592],[-135.92115,58.62711],[-136.00124,58.74175],[-136.08633,58.81063],[-136.0155,58.84372],[-136.06827,58.88686],[-136.05995,58.92822],[-136.15597,58.97934],[-136.1082,58.91454],[-136.10511,58.86382],[-136.15383,58.74996],[-136.2539,58.75402],[-136.39817,58.81893],[-136.48896,58.83825],[-136.57052,58.95811],[-136.59417,58.90922],[-136.71119,59.00193],[-136.62991,58.91969],[-136.62896,58.8895],[-136.87591,58.9631],[-137.03308,59.06547],[-137.04755,59.02232],[-136.94763,58.97174],[-136.93271,58.91804],[-137.02116,58.92442],[-137.13585,58.83963],[-137.10075,58.8337],[-137.01581,58.90296],[-136.74568,58.87672],[-136.66318,58.84194],[-136.61375,58.84647],[-136.50713,58.7992],[-136.58543,58.7627],[-136.51413,58.72722],[-136.39174,58.71745],[-136.35074,58.6878],[-136.50544,58.60409],[-136.469,58.58728],[-136.32093,58.67144],[-136.20829,58.61515],[-136.20897,58.57882],[-136.15561,58.5637],[-136.07238,58.46717],[-136.03803,58.38204],[-136.09963,58.3465],[-136.20735,58.34258],[-136.28174,58.3149],[-136.27639,58.36671],[-136.39094,58.36893],[-136.35841,58.33022],[-136.3904,58.29742],[-136.63775,58.33802],[-136.56455,58.26227],[-136.61982,58.2099],[-136.68517,58.21085],[-136.73079,58.2878],[-136.79129,58.2917],[-136.80032,58.33141],[-136.85178,58.31968],[-136.84421,58.36819],[-136.91251,58.3484],[-136.891,58.3844],[-137.01459,58.40987],[-137.09326,58.38141],[-137.16136,58.42431],[-137.38846,58.50518],[-137.45953,58.54328],[-137.67748,58.62083],[-137.68425,58.66208],[-137.93001,58.78431],[-137.94321,58.88062],[-138.0731,58.9594],[-138.23864,59.03768],[-138.33835,59.06714],[-138.61025,59.12299],[-138.88659,59.23694],[-139.32127,59.34675],[-139.59912,59.44024],[-139.83977,59.52822],[-139.83739,59.55906],[-139.74886,59.54382],[-139.67363,59.61152],[-139.66603,59.56634],[-139.58676,59.64655],[-139.48385,59.70853],[-139.5466,59.74059],[-139.6261,59.84587],[-139.62717,59.90242],[-139.54861,59.9278],[-139.4887,59.99503],[-139.53114,60.04119],[-139.611,59.99214],[-139.61243,59.94887],[-139.71891,59.9194],[-139.77596,59.87043],[-139.78023,59.8265],[-140.17954,59.73594],[-140.31477,59.69273],[-140.6789,59.71383],[-140.89067,59.74199],[-140.98194,59.76964],[-141.44732,59.88528],[-141.38196,59.92878],[-141.28997,59.93152],[-141.25931,59.99838],[-141.32531,60.05447],[-141.18468,60.12518],[-141.35272,60.08597],[-141.38719,60.1608],[-141.43116,60.13275],[-141.55784,60.16245],[-141.37037,60.03338],[-141.40097,60.00729],[-141.59538,59.96191],[-141.73624,59.96191],[-141.88108,59.99945],[-142.29726,60.05644],[-142.4325,60.06297],[-142.53753,60.08395],[-142.69842,60.09333],[-142.90886,60.09033],[-143.1289,60.06558],[-143.6228,60.03912],[-143.89703,59.98594],[-143.98693,60.01311],[-144.25527,60.0238],[-144.21683,60.04019],[-144.04159,60.04351],[-144.1103,60.09894],[-144.299,60.14459],[-144.23388,60.18101],[-144.47702,60.16529],[-144.74299,60.21326],[-144.90889,60.22129],[-144.86563,60.24678],[-144.73562,60.26069],[-144.78173,60.28049],[-144.95785,60.28815],[-144.96617,60.30923],[-144.80716,60.46192],[-144.88734,60.45605],[-144.92065,60.4256],[-145.01596,60.41282],[-145.08227,60.37771],[-145.12506,60.29666],[-145.21941,60.30149],[-145.50546,60.39427],[-145.49441,60.41751],[-145.59542,60.44701],[-145.74873,60.46412],[-145.87755,60.44519],[-145.96347,60.46693],[-145.79567,60.52271],[-145.62763,60.66595],[-145.85087,60.61179],[-145.89977,60.62966],[-146.00506,60.61555],[-145.97856,60.66883],[-145.91154,60.69665],[-145.9296,60.70119],[-146.14862,60.63208],[-146.25838,60.62629],[-146.27055,60.64991],[-146.05735,60.73693],[-146.04404,60.78726],[-146.17009,60.724],[-146.29777,60.71369],[-146.32985,60.73792],[-146.40137,60.69349],[-146.62279,60.68141],[-146.69873,60.7335],[-146.585,60.73757],[-146.55185,60.7702],[-146.33437,60.78778],[-146.17203,60.84793],[-146.24132,60.88102],[-146.28957,60.83779],[-146.40484,60.81248],[-146.56563,60.8181],[-146.57573,60.85464],[-146.63991,60.81879],[-146.614,60.86587],[-146.67711,60.86031],[-146.73736,60.90906],[-146.7534,60.96206],[-146.7023,60.93089],[-146.59106,60.92731],[-146.72012,60.96667],[-146.66712,61.03506],[-146.56706,61.01859],[-146.66237,61.06342],[-146.6222,61.08307],[-146.49635,61.07813],[-146.23397,61.08697],[-146.29023,61.12795],[-146.41518,61.13435],[-146.64716,61.10777],[-146.69612,61.056],[-146.77408,61.04507],[-146.88329,60.9609],[-146.97159,60.93049],[-147.0447,60.94188],[-146.97474,60.96788],[-146.98989,61.03488],[-147.06203,61.11863],[-146.99999,61.14846],[-147.08104,61.15534],[-147.08603,61.01761],[-147.17017,60.93222],[-147.2271,60.96384],[-147.28212,60.97307],[-147.25193,60.92787],[-147.36459,60.88403],[-147.45325,60.8949],[-147.45111,61.00552],[-147.51778,60.89317],[-147.54749,60.9699],[-147.52384,61.03759],[-147.4807,61.06968],[-147.5438,61.13567],[-147.62521,60.96442],[-147.60037,60.85013],[-147.66502,60.83849],[-147.73808,60.89359],[-147.71648,60.93343],[-147.81333,60.86818],[-147.72943,60.82604],[-147.77191,60.81156],[-147.91438,60.82475],[-148.03389,60.78213],[-148.14435,60.79709],[-148.10401,60.91181],[-147.94666,61.01563],[-147.90911,61.06903],[-147.94904,61.07167],[-147.7635,61.18548],[-147.62817,61.23314],[-147.75868,61.20457],[-147.699,61.26583],[-147.73061,61.27383],[-148.00157,61.08673],[-148.00109,61.05408],[-148.09009,61.00511],[-148.17864,61.1151],[-148.33551,61.05707],[-148.44127,60.98371],[-148.37924,60.98314],[-148.31293,61.03613],[-148.17103,61.07052],[-148.16319,61.04487],[-148.26539,60.91435],[-148.30627,60.83499],[-148.37995,60.85931],[-148.33695,60.81562],[-148.42701,60.82897],[-148.60527,60.82538],[-148.71841,60.78607],[-148.66588,60.77784],[-148.572,60.80637],[-148.49059,60.80729],[-148.67372,60.71628],[-148.68371,60.64645],[-148.57105,60.73853],[-148.50557,60.76854],[-148.44959,60.75247],[-148.36213,60.76635],[-148.39813,60.72029],[-148.38138,60.68237],[-148.44936,60.65175],[-148.43177,60.61603],[-148.26952,60.75739],[-148.14619,60.75729],[-148.10341,60.73708],[-148.08974,60.66118],[-148.1687,60.63089],[-148.23524,60.6975],[-148.18933,60.61049],[-148.2661,60.58528],[-148.32386,60.52505],[-148.47895,60.5725],[-148.52589,60.56386],[-148.71591,60.45955],[-148.68858,60.44021],[-148.56246,60.50824],[-148.45684,60.54469],[-148.26503,60.48497],[-148.24269,60.44537],[-148.23057,60.52026],[-148.18733,60.55966],[-148.17317,60.49814],[-148.14726,60.58242],[-148.08241,60.59565],[-148.01286,60.51704],[-147.96282,60.50013],[-148.00644,60.46928],[-147.9362,60.43746],[-148.17115,60.33439],[-148.34014,60.24557],[-148.34513,60.28648],[-148.41477,60.26751],[-148.33943,60.23543],[-148.40538,60.18666],[-148.27575,60.24927],[-148.20833,60.25934],[-148.28845,60.2032],[-148.18767,60.21371],[-148.2049,60.14587],[-148.1494,60.2362],[-148.08677,60.21418],[-148.13811,60.1616],[-148.09046,60.13788],[-148.08238,60.19168],[-148.0428,60.19688],[-148.09102,60.09992],[-148.15044,60.03534],[-148.26571,60.01118],[-148.31612,60.0281],[-148.26025,60.06507],[-148.18312,60.06886],[-148.29471,60.09411],[-148.28556,60.16721],[-148.34843,60.16514],[-148.36645,60.08866],[-148.44457,59.94262],[-148.54142,60.03059],[-148.54617,59.96909],[-148.61677,59.92088],[-148.74594,59.9569],[-148.87477,59.92601],[-148.91838,59.97118],[-148.99242,59.95392],[-149.12481,59.96475],[-149.03897,60.04485],[-149.16818,60.02727],[-149.30164,59.89127],[-149.29808,59.97938],[-149.32351,59.97272],[-149.37009,60.12153],[-149.43807,60.11443],[-149.44496,60.03386],[-149.39041,59.99579],[-149.46421,59.91856],[-149.53445,59.92267],[-149.62477,59.81571],[-149.58353,59.7656],[-149.53635,59.7604],[-149.5758,59.71764],[-149.58341,59.76255],[-149.63819,59.76267],[-149.66969,59.81254],[-149.65626,59.91338],[-149.68823,59.95083],[-149.74289,59.94369],[-149.71691,59.88352],[-149.7562,59.82033],[-149.80112,59.85136],[-149.87219,59.85351],[-149.76381,59.79623],[-149.78793,59.78235],[-149.72317,59.69797],[-149.84131,59.71575],[-149.91723,59.77081],[-150.01302,59.80095],[-150.03987,59.77673],[-149.9303,59.72998],[-149.93372,59.66899],[-150.08693,59.65045],[-150.12627,59.59095],[-150.20637,59.52038],[-150.2684,59.52906],[-150.3428,59.41666],[-150.42646,59.39059],[-150.40388,59.46071],[-150.28492,59.64066],[-150.22538,59.70499],[-150.22348,59.74489],[-150.38237,59.56724],[-150.40958,59.5593],[-150.47874,59.4585],[-150.49978,59.49789],[-150.57085,59.53044],[-150.49348,59.57699],[-150.55968,59.59552],[-150.61589,59.53822],[-150.66378,59.54032],[-150.58012,59.49222],[-150.58118,59.44523],[-150.66046,59.41618],[-150.70407,59.43286],[-150.7705,59.37515],[-150.84383,59.35747],[-150.8771,59.31696],[-150.95115,59.3035],[-150.8894,59.26723],[-150.98964,59.23317],[-151.04441,59.29361],[-151.08531,59.27017],[-151.2127,59.30595],[-151.30564,59.30631],[-151.10206,59.25486],[-151.09683,59.22429],[-151.24134,59.20282],[-151.3016,59.24156],[-151.3035,59.20957],[-151.41449,59.25851],[-151.49554,59.22912],[-151.46004,59.20724],[-151.57362,59.20464],[-151.57505,59.17305],[-151.72478,59.15557],[-151.76626,59.22307],[-151.82459,59.20314],[-151.91814,59.22879],[-151.88546,59.24994],[-151.97707,59.25562],[-151.99142,59.31269],[-151.96313,59.34496],[-151.87559,59.36071],[-151.79514,59.34024],[-151.89936,59.39606],[-151.8725,59.42358],[-151.65158,59.48491],[-151.57003,59.46895],[-151.52371,59.48516],[-151.42982,59.46415],[-151.47261,59.50313],[-151.44028,59.54219],[-151.38585,59.54316],[-151.2748,59.59699],[-151.18953,59.60514],[-151.20474,59.64108],[-151.12136,59.67474],[-151.05096,59.74782],[-150.92731,59.79343],[-151.08971,59.78648],[-151.34022,59.68394],[-151.42484,59.67052],[-151.49138,59.63339],[-151.64207,59.64901],[-151.80426,59.70836],[-151.87191,59.77248],[-151.79962,59.88191],[-151.76091,59.91135],[-151.71801,60.00947],[-151.61688,60.09518],[-151.51789,60.14501],[-151.39512,60.24946],[-151.37937,60.36224],[-151.29625,60.39233],[-151.26392,60.54684],[-151.33665,60.58761],[-151.40927,60.72056],[-151.27051,60.75129],[-151.26107,60.77243],[-151.10967,60.78346],[-151.01202,60.80934],[-150.71322,60.93461],[-150.67844,60.95827],[-150.37717,61.03914],[-150.19413,60.90134],[-150.02252,60.88411],[-149.94872,60.8986],[-149.85369,60.9674],[-149.76714,60.96819],[-149.64592,60.92384],[-149.56583,60.93541],[-149.35155,60.8944],[-149.16973,60.88706],[-149.0049,60.83168],[-149.09522,60.91301],[-149.1973,60.94448],[-149.3632,60.92607],[-149.49523,60.98307],[-149.61145,60.98544],[-149.74206,61.01879],[-149.85163,61.08718],[-149.96916,61.13254],[-150.06565,61.15108],[-150.01955,61.20372],[-149.92804,61.20687],[-149.81182,61.3152],[-149.71699,61.33693],[-149.72037,61.37183],[-149.51644,61.41922],[-149.38193,61.4669],[-149.28273,61.47467],[-149.4011,61.51746],[-149.64305,61.48784],[-149.75739,61.44681],[-149.81812,61.39627],[-149.88217,61.38284],[-149.91723,61.26748],[-149.98587,61.23751],[-150.20489,61.25955],[-150.46881,61.24463],[-150.55172,61.29472],[-150.66081,61.29261],[-150.69112,61.2608],[-150.88328,61.20967],[-150.94211,61.20927],[-151.07081,61.14476],[-151.16469,61.04682],[-151.30873,61.03163],[-151.34129,61.01159],[-151.4877,61.01234],[-151.62211,60.95822],[-151.77018,60.87688],[-151.79858,60.83741],[-151.70601,60.73243],[-151.71638,60.71041],[-151.84713,60.74964],[-151.97501,60.71439],[-152.08102,60.64408],[-152.10047,60.60051],[-152.26586,60.53685],[-152.33136,60.47353],[-152.30805,60.41715],[-152.24079,60.39262],[-152.37199,60.35144],[-152.39385,60.30331],[-152.51852,60.26048],[-152.55583,60.2232],[-152.66005,60.242],[-152.77238,60.22577],[-152.88502,60.24232],[-152.85436,60.21884],[-152.68561,60.16123],[-152.68749,60.14031],[-152.57301,60.07846],[-152.60004,60.01694],[-152.68252,59.96356],[-152.70854,59.91272],[-152.80837,59.87767],[-153.03583,59.8831],[-153.1959,59.85262],[-153.23524,59.82754],[-153.14718,59.80872],[-153.02145,59.83447],[-152.99138,59.81051],[-153.04898,59.69565],[-153.24914,59.63303],[-153.28135,59.67026],[-153.34172,59.62198],[-153.42241,59.65081],[-153.38902,59.66444],[-153.38165,59.73231],[-153.43513,59.77493],[-153.46722,59.65207],[-153.56122,59.62336],[-153.61172,59.67446],[-153.61529,59.62919],[-153.56122,59.60623],[-153.58427,59.55418],[-153.72046,59.55147],[-153.77477,59.52484],[-153.70347,59.46433],[-153.72755,59.43535],[-153.90276,59.41757],[-154.01625,59.37479],[-154.05512,59.38768],[-154.09635,59.34408],[-153.95006,59.35753],[-154.11097,59.30273],[-154.16837,59.17856],[-154.26511,59.1414],[-154.2537,59.11536],[-154.17443,59.12097],[-154.20081,59.06732],[-154.14175,59.0219],[-154.03563,59.0748],[-153.85368,59.05434],[-153.78761,59.07871],[-153.70406,59.0759],[-153.60911,59.00627],[-153.52152,58.98344],[-153.48635,58.99948],[-153.32984,58.92552],[-153.30718,58.85333],[-153.35319,58.84289],[-153.39567,58.74978],[-153.44567,58.7096],[-153.55623,58.68578],[-153.59268,58.63379],[-153.76921,58.60443],[-153.89254,58.60768],[-153.93312,58.49492],[-154.06447,58.48658],[-154.052,58.40422],[-153.98782,58.39081],[-154.04613,58.35682],[-154.15501,58.35866],[-154.35435,58.28149],[-154.28993,58.25947],[-154.24046,58.29863],[-154.15005,58.31344],[-154.10571,58.27708],[-154.23089,58.25955],[-154.1507,58.23077],[-154.16442,58.19811],[-154.29951,58.19472],[-154.21837,58.13256],[-154.33121,58.15977],[-154.31319,58.08701],[-154.43556,58.14725],[-154.47213,58.19166],[-154.44833,58.09575],[-154.56436,58.10722],[-154.53812,58.06833],[-154.56843,58.02376],[-154.64112,58.03163],[-154.65134,58.06234],[-154.7224,58.0507],[-154.76972,58.00225],[-154.91488,58.02135],[-155.0267,57.9908],[-155.04529,57.95251],[-155.11671,57.94595],[-155.06354,57.90403],[-155.08405,57.87373],[-155.20123,57.85248],[-155.23655,57.82744],[-155.33165,57.8295],[-155.33691,57.78496],[-155.2863,57.75669],[-155.30139,57.72478],[-155.37715,57.71171],[-155.41417,57.74337],[-155.579,57.78978],[-155.63514,57.71653],[-155.59554,57.65968],[-155.73753,57.63227],[-155.73527,57.54322],[-155.79719,57.54475],[-155.81668,57.57617],[-155.90783,57.53461],[-156.04403,57.56446],[-156.02334,57.43387],[-156.08823,57.43559],[-156.18081,57.48175],[-156.2201,57.44529],[-156.32389,57.42414],[-156.54796,57.28835],[-156.35324,57.32432],[-156.31509,57.2937],[-156.33755,57.24995],[-156.40315,57.22139],[-156.31783,57.18727],[-156.41017,57.12185],[-156.46566,57.12488],[-156.44083,57.08254],[-156.51486,57.04817],[-156.61291,57.0428],[-156.55337,57.00807],[-156.558,56.97703],[-156.67619,57.00555],[-156.72028,57.03854],[-156.78219,57.02606],[-156.74714,56.99836],[-156.82722,56.89696],[-156.88906,56.96528],[-156.93346,56.91888],[-157.02712,56.89134],[-157.08726,56.8187],[-157.13705,56.83365],[-157.14076,56.79005],[-157.20075,56.76435],[-157.38317,56.86206],[-157.47123,56.83353],[-157.40171,56.77295],[-157.52116,56.75862],[-157.56178,56.70601],[-157.54396,56.6754],[-157.48026,56.67214],[-157.45007,56.64124],[-157.49045,56.6176],[-157.6704,56.61169],[-157.7368,56.67562],[-157.84415,56.64588],[-157.91236,56.64457],[-157.98462,56.59724],[-158.02466,56.60319],[-158.13424,56.53385],[-157.90178,56.57014],[-157.83999,56.56661],[-157.82026,56.50193],[-157.88764,56.4724],[-158.03061,56.51157],[-158.13863,56.52179],[-158.12651,56.46203],[-158.17714,56.45672],[-158.32628,56.4831],[-158.40769,56.45218],[-158.50715,56.3744],[-158.48838,56.33371],[-158.43279,56.3435],[-158.37334,56.31427],[-158.33127,56.32482],[-158.20183,56.29134],[-158.31071,56.23642],[-158.40673,56.23886],[-158.298,56.2121],[-158.29574,56.18235],[-158.17493,56.23623],[-158.18629,56.19207],[-158.2526,56.1848],[-158.37494,56.13624],[-158.42653,56.06959],[-158.44958,56.11838],[-158.49177,56.11328],[-158.40965,56.04378],[-158.43841,55.99256],[-158.50389,56.03787],[-158.5134,55.98213],[-158.58185,56.04397],[-158.5954,56.1097],[-158.53729,56.15738],[-158.49427,56.15626],[-158.52136,56.18808],[-158.64103,56.11301],[-158.68156,56.10731],[-158.64389,55.99083],[-158.69748,55.96696],[-158.73266,56.01516],[-158.80925,55.9862],[-158.8471,56.01423],[-158.91532,55.92837],[-159.00159,55.92877],[-159.00817,55.89007],[-159.07076,55.92411],[-159.34706,55.87854],[-159.39959,55.85793],[-159.40208,55.79886],[-159.45996,55.81616],[-159.49279,55.90027],[-159.54743,55.86594],[-159.51451,55.84946],[-159.49455,55.76952],[-159.55527,55.71072],[-159.53911,55.65156],[-159.599,55.62774],[-159.62301,55.58223],[-159.73519,55.56993],[-159.70513,55.60855],[-159.6135,55.63486],[-159.70762,55.65886],[-159.62847,55.6998],[-159.6791,55.73976],[-159.62657,55.80327],[-159.6419,55.82804],[-159.821,55.8562],[-159.86069,55.7881],[-159.95968,55.81996],[-160.04988,55.76036],[-160.01827,55.71935],[-160.09302,55.72223],[-160.05547,55.69639],[-160.14115,55.70416],[-160.12689,55.6647],[-160.27948,55.63868],[-160.41377,55.66463],[-160.43302,55.63998],[-160.35684,55.61258],[-160.44526,55.57437],[-160.47069,55.49373],[-160.53748,55.47474],[-160.6078,55.60638],[-160.66864,55.54491],[-160.71693,55.55834],[-160.76875,55.52932],[-160.66214,55.51924],[-160.66333,55.46477],[-160.79786,55.45642],[-160.82392,55.51059],[-160.9407,55.51123],[-160.99734,55.44026],[-161.24208,55.35616],[-161.33751,55.38371],[-161.50389,55.36088],[-161.47905,55.49064],[-161.36068,55.59244],[-161.38778,55.62707],[-161.5418,55.62855],[-161.61358,55.60748],[-161.632,55.56631],[-161.69866,55.52058],[-161.68844,55.40416],[-161.86076,55.27087],[-161.90341,55.20494],[-162.02821,55.23653],[-161.9998,55.17978],[-161.94098,55.12432],[-162.05079,55.07183],[-162.13766,55.11283],[-162.11128,55.14823],[-162.17688,55.15339],[-162.2281,55.10427],[-162.19206,55.05741],[-162.27777,55.02172],[-162.31212,55.05828],[-162.40743,55.03132],[-162.49525,55.06706],[-162.52099,55.11542],[-162.40054,55.11555],[-162.50001,55.18577],[-162.51355,55.25058],[-162.62636,55.27939],[-162.56213,55.2985],[-162.66329,55.2979],[-162.72378,55.22653],[-162.64844,55.19703],[-162.58807,55.1413],[-162.62526,55.10019],[-162.56869,55.01926],[-162.58545,54.96179],[-162.68135,54.9978],[-162.71986,54.95244],[-162.88112,54.93374],[-162.96633,55.00134],[-162.94554,55.02546],[-163.0677,55.10723],[-163.18464,55.09771],[-163.21621,55.02826],[-163.05035,54.97076],[-163.06224,54.92558],[-163.19771,54.86899],[-163.21887,54.84135],[-163.3572,54.81082],[-163.38731,54.85745],[-163.32369,54.87542],[-163.33615,54.95456],[-163.21874,54.93367],[-163.29162,54.96621],[-163.2841,55.05175],[-163.29979,55.10998],[-163.20115,55.16134],[-163.08207,55.18157]]],[[[-159.50144,55.84673],[-159.49407,55.8522],[-159.49335,55.84252],[-159.50144,55.84673]]],[[[-160.80101,55.90226],[-160.86808,55.90928],[-160.81817,55.95335],[-160.80101,55.90226]]],[[[-161.01782,56.01212],[-160.98977,56.02286],[-160.90754,56.02597],[-161.01782,56.01212]]],[[[-160.8354,56.02717],[-160.79131,56.02019],[-160.848,56.02471],[-160.8354,56.02717]]],[[[-161.66146,58.55722],[-161.66883,58.55747],[-161.66728,58.56032],[-161.66146,58.55722]]],[[[-159.99554,58.61061],[-159.9675,58.61122],[-159.97772,58.59166],[-159.99554,58.61061]]],[[[-160.2703,58.66108],[-160.31713,58.68283],[-160.27458,58.71715],[-160.2703,58.66108]]],[[[-160.91812,58.74579],[-160.86999,58.74517],[-160.68344,58.81732],[-160.84989,58.63022],[-160.88387,58.57971],[-160.9637,58.55093],[-161.07522,58.54662],[-161.08532,58.58641],[-161.05977,58.7005],[-160.91812,58.74579]]],[[[-160.38463,58.70444],[-160.44072,58.68888],[-160.40364,58.74948],[-160.38463,58.70444]]],[[[-160.18631,58.81999],[-160.23235,58.85259],[-160.18345,58.83133],[-160.18631,58.81999]]],[[[-164.00429,59.69194],[-164.02333,59.71038],[-163.93951,59.67684],[-164.00429,59.69194]]],[[[-164.86979,62.68807],[-164.84893,62.67617],[-164.88082,62.6713],[-164.86979,62.68807]]],[[[-164.87436,62.80905],[-164.85399,62.80009],[-164.87996,62.79907],[-164.87436,62.80905]]],[[[-164.5797,63.03406],[-164.61642,63.04511],[-164.55296,63.04985],[-164.5797,63.03406]]],[[[-164.58505,63.08645],[-164.63722,63.07224],[-164.60454,63.10839],[-164.58505,63.08645]]],[[[-162.01391,63.49148],[-162.00433,63.4933],[-161.99802,63.49067],[-162.01391,63.49148]]],[[[-162.55967,63.63308],[-162.3712,63.6243],[-162.35431,63.54068],[-162.62248,63.54002],[-162.69426,63.55978],[-162.69057,63.59145],[-162.55967,63.63308]]],[[[-161.74632,63.60624],[-161.74471,63.61195],[-161.73387,63.60971],[-161.74632,63.60624]]],[[[-161.31914,64.11826],[-161.30524,64.14153],[-161.29454,64.11456],[-161.31914,64.11826]]],[[[-161.78867,64.74404],[-161.78686,64.74911],[-161.77287,64.74731],[-161.78867,64.74404]]],[[[-161.06756,66.21349],[-161.06682,66.20703],[-161.08172,66.21026],[-161.06756,66.21349]]],[[[-161.9057,66.26528],[-161.9025,66.30962],[-161.82855,66.26933],[-161.9057,66.26528]]],[[[-161.66972,66.95961],[-161.68338,66.94984],[-161.67554,66.96659],[-161.66972,66.95961]]],[[[-161.69479,66.9816],[-161.70276,66.99131],[-161.67839,66.98276],[-161.69479,66.9816]]],[[[-162.74886,67.04235],[-162.73332,67.04239],[-162.74106,67.02253],[-162.74886,67.04235]]],[[[-159.20707,54.9283],[-159.23369,54.87774],[-159.31022,54.86858],[-159.34445,54.89879],[-159.28146,54.92776],[-159.20707,54.9283]]],[[[-159.42692,54.94182],[-159.39864,54.97689],[-159.42526,55.03891],[-159.32852,54.97744],[-159.42692,54.94182]]],[[[-159.33375,55.06274],[-159.29762,55.06042],[-159.29667,55.04899],[-159.33375,55.06274]]],[[[-159.39816,55.07185],[-159.41195,55.0611],[-159.42811,55.07104],[-159.39816,55.07185]]],[[[-159.476,55.08376],[-159.47351,55.08118],[-159.4943,55.08077],[-159.476,55.08376]]],[[[-159.32686,55.76551],[-159.39662,55.71366],[-159.37095,55.77246],[-159.32686,55.76551]]],[[[-159.27326,55.77434],[-159.35467,55.80634],[-159.31402,55.81529],[-159.27326,55.77434]]],[[[-159.37226,55.83158],[-159.35954,55.83685],[-159.35193,55.81996],[-159.37226,55.83158]]],[[[-155.59633,55.9137],[-155.55949,55.89545],[-155.58492,55.85278],[-155.5621,55.79122],[-155.58611,55.76328],[-155.72587,55.77545],[-155.74987,55.82542],[-155.65337,55.86572],[-155.59633,55.9137]]],[[[-159.08205,55.84446],[-159.07836,55.84045],[-159.09013,55.84306],[-159.08205,55.84446]]],[[[-158.79986,55.89323],[-158.74781,55.8759],[-158.76207,55.83614],[-158.84621,55.85656],[-158.89897,55.82239],[-158.8733,55.87803],[-158.79986,55.89323]]],[[[-159.08336,55.83465],[-159.18722,55.83972],[-159.14551,55.87774],[-159.08336,55.83465]]],[[[-159.08609,55.8624],[-159.06101,55.86367],[-159.08003,55.858],[-159.08609,55.8624]]],[[[-159.12495,55.88847],[-159.11354,55.88554],[-159.12008,55.88207],[-159.12495,55.88847]]],[[[-158.84954,55.92774],[-158.85532,55.92602],[-158.85365,55.93155],[-158.84954,55.92774]]],[[[-156.63404,56.048],[-156.67872,56.03964],[-156.67041,55.99646],[-156.73862,56.0245],[-156.6685,56.09815],[-156.63404,56.048]]],[[[-158.11479,56.13366],[-158.15376,56.14677],[-158.09316,56.14518],[-158.11479,56.13366]]],[[[-158.52453,56.17203],[-158.52589,56.17492],[-158.51812,56.17243],[-158.52453,56.17203]]],[[[-156.75122,56.19176],[-156.80493,56.1563],[-156.79566,56.22388],[-156.75122,56.19176]]],[[[-157.79344,56.32484],[-157.82767,56.30968],[-157.90396,56.34644],[-157.83028,56.36685],[-157.79344,56.32484]]],[[[-157.74052,56.48933],[-157.72614,56.50442],[-157.70594,56.49622],[-157.74052,56.48933]]],[[[-154.55815,56.58659],[-154.47353,56.6019],[-154.40104,56.58685],[-154.39272,56.55412],[-154.46735,56.51388],[-154.63729,56.46861],[-154.72809,56.4058],[-154.79369,56.43656],[-154.68934,56.5266],[-154.55815,56.58659]]],[[[-157.07708,56.58057],[-157.01718,56.54861],[-157.11938,56.55255],[-157.15028,56.52817],[-157.32925,56.53839],[-157.26817,56.58083],[-157.07708,56.58057]]],[[[-154.22159,56.61721],[-154.09657,56.61982],[-154.02265,56.55294],[-153.87149,56.56263],[-153.95159,56.50509],[-154.23015,56.49355],[-154.33924,56.50798],[-154.36301,56.54455],[-154.3131,56.58633],[-154.22159,56.61721]]],[[[-157.42429,56.63601],[-157.41335,56.64752],[-157.39434,56.63471],[-157.42429,56.63601]]],[[[-154.01885,56.68698],[-154.12367,56.6952],[-154.05759,56.72247],[-154.01885,56.68698]]],[[[-153.93067,56.72599],[-153.9466,56.72247],[-153.93661,56.72859],[-153.93067,56.72599]]],[[[-153.87672,56.73902],[-153.8703,56.7329],[-153.89835,56.7209],[-153.87672,56.73902]]],[[[-153.83845,56.7488],[-153.84701,56.73655],[-153.86008,56.74333],[-153.83845,56.7488]]],[[[-153.5896,56.88734],[-153.61788,56.90006],[-153.5442,56.90927],[-153.5896,56.88734]]],[[[-156.7803,56.91256],[-156.78201,56.91661],[-156.7778,56.91565],[-156.7803,56.91256]]],[[[-156.76125,56.92867],[-156.75641,56.92871],[-156.75961,56.92664],[-156.76125,56.92867]]],[[[-156.76484,56.94541],[-156.77003,56.94841],[-156.75863,56.94913],[-156.76484,56.94541]]],[[[-156.72432,56.99312],[-156.70661,56.99441],[-156.73062,56.97985],[-156.72432,56.99312]]],[[[-154.03573,56.9855],[-154.0343,56.99469],[-154.02764,56.98848],[-154.03573,56.9855]]],[[[-156.48622,57.00668],[-156.46911,57.01095],[-156.46483,57.00034],[-156.48622,57.00668]]],[[[-156.51356,57.02906],[-156.49526,57.04174],[-156.47576,57.02699],[-156.51356,57.02906]]],[[[-156.33266,57.32965],[-156.33351,57.32582],[-156.34273,57.32759],[-156.33266,57.32965]]],[[[-156.33444,57.33394],[-156.32113,57.34449],[-156.30276,57.33487],[-156.33444,57.33394]]],[[[-156.2836,57.35427],[-156.30796,57.36414],[-156.27802,57.36696],[-156.2836,57.35427]]],[[[-154.63135,57.50859],[-154.53105,57.54164],[-154.52202,57.5739],[-154.46212,57.57122],[-154.32617,57.63527],[-154.23229,57.66376],[-153.98058,57.6494],[-153.98462,57.54419],[-153.87173,57.5142],[-153.87696,57.54521],[-153.80613,57.58613],[-153.87862,57.63248],[-153.86483,57.65016],[-153.66138,57.64113],[-153.67517,57.66923],[-153.86365,57.70569],[-153.92069,57.70087],[-153.93162,57.8084],[-153.82467,57.8642],[-153.71177,57.88544],[-153.61812,57.88101],[-153.62169,57.84308],[-153.57035,57.83182],[-153.53042,57.78168],[-153.5511,57.72169],[-153.52234,57.71103],[-153.48859,57.77559],[-153.43749,57.76837],[-153.47979,57.84308],[-153.29773,57.8022],[-153.32578,57.84966],[-153.45175,57.87798],[-153.53351,57.92724],[-153.4767,57.96987],[-153.08762,57.84498],[-153.0919,57.86749],[-153.30534,57.98638],[-153.25043,57.99671],[-153.119,57.94868],[-153.05767,57.96104],[-152.93337,57.94856],[-152.79687,57.9015],[-152.86204,57.87914],[-152.91405,57.81857],[-152.91026,57.75759],[-152.84276,57.72971],[-152.84709,57.82524],[-152.78609,57.85705],[-152.72842,57.82033],[-152.70139,57.86951],[-152.60976,57.92009],[-152.5161,57.90896],[-152.40251,57.85393],[-152.4279,57.81461],[-152.34701,57.83324],[-152.34818,57.80588],[-152.44653,57.77974],[-152.52184,57.71869],[-152.46382,57.71934],[-152.48748,57.64622],[-152.3955,57.68867],[-152.3703,57.67889],[-152.46942,57.60103],[-152.42711,57.59454],[-152.34345,57.65397],[-152.31445,57.61962],[-152.15544,57.62802],[-152.15592,57.59225],[-152.29401,57.5174],[-152.33941,57.42269],[-152.43804,57.43779],[-152.48724,57.46809],[-152.51672,57.43382],[-152.62391,57.47653],[-152.71827,57.47844],[-152.73823,57.50463],[-152.91958,57.50169],[-152.89914,57.46758],[-152.76057,57.45838],[-152.72421,57.4223],[-152.60062,57.38389],[-152.63294,57.32004],[-152.69664,57.28049],[-152.74489,57.31272],[-152.81072,57.26687],[-152.90306,57.31913],[-153.00522,57.34157],[-153.20558,57.30569],[-153.09695,57.28521],[-153.01213,57.29782],[-152.95024,57.24887],[-153.07146,57.21311],[-153.20218,57.22186],[-153.1632,57.15837],[-153.06195,57.19045],[-153.06766,57.16971],[-152.94739,57.18864],[-152.86801,57.15089],[-152.91245,57.12626],[-153.02083,57.12381],[-153.2048,57.07991],[-153.23474,57.00375],[-153.3417,57.00789],[-153.31746,57.08327],[-153.39708,57.06363],[-153.37545,57.12264],[-153.27753,57.18787],[-153.28703,57.21298],[-153.37212,57.19405],[-153.44842,57.11232],[-153.51426,57.12871],[-153.49738,57.06531],[-153.57605,57.09322],[-153.66827,57.0865],[-153.70107,57.05717],[-153.5915,57.05575],[-153.60838,57.02096],[-153.53993,57.00065],[-153.60148,56.93301],[-153.70226,56.94092],[-153.68943,56.91654],[-153.9744,56.74437],[-154.03501,56.76431],[-154.14696,56.74645],[-154.06377,56.84953],[-153.98011,56.89733],[-153.87292,56.92757],[-153.83631,56.95557],[-153.87791,56.97656],[-153.96751,56.95531],[-153.9668,56.99689],[-153.87101,57.08908],[-153.74813,57.13516],[-153.80423,57.15888],[-153.97654,57.05614],[-154.07566,56.97008],[-154.11701,56.96866],[-154.22706,56.87474],[-154.30359,56.84225],[-154.32783,56.92821],[-154.40175,56.96581],[-154.52249,56.99171],[-154.51394,57.07681],[-154.52986,57.18311],[-154.59118,57.25671],[-154.75043,57.29282],[-154.72001,57.4232],[-154.63135,57.50859]]],[[[-156.27005,57.37324],[-156.26851,57.38611],[-156.25211,57.37945],[-156.27005,57.37324]]],[[[-156.24617,57.39079],[-156.23357,57.38708],[-156.247,57.38496],[-156.24617,57.39079]]],[[[-156.20469,57.40673],[-156.18081,57.42248],[-156.17153,57.42158],[-156.20469,57.40673]]],[[[-153.55744,57.9231],[-153.54874,57.92337],[-153.5519,57.92059],[-153.55744,57.9231]]],[[[-153.56166,57.93363],[-153.5554,57.93356],[-153.56133,57.93022],[-153.56166,57.93363]]],[[[-152.78078,57.92118],[-152.85422,57.94465],[-152.84852,57.97088],[-152.72231,57.98638],[-152.78078,57.92118]]],[[[-154.42316,58.05797],[-154.44154,58.0538],[-154.4342,58.06088],[-154.42316,58.05797]]],[[[-154.50112,58.04915],[-154.4997,58.07128],[-154.45858,58.05996],[-154.50112,58.04915]]],[[[-154.43552,58.08122],[-154.42861,58.07809],[-154.43976,58.0783],[-154.43552,58.08122]]],[[[-154.2769,58.28612],[-154.29083,58.28603],[-154.27491,58.29507],[-154.2769,58.28612]]],[[[-153.17057,58.09005],[-153.14799,58.106],[-153.22286,58.16084],[-153.17604,58.21684],[-153.05862,58.1943],[-153.008,58.22147],[-153.10259,58.26088],[-153.04722,58.30561],[-152.91744,58.27376],[-152.84519,58.30074],[-152.93622,58.33395],[-152.89041,58.34324],[-152.78042,58.30706],[-152.80502,58.34904],[-152.88821,58.40624],[-152.81144,58.40425],[-152.7418,58.4595],[-152.66431,58.4805],[-152.54476,58.459],[-152.51267,58.47354],[-152.65599,58.50708],[-152.67168,58.56874],[-152.57376,58.62026],[-152.52099,58.5898],[-152.45349,58.63325],[-152.3173,58.62917],[-152.40928,58.49429],[-152.47892,58.46969],[-152.53335,58.41234],[-152.46847,58.39989],[-152.48653,58.35278],[-152.39383,58.34106],[-152.32776,58.41023],[-152.28522,58.42392],[-152.18468,58.35727],[-152.12597,58.39753],[-152.09626,58.36313],[-152.13904,58.293],[-152.13762,58.21684],[-152.08295,58.30774],[-152.03422,58.288],[-151.98716,58.35328],[-151.96482,58.2585],[-152.08366,58.15344],[-152.20155,58.17588],[-152.25408,58.24475],[-152.31112,58.24087],[-152.28949,58.17663],[-152.32562,58.16184],[-152.26359,58.13387],[-152.3936,58.11843],[-152.4359,58.13688],[-152.57114,58.1055],[-152.56116,58.17701],[-152.59372,58.18653],[-152.60584,58.12232],[-152.65742,58.06127],[-152.73348,58.05033],[-152.78006,57.9928],[-152.89082,57.96924],[-153.04817,57.98713],[-153.13112,58.01812],[-153.29773,58.05033],[-153.36523,58.038],[-153.41966,58.06077],[-153.2597,58.14479],[-153.17057,58.09005]]],[[[-154.19662,58.31334],[-154.21115,58.31109],[-154.2029,58.32063],[-154.19662,58.31334]]],[[[-152.79952,58.31778],[-152.80486,58.31623],[-152.80548,58.31963],[-152.79952,58.31778]]],[[[-153.95577,58.38885],[-153.96575,58.39153],[-153.95184,58.39084],[-153.95577,58.38885]]],[[[-153.98619,58.45699],[-154.01169,58.44996],[-154.00662,58.45688],[-153.98619,58.45699]]],[[[-153.54945,58.59753],[-153.57833,58.59808],[-153.55421,58.61145],[-153.54945,58.59753]]],[[[-152.53597,58.64871],[-152.53454,58.63993],[-152.55926,58.64315],[-152.53597,58.64871]]],[[[-153.39484,59.00321],[-153.37678,59.00792],[-153.37963,59.0018],[-153.39484,59.00321]]],[[[-154.05987,59.35808],[-154.06177,59.36432],[-154.0285,59.36414],[-154.05987,59.35808]]],[[[-153.34109,59.3569],[-153.36343,59.33812],[-153.51317,59.3203],[-153.579,59.37204],[-153.41928,59.41404],[-153.34109,59.3569]]],[[[-153.43156,59.63664],[-153.43834,59.63483],[-153.43465,59.63964],[-153.43156,59.63664]]],[[[-152.56495,60.09516],[-152.64131,60.16386],[-152.56764,60.15893],[-152.56495,60.09516]]],[[[-152.72118,60.22616],[-152.71508,60.22362],[-152.72589,60.22188],[-152.72118,60.22616]]],[[[-152.85219,70.89399],[-152.84482,70.89979],[-152.82842,70.88866],[-152.85219,70.89399]]],[[[-156.45504,71.38403],[-156.4735,71.37972],[-156.4745,71.38782],[-156.45504,71.38403]]],[[[-152.31849,57.3639],[-152.29092,57.39491],[-152.25479,57.38107],[-152.31849,57.3639]]],[[[-152.40127,57.76724],[-152.40788,57.76488],[-152.40647,57.76793],[-152.40127,57.76724]]],[[[-152.21819,57.78016],[-152.31088,57.75493],[-152.23982,57.79333],[-152.21819,57.78016]]],[[[-152.39,57.77342],[-152.39552,57.7725],[-152.39268,57.77491],[-152.39,57.77342]]],[[[-152.34915,57.75911],[-152.36151,57.78079],[-152.30827,57.7889],[-152.34915,57.75911]]],[[[-152.3871,57.78361],[-152.38052,57.7876],[-152.3802,57.78354],[-152.3871,57.78361]]],[[[-152.42936,57.93098],[-152.3256,57.91324],[-152.36246,57.88354],[-152.51736,57.92059],[-152.43301,57.97006],[-152.42936,57.93098]]],[[[-151.78918,58.251],[-151.80795,58.18691],[-151.89494,58.18904],[-151.87902,58.24462],[-151.78918,58.251]]],[[[-152.05124,58.8855],[-152.04565,58.89103],[-152.03068,58.88599],[-152.05124,58.8855]]],[[[-152.22641,58.89244],[-152.2112,58.9022],[-152.20442,58.89428],[-152.22641,58.89244]]],[[[-151.95522,58.91883],[-152.00976,58.90822],[-151.98088,58.92558],[-151.95522,58.91883]]],[[[-152.00311,58.9414],[-152.07845,58.91399],[-152.05373,58.9449],[-152.00311,58.9414]]],[[[-152.24423,58.91184],[-152.33241,58.90656],[-152.29676,58.95121],[-152.24423,58.91184]]],[[[-152.15831,58.97119],[-152.14477,58.96647],[-152.15903,58.96739],[-152.15831,58.97119]]],[[[-151.64112,59.11802],[-151.71575,59.10234],[-151.7047,59.13009],[-151.64112,59.11802]]],[[[-151.43589,59.10832],[-151.52466,59.13107],[-151.43018,59.13204],[-151.43589,59.10832]]],[[[-151.80792,59.13518],[-151.88189,59.15601],[-151.82338,59.17789],[-151.80792,59.13518]]],[[[-150.89897,59.3075],[-150.89441,59.30524],[-150.91177,59.30536],[-150.89897,59.3075]]],[[[-150.63894,59.40747],[-150.60995,59.36668],[-150.68078,59.30461],[-150.75089,59.30328],[-150.74115,59.36171],[-150.63894,59.40747]]],[[[-150.36502,59.38405],[-150.38391,59.35566],[-150.42575,59.378],[-150.36502,59.38405]]],[[[-151.87858,59.36885],[-151.88547,59.3679],[-151.88892,59.37161],[-151.87858,59.36885]]],[[[-150.69171,59.42059],[-150.70157,59.42131],[-150.69444,59.42295],[-150.69171,59.42059]]],[[[-151.52838,59.50397],[-151.52272,59.50941],[-151.50021,59.50759],[-151.52838,59.50397]]],[[[-151.51468,59.52014],[-151.48663,59.53267],[-151.48045,59.5135],[-151.51468,59.52014]]],[[[-151.47011,59.53957],[-151.47677,59.53855],[-151.47605,59.5424],[-151.47011,59.53957]]],[[[-149.63835,59.61295],[-149.63216,59.61686],[-149.62774,59.61159],[-149.63835,59.61295]]],[[[-149.76488,59.60743],[-149.8344,59.65525],[-149.80101,59.65321],[-149.76488,59.60743]]],[[[-149.71116,59.66048],[-149.71485,59.65609],[-149.71758,59.66564],[-149.71116,59.66048]]],[[[-149.60809,59.62857],[-149.62792,59.64664],[-149.59504,59.64506],[-149.60809,59.62857]]],[[[-149.72804,59.68268],[-149.71984,59.68004],[-149.72257,59.67104],[-149.72804,59.68268]]],[[[-149.55536,59.69725],[-149.57188,59.70355],[-149.55453,59.70091],[-149.55536,59.69725]]],[[[-149.51757,59.7665],[-149.51626,59.78433],[-149.50141,59.77781],[-149.51757,59.7665]]],[[[-149.36922,59.83898],[-149.40749,59.8656],[-149.36566,59.8582],[-149.36922,59.83898]]],[[[-149.38411,59.88256],[-149.37318,59.89008],[-149.36558,59.87827],[-149.38411,59.88256]]],[[[-149.71685,59.91879],[-149.71602,59.90414],[-149.7198,59.90439],[-149.71685,59.91879]]],[[[-149.33159,59.94571],[-149.32327,59.91749],[-149.35833,59.92464],[-149.33159,59.94571]]],[[[-148.08342,59.92286],[-148.08392,59.92783],[-148.07569,59.92535],[-148.08342,59.92286]]],[[[-148.11218,59.96694],[-148.01163,60.03861],[-147.99404,60.0278],[-148.09339,59.95494],[-148.16232,59.93625],[-148.21913,59.95577],[-148.11218,59.96694]]],[[[-147.81959,60.05071],[-147.89992,59.97552],[-148.0316,59.93792],[-148.02898,59.9773],[-147.85144,60.07906],[-147.81959,60.05071]]],[[[-148.07723,60.09162],[-147.9717,60.15899],[-147.95602,60.12349],[-147.8897,60.10347],[-148.06583,60.0303],[-148.1212,59.98562],[-148.13879,60.01617],[-148.07723,60.09162]]],[[[-148.00213,60.1759],[-148.03231,60.1471],[-148.03112,60.18169],[-148.00213,60.1759]]],[[[-148.19413,60.26847],[-148.18815,60.26917],[-148.19199,60.26607],[-148.19413,60.26847]]],[[[-147.98753,60.37079],[-148.0258,60.2763],[-148.12776,60.28031],[-148.14844,60.32858],[-148.01059,60.38477],[-147.98753,60.37079]]],[[[-147.84207,60.29503],[-147.74367,60.32505],[-147.76079,60.34117],[-147.89246,60.31529],[-147.82852,60.43946],[-147.73155,60.44427],[-147.72109,60.50775],[-147.60295,60.50044],[-147.65255,60.45229],[-147.61253,60.42349],[-147.68758,60.40591],[-147.6177,60.36609],[-147.71729,60.26864],[-147.69804,60.24282],[-147.76031,60.1554],[-147.86418,60.21461],[-147.96923,60.25036],[-147.90815,60.2988],[-147.84207,60.29503]]],[[[-151.9257,60.51508],[-151.83467,60.48324],[-151.90146,60.45841],[-152.01151,60.37145],[-151.9257,60.51508]]],[[[-147.94937,60.49726],[-147.93486,60.5112],[-147.93931,60.50008],[-147.94937,60.49726]]],[[[-147.59121,60.51827],[-147.58269,60.5187],[-147.58908,60.51468],[-147.59121,60.51827]]],[[[-147.61484,60.52434],[-147.60754,60.52771],[-147.60476,60.52014],[-147.61484,60.52434]]],[[[-147.59496,60.52419],[-147.62921,60.55909],[-147.54979,60.55765],[-147.59496,60.52419]]],[[[-148.14227,60.6305],[-148.13935,60.62296],[-148.15773,60.61874],[-148.14227,60.6305]]],[[[-147.73574,60.69361],[-147.77427,60.66036],[-147.75155,60.69692],[-147.73574,60.69361]]],[[[-147.90283,60.73472],[-147.84555,60.69195],[-147.93524,60.65552],[-148.00106,60.68641],[-147.98146,60.7411],[-147.90283,60.73472]]],[[[-147.81511,60.75822],[-147.80477,60.76797],[-147.80524,60.75752],[-147.81511,60.75822]]],[[[-147.83804,60.79054],[-147.85183,60.78625],[-147.85302,60.79471],[-147.83804,60.79054]]],[[[-147.7375,60.78729],[-147.71017,60.79999],[-147.71992,60.78642],[-147.7375,60.78729]]],[[[-147.65815,60.81295],[-147.67715,60.80304],[-147.6764,60.80777],[-147.65815,60.81295]]],[[[-147.72261,60.81804],[-147.70752,60.81786],[-147.7254,60.81386],[-147.72261,60.81804]]],[[[-150.16877,61.15413],[-150.23902,61.12302],[-150.22605,61.16813],[-150.16877,61.15413]]],[[[-147.9723,70.31789],[-147.98256,70.31256],[-147.99794,70.31828],[-147.9723,70.31789]]],[[[-148.90254,70.48246],[-148.91603,70.4796],[-148.94643,70.48175],[-148.90254,70.48246]]],[[[-151.72281,70.51709],[-151.72182,70.51106],[-151.73857,70.51291],[-151.72281,70.51709]]],[[[-149.14748,70.51664],[-149.15415,70.5149],[-149.15856,70.5194],[-149.14748,70.51664]]],[[[-149.25787,70.52368],[-149.27094,70.53018],[-149.25102,70.52934],[-149.25787,70.52368]]],[[[-149.58185,70.55508],[-149.58599,70.56369],[-149.50418,70.55549],[-149.58185,70.55508]]],[[[-151.92708,70.57787],[-151.88311,70.57624],[-151.878,70.57043],[-151.92708,70.57787]]],[[[-151.97759,70.58194],[-151.95751,70.57945],[-151.96464,70.57668],[-151.97759,70.58194]]],[[[-152.33227,70.60125],[-152.34985,70.6001],[-152.34629,70.60961],[-152.33227,70.60125]]],[[[-136.26395,57.68919],[-136.28808,57.71992],[-136.23199,57.70208],[-136.26395,57.68919]]],[[[-136.3811,57.79885],[-136.38796,57.80215],[-136.38135,57.80397],[-136.3811,57.79885]]],[[[-136.49605,57.87066],[-136.48666,57.89864],[-136.57448,57.9326],[-136.56747,58.06536],[-136.5374,58.09747],[-136.46788,58.09885],[-136.36663,58.14975],[-136.27239,58.10394],[-136.35665,58.19362],[-136.29485,58.22361],[-136.23591,58.15676],[-136.13721,58.22441],[-136.04042,58.2186],[-136.0113,58.18892],[-135.82543,58.28238],[-135.77944,58.28438],[-135.72839,58.23814],[-135.49554,58.17125],[-135.52132,58.12007],[-135.62519,58.04908],[-135.63315,57.98701],[-135.59405,57.98985],[-135.54331,58.06266],[-135.45014,58.10193],[-135.4663,58.13199],[-135.39214,58.14065],[-135.29493,58.09012],[-135.11632,58.09106],[-135.10764,58.06039],[-134.95171,58.0398],[-134.91334,57.9775],[-134.92237,57.92377],[-134.99926,57.8874],[-135.19333,57.94446],[-135.13165,57.8869],[-135.04347,57.86901],[-134.95541,57.81474],[-135.01911,57.77947],[-135.1181,57.77775],[-135.02279,57.74384],[-134.92974,57.75728],[-134.89801,57.66243],[-134.85035,57.58015],[-134.82956,57.4796],[-134.86877,57.46452],[-135.02636,57.45519],[-135.34936,57.58913],[-135.56613,57.67038],[-135.65514,57.6314],[-135.51098,57.59416],[-135.61354,57.56205],[-135.55329,57.4525],[-135.59714,57.44265],[-135.59287,57.42679],[-135.71575,57.3674],[-135.84932,57.3951],[-135.86085,57.42704],[-135.96686,57.46286],[-136.0933,57.56122],[-136.07476,57.59951],[-136.14345,57.57333],[-136.22747,57.59117],[-136.26027,57.6801],[-136.17233,57.7217],[-136.20584,57.76711],[-136.25968,57.77173],[-136.26669,57.73204],[-136.32029,57.75272],[-136.36687,57.82879],[-136.4207,57.81911],[-136.49605,57.87066]]],[[[-136.39615,58.15622],[-136.40506,58.17853],[-136.3832,58.15923],[-136.39615,58.15622]]],[[[-136.2406,58.20253],[-136.23935,58.19702],[-136.24691,58.20146],[-136.2406,58.20253]]],[[[-136.37618,58.19488],[-136.40471,58.20114],[-136.38486,58.20847],[-136.37618,58.19488]]],[[[-136.30714,58.23203],[-136.40078,58.27255],[-136.28004,58.26818],[-136.30714,58.23203]]],[[[-136.77884,58.27448],[-136.78501,58.27471],[-136.7797,58.27907],[-136.77884,58.27448]]],[[[-136.03713,58.27293],[-136.13173,58.2628],[-136.15787,58.28118],[-136.03856,58.3194],[-136.03713,58.27293]]],[[[-136.02715,58.50604],[-136.01919,58.51995],[-135.98686,58.5184],[-136.02715,58.50604]]],[[[-136.10393,58.56064],[-136.15193,58.59453],[-136.10791,58.60256],[-136.10393,58.56064]]],[[[-136.17867,58.62445],[-136.18699,58.63237],[-136.17867,58.62878],[-136.17867,58.62445]]],[[[-135.98691,58.65024],[-135.99306,58.65195],[-135.98681,58.65598],[-135.98691,58.65024]]],[[[-136.24689,58.65797],[-136.21456,58.66823],[-136.20268,58.63633],[-136.24689,58.65797]]],[[[-136.06189,58.66852],[-136.06635,58.67319],[-136.06014,58.67086],[-136.06189,58.66852]]],[[[-136.06066,58.72263],[-136.05686,58.72757],[-136.03571,58.71461],[-136.06066,58.72263]]],[[[-136.49251,58.77272],[-136.47531,58.75877],[-136.51242,58.77059],[-136.49251,58.77272]]],[[[-136.48192,58.7733],[-136.4567,58.77899],[-136.44573,58.7649],[-136.48192,58.7733]]],[[[-136.06874,58.78982],[-136.07183,58.78292],[-136.07374,58.79401],[-136.06874,58.78982]]],[[[-136.57762,58.88913],[-136.55623,58.89392],[-136.55385,58.87685],[-136.57762,58.88913]]],[[[-136.78796,58.90558],[-136.85903,58.92939],[-136.81031,58.94177],[-136.78796,58.90558]]],[[[-139.65985,59.60148],[-139.65509,59.59637],[-139.66092,59.59162],[-139.65985,59.60148]]],[[[-139.76538,59.55809],[-139.80673,59.58488],[-139.74803,59.61579],[-139.76538,59.55809]]],[[[-139.6589,59.61753],[-139.67601,59.62547],[-139.64095,59.62504],[-139.6589,59.61753]]],[[[-139.6646,59.64391],[-139.65723,59.64595],[-139.65284,59.63568],[-139.6646,59.64391]]],[[[-139.65581,59.66492],[-139.64178,59.67542],[-139.64357,59.66528],[-139.65581,59.66492]]],[[[-139.50274,59.69828],[-139.51189,59.6999],[-139.5006,59.70247],[-139.50274,59.69828]]],[[[-139.51676,59.71782],[-139.59306,59.71039],[-139.56192,59.73861],[-139.51676,59.71782]]],[[[-147.45884,59.84265],[-147.46063,59.84624],[-147.45639,59.84539],[-147.45884,59.84265]]],[[[-147.39779,59.878],[-147.38923,59.87096],[-147.41181,59.86404],[-147.39779,59.878]]],[[[-144.34464,59.98185],[-144.19228,60.00099],[-144.41309,59.90412],[-144.60347,59.78867],[-144.56544,59.85235],[-144.34464,59.98185]]],[[[-139.54659,59.97094],[-139.53126,59.97439],[-139.53162,59.96018],[-139.54659,59.97094]]],[[[-144.3936,59.9935],[-144.3848,60.05217],[-144.36935,59.9872],[-144.3936,59.9935]]],[[[-147.86198,59.87192],[-147.78212,59.87406],[-147.80612,59.92091],[-147.70725,59.98292],[-147.43534,60.09473],[-147.28846,60.22659],[-147.18982,60.27106],[-147.2288,60.28626],[-147.21054,60.34707],[-147.09825,60.37912],[-147.13104,60.33436],[-147.00205,60.34429],[-147.11447,60.26316],[-146.95214,60.30993],[-146.91649,60.29097],[-146.96569,60.24854],[-147.19933,60.15121],[-147.35762,60.04493],[-147.37259,59.95294],[-147.42108,59.96615],[-147.49619,59.93889],[-147.4351,59.87132],[-147.50831,59.84196],[-147.6161,59.85055],[-147.68811,59.7999],[-147.7423,59.80157],[-147.87647,59.76389],[-147.91332,59.83718],[-147.86198,59.87192]]],[[[-144.34891,60.09118],[-144.43353,60.15559],[-144.33655,60.14293],[-144.34891,60.09118]]],[[[-147.33956,60.27672],[-147.47646,60.22718],[-147.49856,60.26411],[-147.39232,60.30428],[-147.33956,60.27672]]],[[[-145.08477,60.32265],[-145.0755,60.35229],[-145.04032,60.35876],[-145.08477,60.32265]]],[[[-146.34958,60.46813],[-146.36265,60.40762],[-146.12545,60.43167],[-146.08148,60.36416],[-146.14755,60.36722],[-146.25118,60.3343],[-146.33984,60.33736],[-146.48601,60.29404],[-146.61008,60.23569],[-146.70135,60.27849],[-146.53141,60.33394],[-146.52,60.36005],[-146.61341,60.35323],[-146.65405,60.32806],[-146.72155,60.34194],[-146.72773,60.39025],[-146.61388,60.48289],[-146.34958,60.46813]]],[[[-145.75443,60.35935],[-145.8312,60.35029],[-146.00542,60.39048],[-145.95313,60.40786],[-145.74873,60.3886],[-145.75443,60.35935]]],[[[-145.61563,60.39553],[-145.61468,60.39142],[-145.65175,60.39224],[-145.61563,60.39553]]],[[[-146.01754,60.46778],[-145.99544,60.46438],[-146.02253,60.4584],[-146.01754,60.46778]]],[[[-147.57639,60.49312],[-147.58689,60.50126],[-147.57492,60.49956],[-147.57639,60.49312]]],[[[-147.42095,60.5182],[-147.43064,60.51394],[-147.43475,60.51957],[-147.42095,60.5182]]],[[[-147.40495,60.51741],[-147.38763,60.52795],[-147.31585,60.53033],[-147.40495,60.51741]]],[[[-146.22242,60.51847],[-146.01754,60.55459],[-145.93911,60.58484],[-145.79626,60.59686],[-145.82597,60.55144],[-146.2141,60.45243],[-146.32914,60.45536],[-146.29016,60.51659],[-146.22242,60.51847]]],[[[-145.77462,60.54816],[-145.77029,60.55008],[-145.77167,60.54803],[-145.77462,60.54816]]],[[[-145.74896,60.59321],[-145.74302,60.60348],[-145.73506,60.59461],[-145.74896,60.59321]]],[[[-145.80209,60.61287],[-145.8047,60.61794],[-145.78521,60.62162],[-145.80209,60.61287]]],[[[-145.72246,60.62605],[-145.72912,60.61999],[-145.7265,60.62564],[-145.72246,60.62605]]],[[[-147.44301,60.69827],[-147.37955,60.65171],[-147.3023,60.66172],[-147.3458,60.62817],[-147.48745,60.61791],[-147.43635,60.65939],[-147.44301,60.69827]]],[[[-146.00019,60.67093],[-146.00055,60.67524],[-145.98177,60.67646],[-146.00019,60.67093]]],[[[-145.97051,60.68143],[-145.96293,60.68418],[-145.96588,60.67887],[-145.97051,60.68143]]],[[[-147.37693,60.68419],[-147.41472,60.69582],[-147.36172,60.71443],[-147.37693,60.68419]]],[[[-147.41045,60.71734],[-147.47818,60.73059],[-147.38216,60.73721],[-147.41045,60.71734]]],[[[-146.70135,60.84833],[-146.72737,60.81126],[-146.81852,60.81636],[-146.74793,60.87888],[-146.70135,60.84833]]],[[[-146.84312,60.84358],[-146.8209,60.85505],[-146.81508,60.85279],[-146.84312,60.84358]]],[[[-147.46706,60.85658],[-147.46486,60.86328],[-147.4588,60.85988],[-147.46706,60.85658]]],[[[-146.70849,60.85729],[-146.71749,60.86268],[-146.71204,60.86303],[-146.70849,60.85729]]],[[[-147.5526,60.86332],[-147.57602,60.86559],[-147.55796,60.87759],[-147.5526,60.86332]]],[[[-147.45789,60.88151],[-147.43118,60.87812],[-147.44703,60.8677],[-147.45789,60.88151]]],[[[-146.7373,60.87699],[-146.7328,60.87825],[-146.73282,60.87438],[-146.7373,60.87699]]],[[[-147.07821,60.89744],[-147.1526,60.85231],[-147.32372,60.87691],[-147.25551,60.90033],[-147.07821,60.89744]]],[[[-146.7578,60.88582],[-146.78953,60.88472],[-146.78691,60.9001],[-146.7578,60.88582]]],[[[-147.16913,60.91265],[-147.16697,60.90972],[-147.17288,60.90995],[-147.16913,60.91265]]],[[[-147.46508,60.91711],[-147.46752,60.92442],[-147.45885,60.91805],[-147.46508,60.91711]]],[[[-147.46037,60.92817],[-147.46103,60.93428],[-147.45597,60.92892],[-147.46037,60.92817]]],[[[-147.26184,60.96594],[-147.24946,60.96472],[-147.25665,60.95955],[-147.26184,60.96594]]],[[[-147.06434,60.97243],[-147.02831,60.98523],[-147.05858,60.9569],[-147.06434,60.97243]]],[[[-147.26509,70.21282],[-147.22457,70.2316],[-147.1926,70.22062],[-147.26509,70.21282]]],[[[-134.26238,55.89255],[-134.12001,55.91773],[-134.31419,55.82679],[-134.31823,55.87762],[-134.36672,55.90415],[-134.26666,55.92959],[-134.26238,55.89255]]],[[[-133.84371,55.86709],[-133.87199,55.84388],[-133.9307,55.86789],[-133.94353,55.9164],[-133.85511,55.93078],[-133.84371,55.86709]]],[[[-134.12191,55.95355],[-134.1395,55.95168],[-134.0998,55.98414],[-134.12191,55.95355]]],[[[-134.70743,56.21613],[-134.78492,56.22485],[-134.82009,56.27806],[-134.90209,56.32158],[-134.93822,56.40637],[-135.05825,56.52533],[-135.05944,56.56817],[-134.98647,56.63228],[-135.14286,56.5954],[-135.13573,56.68493],[-135.21179,56.66234],[-135.19135,56.7122],[-135.29284,56.69641],[-135.31518,56.78362],[-135.35202,56.74988],[-135.39742,56.77581],[-135.3803,56.91525],[-135.31993,56.89539],[-135.38256,56.95279],[-135.37757,56.98861],[-135.22653,57.03339],[-135.3384,57.04782],[-135.40241,57.10116],[-135.37567,57.14635],[-135.42439,57.16891],[-135.34382,57.24704],[-135.47597,57.25772],[-135.56225,57.24293],[-135.60161,57.29033],[-135.69345,57.36157],[-135.6616,57.37387],[-135.4869,57.3549],[-135.62595,57.38771],[-135.53491,57.4494],[-135.54941,57.50958],[-135.42534,57.56227],[-135.32267,57.53842],[-135.30912,57.49158],[-135.22308,57.48877],[-135.1658,57.44505],[-135.05623,57.40986],[-134.91377,57.42715],[-134.8321,57.40218],[-134.80357,57.34067],[-134.83189,57.29487],[-134.90245,57.34208],[-134.9507,57.32745],[-134.94499,57.27057],[-134.87939,57.2901],[-134.84137,57.24794],[-134.85919,57.21385],[-134.80001,57.16311],[-134.78551,57.07963],[-134.73916,57.00528],[-134.74106,56.95321],[-134.69614,56.89899],[-134.7047,56.84392],[-134.67238,56.81973],[-134.63031,56.72453],[-134.61581,56.63548],[-134.62674,56.55776],[-134.67285,56.56431],[-134.6391,56.47699],[-134.63553,56.30358],[-134.67333,56.25543],[-134.66596,56.16673],[-134.70743,56.21613]]],[[[-133.81863,56.46872],[-133.83598,56.49982],[-133.77632,56.47292],[-133.81863,56.46872]]],[[[-133.84477,56.53522],[-133.84002,56.54033],[-133.83527,56.53444],[-133.84477,56.53522]]],[[[-134.29185,56.90704],[-134.15994,56.84665],[-134.15186,56.88251],[-134.26095,56.93804],[-134.15946,56.91548],[-134.1414,56.95593],[-134.04419,56.92028],[-133.9995,56.82454],[-133.96884,56.83131],[-133.88494,56.71383],[-133.87258,56.8105],[-133.82053,56.77991],[-133.72885,56.80089],[-133.83527,56.8356],[-133.89659,56.8851],[-133.88922,56.94414],[-134.04886,57.02532],[-134.0121,57.07162],[-133.8809,57.09977],[-133.59738,57.05743],[-133.39346,57.00591],[-133.19306,57.01123],[-133.07659,56.99052],[-132.99554,56.93973],[-132.91355,56.80438],[-132.82346,56.79358],[-132.7379,56.71266],[-132.62096,56.66854],[-132.59957,56.61665],[-132.54205,56.58395],[-132.6502,56.55317],[-132.73457,56.50769],[-132.81659,56.49482],[-132.99234,56.51067],[-133.05183,56.53313],[-133.14357,56.53022],[-133.12567,56.47741],[-133.20435,56.44767],[-133.25426,56.47682],[-133.32758,56.46698],[-133.43566,56.50428],[-133.43579,56.45593],[-133.50802,56.43837],[-133.65529,56.43802],[-133.68553,56.51451],[-133.66461,56.55331],[-133.71167,56.57596],[-133.7932,56.5571],[-133.83551,56.60554],[-133.90206,56.61339],[-133.84121,56.56889],[-133.92773,56.49405],[-133.8607,56.47738],[-133.83479,56.4301],[-133.90705,56.43877],[-133.87472,56.39591],[-133.92915,56.37565],[-133.83146,56.32296],[-133.87662,56.27588],[-133.95339,56.34602],[-133.88185,56.21976],[-133.95601,56.20549],[-133.92773,56.14595],[-133.96052,56.09136],[-134.0159,56.08645],[-134.0449,56.11747],[-134.02422,56.17202],[-134.05916,56.21712],[-134.04205,56.25305],[-134.06629,56.31637],[-134.09648,56.17917],[-134.19464,56.18168],[-134.16612,56.1392],[-134.11193,56.14502],[-134.11074,56.04957],[-134.13308,56.00149],[-134.16659,56.05581],[-134.236,56.06934],[-134.2108,56.10395],[-134.26143,56.13072],[-134.27498,56.26533],[-134.21627,56.28393],[-134.29946,56.2896],[-134.2928,56.35406],[-134.23457,56.40893],[-134.25311,56.44166],[-134.21389,56.47633],[-134.14758,56.38459],[-134.15709,56.43667],[-134.12405,56.45782],[-134.20177,56.54125],[-134.29399,56.57648],[-134.29898,56.64894],[-134.3622,56.66932],[-134.40047,56.72674],[-134.40974,56.85588],[-134.29185,56.90704]]],[[[-135.44256,56.83043],[-135.45174,56.81419],[-135.46017,56.82934],[-135.44256,56.83043]]],[[[-135.49359,56.82755],[-135.46923,56.83679],[-135.47533,56.82131],[-135.49359,56.82755]]],[[[-135.42379,56.84122],[-135.41929,56.84609],[-135.41663,56.83768],[-135.42379,56.84122]]],[[[-135.42595,56.8466],[-135.42898,56.85165],[-135.4221,56.84907],[-135.42595,56.8466]]],[[[-135.5397,56.8344],[-135.55856,56.8656],[-135.52089,56.8535],[-135.5397,56.8344]]],[[[-133.93509,56.86783],[-133.94912,56.88757],[-133.91869,56.86549],[-133.93509,56.86783]]],[[[-135.43942,56.89435],[-135.43234,56.88201],[-135.44556,56.8895],[-135.43942,56.89435]]],[[[-134.01604,56.93007],[-133.99817,56.91466],[-134.02636,56.92793],[-134.01604,56.93007]]],[[[-135.40894,56.9239],[-135.4035,56.92594],[-135.39929,56.92258],[-135.40894,56.9239]]],[[[-135.71294,56.98916],[-135.70248,56.98243],[-135.71603,56.98476],[-135.71294,56.98916]]],[[[-135.34456,57.02296],[-135.3462,57.02595],[-135.34101,57.02617],[-135.34456,57.02296]]],[[[-135.33811,57.02646],[-135.33624,57.02777],[-135.3315,57.02501],[-135.33811,57.02646]]],[[[-135.32288,57.02679],[-135.32971,57.0283],[-135.33099,57.03485],[-135.32288,57.02679]]],[[[-135.37349,57.05345],[-135.35351,57.05398],[-135.35096,57.03987],[-135.37349,57.05345]]],[[[-135.41417,57.08589],[-135.40539,57.07558],[-135.41639,57.0775],[-135.41417,57.08589]]],[[[-135.491,57.09269],[-135.49189,57.09997],[-135.48552,57.09337],[-135.491,57.09269]]],[[[-135.45657,57.08937],[-135.46921,57.10743],[-135.43657,57.10208],[-135.45657,57.08937]]],[[[-135.47234,57.11054],[-135.47712,57.09942],[-135.47611,57.11542],[-135.47234,57.11054]]],[[[-133.98529,57.12232],[-133.99335,57.12614],[-133.97569,57.13171],[-133.98529,57.12232]]],[[[-135.41761,57.13919],[-135.42572,57.12947],[-135.43375,57.13503],[-135.41761,57.13919]]],[[[-135.86339,57.32996],[-135.76475,57.35073],[-135.6376,57.29965],[-135.57033,57.24801],[-135.65637,57.25148],[-135.60218,57.19989],[-135.54941,57.18842],[-135.53278,57.22756],[-135.45577,57.18031],[-135.56676,57.15531],[-135.57128,57.09015],[-135.63688,57.00987],[-135.82156,56.98955],[-135.85911,57.00961],[-135.84461,57.09028],[-135.76237,57.11378],[-135.75715,57.16923],[-135.83605,57.17529],[-135.80278,57.23643],[-135.86672,57.21984],[-135.82892,57.30839],[-135.86339,57.32996]]],[[[-135.45258,57.18451],[-135.51289,57.22997],[-135.40077,57.24217],[-135.45258,57.18451]]],[[[-134.06748,57.26132],[-134.05465,57.26348],[-134.06217,57.25516],[-134.06748,57.26132]]],[[[-134.02375,57.29022],[-133.99855,57.2969],[-134.00497,57.28162],[-134.02375,57.29022]]],[[[-133.87567,57.26761],[-133.85595,57.31038],[-133.79225,57.29883],[-133.87567,57.26761]]],[[[-135.86643,57.40327],[-135.90945,57.4057],[-135.89781,57.41825],[-135.86643,57.40327]]],[[[-134.869,57.43078],[-134.8919,57.43022],[-134.89033,57.43456],[-134.869,57.43078]]],[[[-135.44825,57.56123],[-135.44864,57.56471],[-135.44472,57.56286],[-135.44825,57.56123]]],[[[-134.8561,58.17648],[-134.89841,58.19415],[-134.95664,58.31096],[-134.95379,58.41082],[-134.88605,58.32082],[-134.87876,58.35809],[-134.80381,58.32182],[-134.69591,58.16094],[-134.56566,58.17924],[-134.42043,58.16997],[-134.33368,58.14275],[-134.2051,58.16671],[-134.16683,58.12744],[-134.21769,58.12255],[-134.10147,58.02073],[-134.08816,57.97577],[-133.99142,57.91219],[-134.00592,57.894],[-133.89992,57.80699],[-133.87472,57.73321],[-133.89255,57.68395],[-133.81007,57.62876],[-133.83669,57.57668],[-133.85452,57.62011],[-133.99736,57.719],[-134.01519,57.79103],[-134.14591,57.88301],[-134.15994,57.95799],[-134.22483,58.01444],[-134.31704,58.03294],[-134.23576,57.96707],[-134.3313,58.00021],[-134.28044,57.91699],[-134.30659,57.83104],[-134.25073,57.87416],[-134.10385,57.71951],[-133.94199,57.61909],[-133.94603,57.56865],[-133.83907,57.43866],[-133.90253,57.48519],[-133.9301,57.46589],[-133.87805,57.42266],[-133.86212,57.36669],[-133.97906,57.30448],[-134.07984,57.36285],[-134.10789,57.32129],[-134.13879,57.36823],[-134.16469,57.33169],[-134.09553,57.28355],[-134.11739,57.24139],[-134.21365,57.17393],[-134.26618,57.17934],[-134.27949,57.14184],[-134.39334,57.12752],[-134.37076,57.0968],[-134.48413,57.04797],[-134.47439,57.0256],[-134.59988,57.0331],[-134.63767,57.10649],[-134.60369,57.15692],[-134.6517,57.2311],[-134.57041,57.22042],[-134.61795,57.27224],[-134.50933,57.31706],[-134.57873,57.34349],[-134.5792,57.40026],[-134.46654,57.39296],[-134.58158,57.47228],[-134.61201,57.56355],[-134.67356,57.61832],[-134.73084,57.72255],[-134.70565,57.83091],[-134.74368,57.89969],[-134.7665,57.99832],[-134.80271,58.02866],[-134.80144,58.10472],[-134.8561,58.17648]]],[[[-134.05296,57.78756],[-134.04498,57.77397],[-134.0523,57.77228],[-134.05296,57.78756]]],[[[-134.05628,57.8039],[-134.06663,57.80396],[-134.06231,57.81033],[-134.05628,57.8039]]],[[[-134.11311,57.77101],[-134.18941,57.83446],[-134.19274,57.89173],[-134.10717,57.79888],[-134.11311,57.77101]]],[[[-134.26547,57.89577],[-134.25263,57.88225],[-134.26666,57.88377],[-134.26547,57.89577]]],[[[-135.11003,57.8959],[-135.11573,57.89911],[-135.104,57.89937],[-135.11003,57.8959]]],[[[-134.17515,57.90903],[-134.23671,57.90461],[-134.28496,57.95421],[-134.20106,57.93945],[-134.17515,57.90903]]],[[[-134.10872,58.08325],[-134.14912,58.10473],[-134.10634,58.09858],[-134.10872,58.08325]]],[[[-135.4966,58.15319],[-135.49114,58.15194],[-135.49506,58.14874],[-135.4966,58.15319]]],[[[-135.25517,58.17041],[-135.25921,58.17041],[-135.25956,58.17994],[-135.25517,58.17041]]],[[[-135.50029,58.1866],[-135.49589,58.19036],[-135.49114,58.18316],[-135.50029,58.1866]]],[[[-135.07905,58.24755],[-135.08523,58.26655],[-135.04886,58.22315],[-135.07905,58.24755]]],[[[-134.72157,58.25023],[-134.73322,58.2481],[-134.72871,58.2596],[-134.72157,58.25023]]],[[[-135.45007,58.31924],[-135.46106,58.31973],[-135.45768,58.32746],[-135.45007,58.31924]]],[[[-134.7331,58.32932],[-134.74641,58.33568],[-134.74047,58.33868],[-134.7331,58.32932]]],[[[-134.66382,58.34229],[-134.65426,58.34449],[-134.65668,58.33378],[-134.66382,58.34229]]],[[[-135.48667,58.34073],[-135.48862,58.34364],[-135.48009,58.34176],[-135.48667,58.34073]]],[[[-134.69626,58.36262],[-134.69056,58.34778],[-134.70601,58.35327],[-134.69626,58.36262]]],[[[-135.55239,58.32906],[-135.68765,58.33414],[-135.73266,58.36923],[-135.66467,58.3839],[-135.5377,58.34324],[-135.55239,58.32906]]],[[[-134.83954,58.37115],[-134.9216,58.47125],[-134.9142,58.48641],[-134.80876,58.37473],[-134.83954,58.37115]]],[[[-134.97898,58.4588],[-134.98255,58.4537],[-134.99491,58.46327],[-134.97898,58.4588]]],[[[-134.99693,58.48024],[-135.0282,58.52018],[-134.96864,58.50098],[-134.99693,58.48024]]],[[[-135.04383,58.5329],[-135.02967,58.52658],[-135.03693,58.52567],[-135.04383,58.5329]]],[[[-134.90887,58.55199],[-134.92657,58.57684],[-134.89639,58.55503],[-134.90887,58.55199]]],[[[-135.3298,58.93767],[-135.35309,59.01557],[-135.29676,58.96366],[-135.3298,58.93767]]],[[[-135.24875,59.0064],[-135.26634,59.0338],[-135.24447,59.01668],[-135.24875,59.0064]]],[[[-135.27466,59.04542],[-135.2882,59.05666],[-135.28274,59.06241],[-135.27466,59.04542]]],[[[-135.27038,59.07096],[-135.28012,59.07841],[-135.27181,59.07804],[-135.27038,59.07096]]],[[[-135.39398,59.14169],[-135.40212,59.14903],[-135.39365,59.14616],[-135.39398,59.14169]]],[[[-133.54779,54.78092],[-133.53615,54.84255],[-133.51701,54.75082],[-133.54779,54.78092]]],[[[-132.62298,54.87901],[-132.68953,54.84967],[-132.61229,54.78749],[-132.63522,54.74951],[-132.70605,54.81544],[-132.80397,54.86793],[-132.81669,54.91789],[-132.73243,54.94049],[-132.62298,54.87901]]],[[[-132.86949,54.94915],[-132.87268,54.95597],[-132.86032,54.95117],[-132.86949,54.94915]]],[[[-132.84864,54.97116],[-132.83632,54.96614],[-132.84736,54.96179],[-132.84864,54.97116]]],[[[-132.87008,54.96842],[-132.85935,54.97253],[-132.86128,54.95845],[-132.87008,54.96842]]],[[[-132.72341,54.98892],[-132.71623,54.97716],[-132.73786,54.98835],[-132.72341,54.98892]]],[[[-132.91747,55.04208],[-132.93482,55.07965],[-132.89536,55.09679],[-132.91747,55.04208]]],[[[-132.69146,55.09295],[-132.69413,55.08647],[-132.69833,55.08958],[-132.69146,55.09295]]],[[[-132.96976,55.17572],[-132.9669,55.16514],[-133.01444,55.16283],[-132.96976,55.17572]]],[[[-133.25916,55.17972],[-133.25454,55.17392],[-133.26738,55.17638],[-133.25916,55.17972]]],[[[-133.67816,55.37657],[-133.57525,55.43082],[-133.56526,55.41356],[-133.4198,55.42489],[-133.4179,55.38616],[-133.56716,55.34347],[-133.61446,55.2356],[-133.6891,55.31778],[-133.62373,55.36374],[-133.67816,55.37657]]],[[[-133.39101,55.35356],[-133.39369,55.35523],[-133.38736,55.35628],[-133.39101,55.35356]]],[[[-133.2539,55.40573],[-133.32711,55.41261],[-133.24344,55.45051],[-133.2539,55.40573]]],[[[-133.64744,55.41958],[-133.64864,55.43629],[-133.61442,55.44089],[-133.64744,55.41958]]],[[[-133.10466,55.43564],[-133.10524,55.42952],[-133.12108,55.44133],[-133.10466,55.43564]]],[[[-133.527,55.52901],[-133.43406,55.48715],[-133.45451,55.43554],[-133.55647,55.42813],[-133.62064,55.44876],[-133.53972,55.48923],[-133.527,55.52901]]],[[[-133.18075,55.49924],[-133.15777,55.48939],[-133.16311,55.47777],[-133.18075,55.49924]]],[[[-133.715,55.52188],[-133.76016,55.53372],[-133.66628,55.55793],[-133.58428,55.53681],[-133.66747,55.43797],[-133.78036,55.46924],[-133.715,55.52188]]],[[[-133.66045,56.08426],[-133.5043,56.07631],[-133.62599,56.10574],[-133.63574,56.14774],[-133.58154,56.1292],[-133.53543,56.15608],[-133.63241,56.21877],[-133.65594,56.32817],[-133.60294,56.31169],[-133.6248,56.35873],[-133.41707,56.32804],[-133.27351,56.33601],[-133.17369,56.32633],[-133.07386,56.24612],[-133.03856,56.17573],[-133.13637,56.10501],[-133.06839,56.03729],[-133.01442,56.05635],[-132.92686,56.02374],[-132.84557,56.03616],[-132.6168,55.90874],[-132.4698,55.78365],[-132.49261,55.76112],[-132.44413,55.71944],[-132.45387,55.61428],[-132.38958,55.67035],[-132.35512,55.64333],[-132.29653,55.53607],[-132.19837,55.51428],[-132.14356,55.47176],[-132.17847,55.45098],[-132.23285,55.48595],[-132.46261,55.55595],[-132.49833,55.60095],[-132.55053,55.60066],[-132.56852,55.57459],[-132.53492,55.56075],[-132.58555,55.49873],[-132.6742,55.45725],[-132.56641,55.4757],[-132.55964,55.50627],[-132.41477,55.51583],[-132.39683,55.47544],[-132.31863,55.47914],[-132.2806,55.44431],[-132.41834,55.43291],[-132.37888,55.39244],[-132.26955,55.42509],[-132.24899,55.39595],[-132.14548,55.33651],[-132.09391,55.26825],[-132.15784,55.23642],[-132.23271,55.248],[-132.26444,55.2034],[-132.18827,55.22422],[-132.10246,55.19872],[-132.04696,55.27414],[-131.99242,55.25959],[-131.97661,55.17416],[-132.03948,55.11671],[-132.00252,55.10257],[-132.08737,55.0791],[-132.09212,55.04065],[-132.22998,55.00154],[-132.14382,54.98832],[-132.04768,55.03316],[-131.99182,55.03963],[-131.9671,54.96029],[-131.97423,54.85035],[-131.95237,54.80312],[-132.00478,54.78249],[-132.01464,54.69131],[-132.16687,54.69165],[-132.20086,54.7253],[-132.32018,54.71884],[-132.37104,54.7829],[-132.50485,54.7755],[-132.44234,54.82934],[-132.32232,54.83372],[-132.4597,54.91099],[-132.52316,54.89623],[-132.53005,54.93257],[-132.61633,54.97134],[-132.56998,55.07121],[-132.53171,55.10087],[-132.57521,55.12629],[-132.62583,55.05284],[-132.62869,55.11107],[-132.58329,55.16704],[-132.67527,55.23771],[-132.63035,55.17369],[-132.67194,55.14164],[-132.80005,55.19377],[-132.81194,55.17342],[-132.68882,55.1252],[-132.71491,55.08047],[-132.69476,55.01252],[-132.75561,54.98839],[-132.89394,55.03663],[-132.86494,55.08836],[-132.93767,55.13607],[-132.89964,55.17518],[-132.93933,55.21032],[-133.04867,55.22036],[-133.00232,55.24272],[-133.11997,55.25518],[-133.01064,55.12289],[-133.00921,55.08523],[-133.06103,55.08006],[-132.95407,55.01592],[-132.9265,54.9323],[-132.85519,54.89705],[-132.7499,54.81989],[-132.68525,54.72914],[-132.72019,54.69344],[-132.67337,54.67613],[-132.84379,54.69124],[-132.90439,54.77646],[-133.00208,54.82304],[-133.02823,54.87217],[-133.16774,54.94937],[-133.17749,55.05107],[-133.23929,55.08727],[-133.20126,55.13648],[-133.24119,55.16894],[-133.21552,55.24448],[-133.12401,55.27035],[-133.23287,55.2671],[-133.25616,55.22008],[-133.34101,55.20463],[-133.38855,55.22835],[-133.46033,55.22524],[-133.4715,55.26629],[-133.42254,55.2713],[-133.46365,55.3192],[-133.35456,55.34651],[-133.30512,55.32826],[-133.30156,55.28903],[-133.25093,55.27699],[-133.23738,55.30974],[-133.29253,55.35327],[-133.22574,55.38272],[-133.16133,55.36151],[-133.1618,55.39352],[-133.03818,55.41743],[-133.01317,55.44933],[-133.14207,55.45772],[-133.15449,55.4773],[-133.08225,55.56257],[-133.15582,55.53463],[-133.16422,55.58292],[-133.27199,55.57659],[-133.41126,55.64317],[-133.38443,55.73631],[-133.32593,55.71318],[-133.34149,55.75069],[-133.42349,55.73972],[-133.51642,55.76179],[-133.48742,55.73196],[-133.52973,55.69299],[-133.64358,55.72874],[-133.70205,55.78371],[-133.62884,55.83367],[-133.48885,55.8127],[-133.48719,55.78959],[-133.37239,55.78398],[-133.322,55.81404],[-133.36335,55.84528],[-133.35313,55.88409],[-133.49788,55.94004],[-133.46508,55.99338],[-133.48695,56.02806],[-133.53876,55.98068],[-133.59367,55.96725],[-133.63835,55.92],[-133.7181,55.89479],[-133.72902,55.92258],[-133.8002,55.91944],[-133.77739,55.99079],[-133.66045,56.08426]]],[[[-133.31308,55.56787],[-133.27981,55.52511],[-133.36086,55.44902],[-133.40958,55.47086],[-133.45569,55.53224],[-133.41576,55.56881],[-133.31308,55.56787]]],[[[-133.17714,55.5508],[-133.18056,55.56203],[-133.1699,55.5602],[-133.17714,55.5508]]],[[[-133.30213,55.5765],[-133.30949,55.5807],[-133.30122,55.58329],[-133.30213,55.5765]]],[[[-133.63663,55.59639],[-133.60204,55.60099],[-133.62166,55.58507],[-133.63663,55.59639]]],[[[-133.70644,55.60535],[-133.69935,55.58181],[-133.72782,55.59937],[-133.70644,55.60535]]],[[[-133.64044,55.60864],[-133.65483,55.61138],[-133.64004,55.61938],[-133.64044,55.60864]]],[[[-133.6181,55.65297],[-133.60834,55.64834],[-133.61714,55.64283],[-133.6181,55.65297]]],[[[-133.56833,55.64418],[-133.61047,55.68325],[-133.54395,55.66998],[-133.56833,55.64418]]],[[[-133.6696,55.65151],[-133.68117,55.65866],[-133.66976,55.66214],[-133.6696,55.65151]]],[[[-133.44845,55.66428],[-133.43503,55.66217],[-133.44725,55.65728],[-133.44845,55.66428]]],[[[-133.71532,55.66433],[-133.7115,55.67333],[-133.70296,55.6693],[-133.71532,55.66433]]],[[[-133.41731,55.72232],[-133.40246,55.71864],[-133.41505,55.71203],[-133.41731,55.72232]]],[[[-133.35081,55.73316],[-133.35455,55.74043],[-133.33983,55.73172],[-133.35081,55.73316]]],[[[-133.69354,55.86616],[-133.67263,55.87282],[-133.67616,55.85569],[-133.69354,55.86616]]],[[[-133.52141,55.87822],[-133.50549,55.89355],[-133.48742,55.87516],[-133.52141,55.87822]]],[[[-133.69632,55.89226],[-133.69252,55.88275],[-133.70424,55.88033],[-133.69632,55.89226]]],[[[-133.47859,55.90358],[-133.49555,55.91266],[-133.48121,55.91454],[-133.47859,55.90358]]],[[[-133.62242,55.91853],[-133.61981,55.90654],[-133.63122,55.9144],[-133.62242,55.91853]]],[[[-133.07469,56.04545],[-133.07897,56.06112],[-133.06946,56.05189],[-133.07469,56.04545]]],[[[-132.98663,56.05926],[-133.06297,56.05837],[-133.08052,56.08864],[-133.00669,56.11848],[-132.98663,56.05926]]],[[[-133.66901,56.10694],[-133.67875,56.09752],[-133.68517,56.10614],[-133.66901,56.10694]]],[[[-132.71927,56.11743],[-132.71223,56.11745],[-132.71484,56.11241],[-132.71927,56.11743]]],[[[-132.84854,56.11472],[-132.89643,56.09974],[-132.92234,56.1489],[-132.84854,56.11472]]],[[[-132.94959,56.14138],[-132.94522,56.14223],[-132.94634,56.13797],[-132.94959,56.14138]]],[[[-132.87825,56.16405],[-132.89001,56.16901],[-132.88618,56.1734],[-132.87825,56.16405]]],[[[-133.00137,56.15452],[-133.01194,56.18753],[-132.97071,56.15353],[-133.00137,56.15452]]],[[[-132.94837,56.16418],[-132.96346,56.19864],[-132.89287,56.15929],[-132.94837,56.16418]]],[[[-132.91913,56.19256],[-132.92472,56.20287],[-132.9126,56.2003],[-132.91913,56.19256]]],[[[-132.93208,56.23188],[-133.00208,56.21451],[-133.006,56.24311],[-132.93208,56.23188]]],[[[-133.02411,56.23774],[-133.02182,56.23489],[-133.02741,56.23444],[-133.02411,56.23774]]],[[[-132.9631,56.25176],[-133.00565,56.25546],[-132.99257,56.27777],[-132.9631,56.25176]]],[[[-132.82667,56.44176],[-132.71627,56.45673],[-132.62904,56.41817],[-132.62263,56.38851],[-132.67801,56.35047],[-132.65721,56.2779],[-132.87255,56.23221],[-132.95965,56.29551],[-133.06602,56.3309],[-133.07006,56.35521],[-132.97094,56.44905],[-132.82667,56.44176]]],[[[-133.69813,56.39617],[-133.69765,56.38525],[-133.7169,56.39196],[-133.69813,56.39617]]],[[[-133.8077,56.39486],[-133.80484,56.42103],[-133.77418,56.3921],[-133.8077,56.39486]]],[[[-133.55256,56.42847],[-133.54763,56.43151],[-133.54447,56.42853],[-133.55256,56.42847]]],[[[-133.29812,56.45711],[-133.3095,56.4578],[-133.30342,56.46287],[-133.29812,56.45711]]],[[[-133.0634,56.45693],[-133.11165,56.45798],[-133.07636,56.47334],[-133.0634,56.45693]]],[[[-132.58959,56.44869],[-132.64616,56.46918],[-132.61906,56.48781],[-132.58959,56.44869]]],[[[-132.76785,56.49641],[-132.76339,56.49372],[-132.7716,56.49255],[-132.76785,56.49641]]],[[[-132.61348,56.4936],[-132.58234,56.51354],[-132.55786,56.49557],[-132.61348,56.4936]]],[[[-133.07539,56.51418],[-133.06956,56.51547],[-133.07065,56.50782],[-133.07539,56.51418]]],[[[-133.08894,56.51578],[-133.09617,56.51914],[-133.08964,56.52153],[-133.08894,56.51578]]],[[[-133.76577,56.52733],[-133.78027,56.52946],[-133.77219,56.53536],[-133.76577,56.52733]]],[[[-132.54883,56.51065],[-132.54407,56.556],[-132.52102,56.53949],[-132.54883,56.51065]]],[[[-132.90867,56.88635],[-132.91604,56.88765],[-132.91604,56.89323],[-132.90867,56.88635]]],[[[-132.9448,56.89531],[-132.93316,56.89764],[-132.9372,56.88856],[-132.9448,56.89531]]],[[[-133.56324,57.22236],[-133.55802,57.22017],[-133.57441,57.21232],[-133.56324,57.22236]]],[[[-133.51571,57.21116],[-133.54542,57.23934],[-133.53211,57.24808],[-133.51571,57.21116]]],[[[-133.27803,57.30166],[-133.28777,57.30436],[-133.28373,57.3095],[-133.27803,57.30166]]],[[[-133.57085,57.50129],[-133.58559,57.49631],[-133.58606,57.50142],[-133.57085,57.50129]]],[[[-133.46104,57.71],[-133.44155,57.69946],[-133.46199,57.70009],[-133.46104,57.71]]],[[[-133.64952,57.76747],[-133.61102,57.76062],[-133.6248,57.75352],[-133.64952,57.76747]]],[[[178.92083,51.58614],[179.0029,51.55249],[179.0768,51.49852],[179.19108,51.46293],[179.23027,51.41342],[179.38622,51.4044],[179.46277,51.37618],[179.26162,51.35769],[179.21818,51.38738],[179.06035,51.45487],[178.95163,51.54196],[178.84363,51.57864],[178.78506,51.57187],[178.63402,51.62398],[178.64551,51.65763],[178.73802,51.63273],[178.90391,51.61491],[178.92083,51.58614]]],[[[178.23693,51.82821],[178.30557,51.82175],[178.37235,51.77415],[178.30489,51.77743],[178.23693,51.82821]]],[[[178.0184,51.87915],[178.03116,51.87915],[178.02249,51.871],[178.0184,51.87915]]],[[[178.44696,51.97822],[178.47859,51.98755],[178.5916,51.95265],[178.50249,51.89964],[178.44696,51.97822]]],[[[179.77392,51.97069],[179.73477,51.90761],[179.61436,51.87177],[179.52187,51.89677],[179.47557,51.93746],[179.48246,51.98283],[179.53922,51.98518],[179.58286,52.01684],[179.66333,52.02294],[179.77392,51.97069]]],[[[177.5634,52.12196],[177.60267,52.13732],[177.67595,52.09217],[177.60165,52.01638],[177.53822,51.9789],[177.60754,51.95472],[177.56051,51.91636],[177.40954,51.93082],[177.34882,51.90447],[177.33402,51.84444],[177.29342,51.84561],[177.20042,51.89475],[177.29131,51.91943],[177.34558,51.96301],[177.49744,51.99333],[177.50532,52.03877],[177.5634,52.12196]]],[[[178.09461,52.03329],[178.17996,52.03325],[178.19096,52.00355],[178.13255,51.98698],[178.09461,52.03329]]],[[[177.3618,52.11668],[177.35693,52.12367],[177.36879,52.12579],[177.3618,52.11668]]],[[[175.91129,52.33483],[175.87332,52.36114],[175.96652,52.35973],[175.91129,52.33483]]],[[[173.7695,52.51207],[173.6916,52.44594],[173.7257,52.35658],[173.65129,52.35637],[173.58879,52.40097],[173.46544,52.38462],[173.3561,52.40556],[173.4457,52.45503],[173.53011,52.44997],[173.62388,52.50695],[173.7695,52.51207]]],[[[174.09665,52.74349],[174.15815,52.70606],[174.07184,52.7183],[174.09665,52.74349]]],[[[174.00483,52.71986],[173.95408,52.75141],[174.00365,52.74428],[174.00483,52.71986]]],[[[173.94004,52.75186],[173.89475,52.75078],[173.86165,52.77358],[173.94004,52.75186]]],[[[173.2954,52.92699],[173.42168,52.84548],[173.41302,52.82789],[173.30233,52.82329],[173.22907,52.85616],[173.1669,52.79523],[173.11856,52.78444],[172.99847,52.79698],[172.90363,52.76167],[172.80939,52.78929],[172.76337,52.82366],[172.75424,52.87749],[172.64037,52.92544],[172.513,52.90518],[172.46167,52.92716],[172.62908,53.00132],[172.74657,53.01075],[173.10725,52.99323],[173.21175,52.93949],[173.2954,52.92699]]],[[[-131.20705,54.86979],[-131.19565,54.87384],[-131.19755,54.86772],[-131.20705,54.86979]]],[[[-131.24413,55.00328],[-131.24546,54.93353],[-131.19146,54.91463],[-131.34358,54.85579],[-131.49835,54.93211],[-131.47687,54.96302],[-131.24413,55.00328]]],[[[-131.58867,54.9308],[-131.58867,54.97044],[-131.53391,54.95505],[-131.58867,54.9308]]],[[[-131.53448,55.00426],[-131.49797,54.99117],[-131.50064,54.96651],[-131.53448,55.00426]]],[[[-131.29034,55.01004],[-131.2506,55.03674],[-131.21542,55.03642],[-131.29034,55.01004]]],[[[-132.07537,55.05269],[-132.07846,55.05733],[-132.07047,55.0573],[-132.07537,55.05269]]],[[[-131.99024,55.0573],[-131.99785,55.05252],[-131.9954,55.05907],[-131.99024,55.0573]]],[[[-132.01781,55.06207],[-132.01235,55.06848],[-132.01267,55.06117],[-132.01781,55.06207]]],[[[-131.17511,55.08673],[-131.19679,55.04317],[-131.23938,55.0618],[-131.21124,55.11273],[-131.17511,55.08673]]],[[[-131.74321,55.1104],[-131.74131,55.11339],[-131.73647,55.11115],[-131.74321,55.1104]]],[[[-131.70639,55.11346],[-131.71243,55.11604],[-131.70637,55.11747],[-131.70639,55.11346]]],[[[-131.7309,55.12452],[-131.73753,55.12081],[-131.73905,55.12707],[-131.7309,55.12452]]],[[[-131.59923,55.12594],[-131.53553,55.14904],[-131.60992,55.23858],[-131.57237,55.28611],[-131.44545,55.21757],[-131.32637,55.16981],[-131.36416,55.16316],[-131.35584,55.04078],[-131.39007,55.01148],[-131.49275,55.01176],[-131.51366,55.05711],[-131.60778,54.9939],[-131.64819,55.0465],[-131.59162,55.08828],[-131.59923,55.12594]]],[[[-131.97649,55.14633],[-131.95879,55.15414],[-131.96057,55.14334],[-131.97649,55.14633]]],[[[-131.33077,55.18325],[-131.33528,55.1882],[-131.32744,55.18494],[-131.33077,55.18325]]],[[[-132.11554,55.22995],[-132.11218,55.2274],[-132.12232,55.22698],[-132.11554,55.22995]]],[[[-131.38305,55.24796],[-131.38579,55.25096],[-131.38289,55.25113],[-131.38305,55.24796]]],[[[-131.42662,55.23846],[-131.4599,55.26508],[-131.41343,55.25506],[-131.42662,55.23846]]],[[[-131.5101,55.26337],[-131.50819,55.26716],[-131.50011,55.26459],[-131.5101,55.26337]]],[[[-131.04479,55.29852],[-131.03065,55.30481],[-131.03493,55.28485],[-131.04479,55.29852]]],[[[-132.08297,55.29837],[-132.07204,55.30121],[-132.08333,55.29073],[-132.08297,55.29837]]],[[[-131.64244,55.31854],[-131.65836,55.33774],[-131.59407,55.30752],[-131.64244,55.31854]]],[[[-130.96101,55.3159],[-130.98311,55.36598],[-130.92963,55.34085],[-130.96101,55.3159]]],[[[-131.26999,55.36078],[-131.25692,55.36233],[-131.25561,55.35166],[-131.26999,55.36078]]],[[[-132.20633,55.39757],[-132.19825,55.40647],[-132.16723,55.40168],[-132.20633,55.39757]]],[[[-132.13625,55.45035],[-132.11005,55.44322],[-132.12717,55.43729],[-132.13625,55.45035]]],[[[-131.80561,55.48274],[-131.80459,55.48677],[-131.80108,55.48523],[-131.80561,55.48274]]],[[[-132.32137,55.49032],[-132.367,55.49362],[-132.34739,55.50533],[-132.32137,55.49032]]],[[[-131.75781,55.51524],[-131.83696,55.49222],[-131.85098,55.52546],[-131.75365,55.54335],[-131.75781,55.51524]]],[[[-132.38444,55.51397],[-132.38348,55.51686],[-132.3814,55.51368],[-132.38444,55.51397]]],[[[-131.71647,55.52987],[-131.71611,55.53371],[-131.71206,55.5337],[-131.71647,55.52987]]],[[[-131.72871,55.55485],[-131.7061,55.56306],[-131.71929,55.5463],[-131.72871,55.55485]]],[[[-132.51962,55.58513],[-132.51403,55.58129],[-132.51743,55.58026],[-132.51962,55.58513]]],[[[-132.52704,55.58763],[-132.52408,55.58288],[-132.52797,55.58228],[-132.52704,55.58763]]],[[[-132.53771,55.5848],[-132.54546,55.58436],[-132.542,55.59197],[-132.53771,55.5848]]],[[[-131.8226,55.84576],[-131.83603,55.8577],[-131.81487,55.85209],[-131.8226,55.84576]]],[[[-131.60101,55.85392],[-131.71236,55.85337],[-131.63917,55.9129],[-131.60101,55.85392]]],[[[-132.40836,55.91738],[-132.41387,55.91782],[-132.40848,55.92131],[-132.40836,55.91738]]],[[[-132.19226,55.91955],[-132.16647,55.92505],[-132.16078,55.92163],[-132.19226,55.91955]]],[[[-132.12504,55.93003],[-132.12874,55.93184],[-132.12384,55.9331],[-132.12504,55.93003]]],[[[-132.04933,55.98339],[-132.04913,55.99164],[-132.0429,55.98414],[-132.04933,55.98339]]],[[[-132.06742,56.04936],[-132.02991,56.09122],[-131.98378,56.02513],[-132.0263,55.97884],[-132.06742,56.04936]]],[[[-132.09617,56.02339],[-132.11625,56.03003],[-132.09938,56.04862],[-132.09617,56.02339]]],[[[-132.49369,56.05539],[-132.49546,56.05249],[-132.50253,56.05543],[-132.49369,56.05539]]],[[[-132.13782,56.06001],[-132.14498,56.05919],[-132.14625,56.06584],[-132.13782,56.06001]]],[[[-132.09163,56.07873],[-132.09831,56.07783],[-132.09561,56.08186],[-132.09163,56.07873]]],[[[-132.07275,56.10188],[-132.07977,56.10327],[-132.06947,56.10701],[-132.07275,56.10188]]],[[[-132.14279,56.1513],[-132.14204,56.14902],[-132.1469,56.14908],[-132.14279,56.1513]]],[[[-132.40372,56.40518],[-132.4042,56.38242],[-132.52209,56.35386],[-132.56178,56.39361],[-132.50521,56.43778],[-132.40372,56.40518]]],[[[-132.47895,56.50449],[-132.478,56.49754],[-132.48988,56.50344],[-132.47895,56.50449]]],[[[-132.46493,56.51196],[-132.47681,56.53989],[-132.43878,56.52468],[-132.46493,56.51196]]],[[[-132.45162,56.59619],[-132.40836,56.58507],[-132.48465,56.56583],[-132.45162,56.59619]]]]}},{"type":"Feature","id":"04","properties":{"state_fips":"04","state_abbr":"AZ","state_name":"Arizona"},"geometry":{"type":"Polygon","coordinates":[[[-114.70192,32.74555],[-114.61558,32.72845],[-114.52686,32.75709],[-114.53167,32.79119],[-114.46897,32.84516],[-114.46445,32.91313],[-114.52013,33.02998],[-114.60101,33.02541],[-114.6708,33.03798],[-114.70649,33.08816],[-114.67873,33.16295],[-114.67703,33.27017],[-114.73122,33.30243],[-114.70094,33.33701],[-114.72287,33.39878],[-114.62964,33.42814],[-114.62292,33.45656],[-114.5589,33.53182],[-114.5246,33.55223],[-114.53212,33.6697],[-114.49649,33.6969],[-114.53061,33.85544],[-114.50302,33.868],[-114.53457,33.92538],[-114.43827,34.02261],[-114.41591,34.10764],[-114.32458,34.13676],[-114.25414,34.17383],[-114.16654,34.24965],[-114.13545,34.25789],[-114.13828,34.30323],[-114.17691,34.34931],[-114.22611,34.36592],[-114.33537,34.45004],[-114.3867,34.45791],[-114.38084,34.52972],[-114.43636,34.5968],[-114.47162,34.71297],[-114.55268,34.76687],[-114.58684,34.83567],[-114.63068,34.86635],[-114.63349,35.00186],[-114.60474,35.07483],[-114.64676,35.10187],[-114.57826,35.12881],[-114.56953,35.16232],[-114.59516,35.32424],[-114.62676,35.40964],[-114.67871,35.49875],[-114.65716,35.5323],[-114.67497,35.58066],[-114.65341,35.61079],[-114.689,35.65028],[-114.70545,35.71176],[-114.69571,35.75599],[-114.70653,35.84903],[-114.66321,35.87369],[-114.70027,35.90177],[-114.74059,35.97566],[-114.72286,36.02716],[-114.7548,36.0847],[-114.63047,36.14222],[-114.5081,36.14971],[-114.50847,36.12991],[-114.37018,36.14262],[-114.23344,36.01283],[-114.15139,36.02313],[-114.06822,36.17769],[-114.04394,36.19335],[-114.0432,36.37941],[-114.0494,36.68886],[-114.0506,37.0004],[-113.62429,37.00006],[-112.96647,37.00022],[-112.54037,37.00067],[-111.83303,37.00128],[-111.13372,37.00078],[-110.50069,37.00426],[-110.47019,36.998],[-109.62567,36.99831],[-109.04522,36.99908],[-109.04618,36.18175],[-109.0468,35.36361],[-109.04701,34.00005],[-109.04747,33.25006],[-109.05004,31.3325],[-110.00061,31.33315],[-110.46017,31.33283],[-111.07482,31.33224],[-111.77019,31.55453],[-113.12596,31.97278],[-113.75076,32.169],[-114.81361,32.49428],[-114.79177,32.56784],[-114.80939,32.61712],[-114.76438,32.64267],[-114.71963,32.71876],[-114.70192,32.74555]]]}},{"type":"Feature","id":"05","properties":{"state_fips":"05","state_abbr":"AR","state_name":"Arkansas"},"geometry":{"type":"Polygon","coordinates":[[[-94.04345,33.55225],[-94.08264,33.57549],[-94.14852,33.56568],[-94.18391,33.59468],[-94.20808,33.56691],[-94.35594,33.54318],[-94.47217,33.6042],[-94.44687,33.64018],[-94.48587,33.63787],[-94.44925,34.89587],[-94.43066,35.39248],[-94.5862,36.29997],[-94.61792,36.49941],[-94.11067,36.49859],[-93.12597,36.49785],[-92.35028,36.49779],[-91.53687,36.49916],[-91.40491,36.49712],[-90.71123,36.49832],[-90.15248,36.49795],[-90.14374,36.42443],[-90.06451,36.38208],[-90.08142,36.32564],[-90.06398,36.30304],[-90.14224,36.22752],[-90.22042,36.18476],[-90.23559,36.13947],[-90.29311,36.11437],[-90.37789,35.99568],[-89.73306,36.00081],[-89.71401,35.95981],[-89.65027,35.92766],[-89.64562,35.88583],[-89.67638,35.8767],[-89.74313,35.91118],[-89.76852,35.86053],[-89.69741,35.83668],[-89.72817,35.8027],[-89.79956,35.78833],[-89.83896,35.74214],[-89.9062,35.75894],[-89.95834,35.72656],[-89.95672,35.69428],[-89.90615,35.65114],[-89.85857,35.66893],[-89.85662,35.63444],[-89.95787,35.58489],[-89.91288,35.54909],[-89.90893,35.51424],[-89.95875,35.52384],[-89.98936,35.56004],[-90.03985,35.54706],[-90.05015,35.51564],[-90.00267,35.43053],[-90.04809,35.41174],[-90.0678,35.46622],[-90.10772,35.47694],[-90.16888,35.42188],[-90.17927,35.38519],[-90.13551,35.37667],[-90.11509,35.41141],[-90.08067,35.38566],[-90.10997,35.30499],[-90.15732,35.30149],[-90.15209,35.25599],[-90.09434,35.24879],[-90.07616,35.22148],[-90.10143,35.17109],[-90.06867,35.156],[-90.08262,35.12133],[-90.1418,35.13304],[-90.17684,35.11209],[-90.18116,35.05394],[-90.20731,35.02577],[-90.29697,35.03818],[-90.30836,34.99569],[-90.24593,34.94872],[-90.24321,34.9091],[-90.39976,34.8277],[-90.43873,34.82525],[-90.42937,34.86661],[-90.46227,34.89174],[-90.48437,34.86358],[-90.45538,34.82078],[-90.47645,34.79359],[-90.44842,34.73912],[-90.52417,34.73139],[-90.49278,34.7725],[-90.52111,34.80194],[-90.57194,34.71278],[-90.53244,34.69624],[-90.47417,34.70528],[-90.46882,34.67003],[-90.51717,34.63093],[-90.5551,34.64624],[-90.5701,34.69343],[-90.59114,34.6192],[-90.54049,34.55787],[-90.5931,34.47732],[-90.57769,34.43097],[-90.66679,34.35582],[-90.74964,34.36815],[-90.76869,34.34778],[-90.7364,34.31207],[-90.76562,34.26951],[-90.83363,34.27407],[-90.84715,34.20613],[-90.90633,34.24438],[-90.93454,34.21785],[-90.88756,34.18241],[-90.81657,34.18302],[-90.8361,34.13788],[-90.91001,34.16551],[-90.95864,34.13548],[-90.92129,34.09351],[-90.87192,34.08665],[-90.89625,34.02522],[-90.98818,34.01921],[-90.96155,33.97995],[-91.00011,33.96643],[-91.01895,34.00322],[-91.0862,34.00642],[-91.08969,33.9645],[-91.01019,33.93159],[-91.06978,33.87272],[-91.04908,33.81603],[-90.99175,33.7926],[-91.02588,33.76476],[-91.13406,33.78289],[-91.14881,33.73136],[-91.11735,33.70526],[-91.06805,33.7162],[-91.03684,33.67132],[-91.09135,33.65776],[-91.16037,33.7066],[-91.22991,33.68435],[-91.21223,33.65696],[-91.13744,33.62687],[-91.13686,33.59019],[-91.2299,33.56616],[-91.1826,33.49918],[-91.23518,33.43897],[-91.16981,33.45201],[-91.17697,33.48725],[-91.13215,33.48156],[-91.13188,33.43006],[-91.20903,33.40363],[-91.14194,33.38006],[-91.09953,33.40721],[-91.07074,33.45585],[-91.05815,33.42871],[-91.14222,33.34899],[-91.14161,33.29954],[-91.10082,33.23827],[-91.06703,33.28718],[-91.05041,33.2512],[-91.10026,33.21943],[-91.08571,33.13719],[-91.18366,33.14169],[-91.20146,33.10964],[-91.12464,33.06413],[-91.16609,33.00429],[-91.95196,33.00743],[-92.22282,33.00908],[-93.49089,33.01844],[-94.04296,33.01922],[-94.04345,33.55225]]]}},{"type":"Feature","id":"06","properties":{"state_fips":"06","state_abbr":"CA","state_name":"California"},"geometry":{"type":"MultiPolygon","coordinates":[[[[-123.99925,41.99614],[-123.34695,41.99928],[-123.14573,42.00876],[-123.044,42.00308],[-122.71306,42.00421],[-122.37851,42.00949],[-121.34491,41.99621],[-121.02211,41.99331],[-120.32639,41.99259],[-119.99923,41.99494],[-119.99987,41.18397],[-119.99593,40.4999],[-119.99763,39.95651],[-120.00624,39.3415],[-120.00101,38.99957],[-119.37599,38.56679],[-118.25095,37.76862],[-116.71029,36.62748],[-115.75084,35.88929],[-114.63349,35.00186],[-114.63068,34.86635],[-114.58684,34.83567],[-114.55268,34.76687],[-114.47162,34.71297],[-114.43636,34.5968],[-114.38084,34.52972],[-114.3867,34.45791],[-114.33537,34.45004],[-114.22611,34.36592],[-114.17691,34.34931],[-114.13828,34.30323],[-114.13545,34.25789],[-114.16654,34.24965],[-114.25414,34.17383],[-114.32458,34.13676],[-114.41591,34.10764],[-114.43827,34.02261],[-114.53457,33.92538],[-114.50302,33.868],[-114.53061,33.85544],[-114.49649,33.6969],[-114.53212,33.6697],[-114.5246,33.55223],[-114.5589,33.53182],[-114.62292,33.45656],[-114.62964,33.42814],[-114.72287,33.39878],[-114.70094,33.33701],[-114.73122,33.30243],[-114.67703,33.27017],[-114.67873,33.16295],[-114.70649,33.08816],[-114.6708,33.03798],[-114.60101,33.02541],[-114.52013,33.02998],[-114.46445,32.91313],[-114.46897,32.84516],[-114.53167,32.79119],[-114.52686,32.75709],[-114.61558,32.72845],[-114.70192,32.74555],[-114.71963,32.71876],[-115.692,32.65003],[-117.12367,32.53444],[-117.13772,32.62455],[-117.1931,32.68659],[-117.24313,32.66454],[-117.26008,32.80259],[-117.28117,32.84305],[-117.25167,32.87435],[-117.28185,33.01709],[-117.34191,33.14331],[-117.50592,33.33325],[-117.58772,33.38285],[-117.68103,33.46175],[-117.71462,33.45991],[-117.78428,33.54184],[-117.87335,33.59293],[-117.92802,33.60719],[-118.00059,33.65432],[-118.08893,33.73121],[-118.1808,33.76505],[-118.29577,33.70861],[-118.42816,33.77434],[-118.39021,33.8362],[-118.45144,33.95911],[-118.54385,34.03903],[-118.66302,34.03913],[-118.78541,34.02109],[-118.80655,34.00045],[-118.85491,34.03492],[-118.93627,34.04362],[-119.08599,34.09927],[-119.12925,34.10084],[-119.21644,34.14611],[-119.29094,34.2749],[-119.39045,34.3182],[-119.46104,34.37406],[-119.56399,34.41532],[-119.67187,34.4161],[-119.70907,34.3954],[-119.79357,34.41829],[-119.87829,34.40729],[-120.00808,34.46045],[-120.11841,34.46993],[-120.283,34.46835],[-120.47138,34.44785],[-120.51142,34.52295],[-120.6448,34.57702],[-120.60167,34.70972],[-120.63741,34.7559],[-120.6099,34.84275],[-120.64733,34.90113],[-120.6691,34.90157],[-120.63999,35.00296],[-120.63058,35.1039],[-120.64615,35.14394],[-120.69891,35.17119],[-120.75609,35.16046],[-120.85605,35.20649],[-120.89679,35.24788],[-120.86206,35.347],[-120.86921,35.40328],[-120.90794,35.44907],[-121.00336,35.46071],[-121.10079,35.54886],[-121.16576,35.63528],[-121.28653,35.66552],[-121.33245,35.78311],[-121.46328,35.88926],[-121.48563,35.97085],[-121.51138,36.00687],[-121.56719,36.01969],[-121.6327,36.12046],[-121.71718,36.19515],[-121.83578,36.25075],[-121.89943,36.3077],[-121.89304,36.34243],[-121.91413,36.42608],[-121.94619,36.49085],[-121.93251,36.55994],[-121.97676,36.57943],[-121.93643,36.63675],[-121.88966,36.60135],[-121.83726,36.6349],[-121.80897,36.69855],[-121.78828,36.80399],[-121.86227,36.93155],[-121.93007,36.97815],[-121.97277,36.95415],[-122.06564,36.94847],[-122.15359,36.97681],[-122.2238,37.02567],[-122.28488,37.10175],[-122.32947,37.11305],[-122.36708,37.17282],[-122.40507,37.19579],[-122.41845,37.24852],[-122.40085,37.35923],[-122.45958,37.49273],[-122.51669,37.52134],[-122.49678,37.68643],[-122.51448,37.78083],[-122.40953,37.8089],[-122.35928,37.72859],[-122.39416,37.70764],[-122.37429,37.66221],[-122.37854,37.60559],[-122.26287,37.57391],[-122.16209,37.50022],[-122.13617,37.50683],[-122.08874,37.45227],[-122.0386,37.45462],[-122.05554,37.49523],[-122.10942,37.50025],[-122.14701,37.58841],[-122.16759,37.67718],[-122.25217,37.72495],[-122.24395,37.75178],[-122.33204,37.78204],[-122.34225,37.80556],[-122.29662,37.82847],[-122.33569,37.91031],[-122.36829,37.90462],[-122.42976,37.9654],[-122.36758,37.97817],[-122.26286,38.05147],[-122.30256,38.10325],[-122.39359,38.14345],[-122.49752,38.11513],[-122.48376,38.07176],[-122.49783,38.0194],[-122.4473,37.98439],[-122.49555,37.97052],[-122.50306,37.92875],[-122.43827,37.88097],[-122.50102,37.89366],[-122.47873,37.82559],[-122.52988,37.81756],[-122.56149,37.85183],[-122.64196,37.89751],[-122.70264,37.89382],[-122.78267,37.9485],[-122.82138,37.99674],[-122.93971,38.03191],[-123.01153,38.00344],[-122.96089,38.11296],[-122.94963,38.16404],[-122.99563,38.23863],[-122.96713,38.24959],[-123.02433,38.31057],[-123.06367,38.30218],[-123.06826,38.35986],[-123.12882,38.45042],[-123.25068,38.51019],[-123.34011,38.57223],[-123.44177,38.69974],[-123.51478,38.74197],[-123.54184,38.77676],[-123.64739,38.84547],[-123.72798,38.91943],[-123.73289,38.95499],[-123.69074,39.02129],[-123.69317,39.0577],[-123.73793,39.16271],[-123.77142,39.19422],[-123.80089,39.31827],[-123.82772,39.34843],[-123.80231,39.48688],[-123.76647,39.5528],[-123.78863,39.59998],[-123.79424,39.69],[-123.82474,39.71813],[-123.85376,39.8341],[-123.90766,39.86303],[-123.93005,39.9097],[-124.0359,40.01332],[-124.07998,40.02977],[-124.11055,40.10377],[-124.18787,40.13054],[-124.36341,40.26097],[-124.34785,40.31463],[-124.3736,40.39292],[-124.4086,40.4432],[-124.3294,40.61643],[-124.15832,40.87607],[-124.11176,41.02688],[-124.15946,41.07359],[-124.10699,41.22968],[-124.06308,41.43958],[-124.08199,41.54776],[-124.16472,41.74013],[-124.19104,41.73608],[-124.25495,41.77817],[-124.21959,41.84643],[-124.2034,41.94096],[-124.21161,41.99846],[-123.99925,41.99614]]],[[[-123.01278,37.6965],[-123.00351,37.7044],[-123.00279,37.69274],[-123.01278,37.6965]]],[[[-122.37896,37.8269],[-122.36875,37.83129],[-122.36229,37.80702],[-122.37896,37.8269]]],[[[-122.42025,37.82651],[-122.42277,37.82526],[-122.42324,37.82872],[-122.42025,37.82651]]],[[[-122.41909,37.85237],[-122.44632,37.86105],[-122.43096,37.87224],[-122.41909,37.85237]]],[[[-124.215,41.94973],[-124.21618,41.95221],[-124.21302,41.95102],[-124.215,41.94973]]],[[[-120.04326,34.03581],[-120.04657,34.0],[-119.97902,33.98121],[-119.96864,33.94288],[-120.12182,33.89571],[-120.17905,33.92799],[-120.2373,34.00928],[-120.16731,34.00822],[-120.04326,34.03581]]],[[[-120.30736,34.02957],[-120.35793,34.01503],[-120.45413,34.02808],[-120.36225,34.07306],[-120.30736,34.02957]]],[[[-118.35418,32.82092],[-118.43181,32.80146],[-118.50621,32.85299],[-118.6105,33.03294],[-118.57988,33.03446],[-118.48833,32.92368],[-118.35418,32.82092]]],[[[-119.43479,33.23142],[-119.4703,33.21473],[-119.54621,33.23256],[-119.57514,33.25806],[-119.52878,33.28542],[-119.43479,33.23142]]],[[[-118.38204,33.40988],[-118.31022,33.33478],[-118.32524,33.29908],[-118.37477,33.32007],[-118.44107,33.31855],[-118.48745,33.35088],[-118.48875,33.41983],[-118.56344,33.43438],[-118.60724,33.47845],[-118.54453,33.47412],[-118.38204,33.40988]]],[[[-119.04704,33.48382],[-119.03046,33.48833],[-119.03852,33.46569],[-119.04704,33.48382]]],[[[-119.43754,34.01011],[-119.42138,34.01501],[-119.39082,34.00286],[-119.43754,34.01011]]],[[[-119.37258,34.01556],[-119.35766,34.01599],[-119.37233,34.01209],[-119.37258,34.01556]]],[[[-119.81874,34.053],[-119.75943,34.05884],[-119.68651,34.01981],[-119.61934,34.01647],[-119.56235,34.05528],[-119.52064,34.03426],[-119.56046,33.99553],[-119.66283,33.98589],[-119.7147,33.96144],[-119.81825,33.95986],[-119.87336,33.98038],[-119.87633,34.03209],[-119.91916,34.07728],[-119.81874,34.053]]]]}},{"type":"Feature","id":"08","properties":{"state_fips":"08","state_abbr":"CO","state_name":"Colorado"},"geometry":{"type":"Polygon","coordinates":[[[-109.04581,37.37499],[-109.04186,37.53073],[-109.04176,38.16469],[-109.06006,38.27549],[-109.05954,38.71989],[-109.05151,39.1261],[-109.05095,40.44437],[-109.04804,40.61923],[-109.05008,41.00066],[-108.25065,41.00011],[-107.62562,41.00212],[-106.45386,41.00206],[-106.21757,40.99773],[-105.73042,40.99689],[-104.85527,40.99805],[-104.05325,41.00141],[-103.49745,41.00163],[-102.86578,41.00199],[-102.05161,41.00238],[-102.05174,40.00308],[-102.04507,38.66962],[-102.04464,38.04553],[-102.04157,37.68044],[-102.04209,36.99302],[-102.69814,36.99515],[-103.0022,37.0001],[-104.33883,36.99353],[-105.00055,36.99326],[-105.1208,36.99543],[-106.20147,36.99412],[-106.8698,36.99243],[-106.87729,37.00014],[-107.7124,37.0],[-108.24936,36.99902],[-109.04522,36.99908],[-109.04581,37.37499]]]}},{"type":"Feature","id":"09","properties":{"state_fips":"09","state_abbr":"CT","state_name":"Connecticut"},"geometry":{"type":"MultiPolygon","coordinates":[[[[-73.63008,40.98014],[-73.62948,40.98365],[-73.62186,40.98247],[-73.63008,40.98014]]],[[[-73.61253,40.98747],[-73.61337,40.98888],[-73.60757,40.9904],[-73.61253,40.98747]]],[[[-73.64082,40.98924],[-73.64429,40.99829],[-73.63746,40.9922],[-73.64082,40.98924]]],[[[-73.42217,41.04756],[-73.40477,41.06213],[-73.40153,41.05372],[-73.42217,41.04756]]],[[[-73.39524,41.06443],[-73.38818,41.07328],[-73.38131,41.07069],[-73.39524,41.06443]]],[[[-73.35766,41.08197],[-73.36033,41.08571],[-73.35375,41.08751],[-73.35766,41.08197]]],[[[-73.21763,41.14235],[-73.21499,41.14447],[-73.21527,41.14264],[-73.21763,41.14235]]],[[[-72.81354,42.03649],[-72.81674,41.99759],[-72.76674,42.00299],[-72.75584,42.0362],[-71.80065,42.02357],[-71.79924,42.00807],[-71.78699,41.65599],[-71.79768,41.41671],[-71.84347,41.40583],[-71.82938,41.34241],[-71.86051,41.32025],[-71.87752,41.33603],[-71.98219,41.32986],[-72.13422,41.2994],[-72.17762,41.3225],[-72.26149,41.28293],[-72.33389,41.28292],[-72.38663,41.2618],[-72.45192,41.27889],[-72.54394,41.2487],[-72.57114,41.2681],[-72.66567,41.27014],[-72.69474,41.24497],[-72.76206,41.26769],[-72.89458,41.24251],[-72.90762,41.2962],[-72.93102,41.26267],[-73.01455,41.20474],[-73.0496,41.21078],[-73.13025,41.1468],[-73.1722,41.15907],[-73.46898,41.06008],[-73.53035,41.01728],[-73.63989,41.00312],[-73.659,40.98886],[-73.65524,41.01185],[-73.72777,41.1007],[-73.48271,41.21276],[-73.55096,41.29542],[-73.52104,41.61977],[-73.48731,42.04964],[-72.81354,42.03649]]],[[[-72.76143,41.24233],[-72.75886,41.25384],[-72.74106,41.25269],[-72.76143,41.24233]]],[[[-72.76234,41.26036],[-72.76119,41.259],[-72.76425,41.25921],[-72.76234,41.26036]]],[[[-72.22523,41.29526],[-72.2239,41.29346],[-72.22593,41.29384],[-72.22523,41.29526]]]]}},{"type":"Feature","id":"10","properties":{"state_fips":"10","state_abbr":"DE","state_name":"Delaware"},"geometry":{"type":"MultiPolygon","coordinates":[[[[-75.38421,38.45212],[-75.69367,38.46008],[-75.78866,39.65821],[-75.7886,39.7222],[-75.70121,39.80261],[-75.61725,39.834],[-75.49884,39.83331],[-75.42342,39.80662],[-75.4685,39.78647],[-75.61187,39.59741],[-75.56303,39.56224],[-75.59307,39.47919],[-75.49412,39.34658],[-75.43903,39.31338],[-75.39708,39.20453],[-75.41336,39.1533],[-75.39628,39.05788],[-75.34089,39.01996],[-75.30408,38.91316],[-75.19055,38.80686],[-75.08215,38.77216],[-75.06551,38.66103],[-75.04894,38.45126],[-75.38421,38.45212]]],[[[-75.56545,39.50941],[-75.56752,39.51021],[-75.56038,39.51855],[-75.56545,39.50941]]],[[[-75.57543,39.58812],[-75.57822,39.59847],[-75.56582,39.59061],[-75.57543,39.58812]]],[[[-75.55617,39.60639],[-75.5708,39.62677],[-75.55945,39.62981],[-75.55617,39.60639]]]]}},{"type":"Feature","id":"11","properties":{"state_fips":"11","state_abbr":"DC","state_name":"District of Columbia"},"geometry":{"type":"Polygon","coordinates":[[[-77.041,38.99511],[-76.90939,38.89281],[-77.03901,38.79164],[-77.0317,38.85051],[-77.0673,38.89921],[-77.11976,38.93434],[-77.041,38.99511]]]}},{"type":"Feature","id":"12","properties":{"state_fips":"12","state_abbr":"FL","state_name":"Florida"},"geometry":{"type":"MultiPolygon","coordinates":[[[[-82.87312,24.63058],[-82.86289,24.6257],[-82.87366,24.62647],[-82.87312,24.63058]]],[[[-82.9218,24.63342],[-82.91672,24.63625],[-82.92362,24.6289],[-82.9218,24.63342]]],[[[-82.84274,28.11123],[-82.8422,28.1254],[-82.8324,28.10672],[-82.84274,28.11123]]],[[[-82.84306,28.19048],[-82.8466,28.16531],[-82.85243,28.21017],[-82.84306,28.19048]]],[[[-82.8041,28.17309],[-82.80607,28.17305],[-82.80613,28.17406],[-82.8041,28.17309]]],[[[-82.80252,28.17593],[-82.80428,28.17641],[-82.80352,28.17791],[-82.80252,28.17593]]],[[[-83.02948,29.09378],[-83.03447,29.09959],[-83.02591,29.09627],[-83.02948,29.09378]]],[[[-83.06537,29.09565],[-83.07725,29.10022],[-83.05993,29.09966],[-83.06537,29.09565]]],[[[-83.02386,29.12403],[-83.02654,29.11788],[-83.0328,29.12783],[-83.02386,29.12403]]],[[[-83.0826,29.12892],[-83.09025,29.11872],[-83.09341,29.13178],[-83.0826,29.12892]]],[[[-87.45238,30.3002],[-87.50278,30.3073],[-87.46488,30.3333],[-87.42958,30.4065],[-87.37117,30.43049],[-87.41468,30.4573],[-87.4477,30.51046],[-87.39359,30.63088],[-87.40696,30.67516],[-87.53261,30.74349],[-87.54504,30.77867],[-87.63494,30.86589],[-87.58919,30.96446],[-87.59893,30.99746],[-87.14075,30.99953],[-86.51994,30.99324],[-85.89354,30.99347],[-85.0025,31.00068],[-84.98363,30.93699],[-84.93432,30.88189],[-84.93742,30.82089],[-84.91432,30.75359],[-84.86469,30.71154],[-83.49988,30.64567],[-83.13137,30.62358],[-82.21484,30.56859],[-82.2404,30.53777],[-82.20142,30.48516],[-82.21029,30.42459],[-82.17005,30.35893],[-82.04792,30.36326],[-82.01778,30.47508],[-82.01211,30.59377],[-82.04951,30.65555],[-82.03677,30.75443],[-82.00805,30.79205],[-81.97344,30.77883],[-81.96393,30.8181],[-81.89102,30.82247],[-81.88149,30.79992],[-81.79442,30.787],[-81.71993,30.74463],[-81.67247,30.74843],[-81.61066,30.71622],[-81.48954,30.7261],[-81.44412,30.70971],[-81.42585,30.70045],[-81.44189,30.60138],[-81.43583,30.52607],[-81.4132,30.48291],[-81.3962,30.33109],[-81.30898,29.96944],[-81.27737,29.90398],[-81.25388,29.77685],[-81.16358,29.55529],[-81.04668,29.30786],[-80.96618,29.14796],[-80.70973,28.75669],[-80.57424,28.58534],[-80.52509,28.45945],[-80.58903,28.40787],[-80.60682,28.2964],[-80.59416,28.19586],[-80.56337,28.08603],[-80.53096,28.01366],[-80.38441,27.74119],[-80.31171,27.52531],[-80.26146,27.39435],[-80.16147,27.19281],[-80.15756,27.16313],[-80.09391,27.01859],[-80.03136,26.79634],[-80.03616,26.60259],[-80.06164,26.43298],[-80.08023,26.25873],[-80.10877,26.09009],[-80.12169,25.89795],[-80.12101,25.8132],[-80.15589,25.69852],[-80.1789,25.74605],[-80.20852,25.7456],[-80.24511,25.69842],[-80.33149,25.52824],[-80.34003,25.46789],[-80.32792,25.39683],[-80.30542,25.38774],[-80.34931,25.32101],[-80.37064,25.32322],[-80.42046,25.21197],[-80.40168,25.19208],[-80.35284,25.20756],[-80.33216,25.26303],[-80.36033,25.27915],[-80.30662,25.30061],[-80.26697,25.35206],[-80.25302,25.34049],[-80.40006,25.10603],[-80.42391,25.1044],[-80.56934,24.95477],[-80.54383,25.01397],[-80.51589,25.01473],[-80.4333,25.10785],[-80.46134,25.13249],[-80.44735,25.19183],[-80.51934,25.22261],[-80.65223,25.19279],[-80.65326,25.16455],[-80.75428,25.15843],[-80.86815,25.17595],[-80.90058,25.13967],[-81.08393,25.11619],[-81.12739,25.15539],[-81.17204,25.22228],[-81.15192,25.32477],[-81.12141,25.33875],[-81.15051,25.38726],[-81.16797,25.46949],[-81.20971,25.50649],[-81.20317,25.53416],[-81.24171,25.60652],[-81.27149,25.61434],[-81.29033,25.68751],[-81.38188,25.74919],[-81.38141,25.77552],[-81.47023,25.80333],[-81.49304,25.83088],[-81.57912,25.86486],[-81.64235,25.90543],[-81.68954,25.85271],[-81.80175,26.09141],[-81.83314,26.29452],[-81.86898,26.37865],[-81.91284,26.42939],[-82.01271,26.48688],[-82.0059,26.53441],[-82.06925,26.53543],[-82.05689,26.49375],[-82.10567,26.48393],[-82.14255,26.64391],[-82.18157,26.68171],[-82.12579,26.69954],[-82.09896,26.64595],[-82.04922,26.81437],[-82.05111,26.86496],[-82.09711,26.91451],[-82.0538,26.9398],[-82.11956,26.96316],[-82.14143,26.92393],[-82.1812,26.92136],[-82.15339,26.85395],[-82.14507,26.78883],[-82.17217,26.76995],[-82.24989,26.76295],[-82.26427,26.72016],[-82.28253,26.81599],[-82.34247,26.89468],[-82.44572,27.06063],[-82.52203,27.22838],[-82.66108,27.4126],[-82.69007,27.43442],[-82.70682,27.49842],[-82.64135,27.52551],[-82.61172,27.58528],[-82.57745,27.59956],[-82.51426,27.70559],[-82.47671,27.72369],[-82.3919,27.82386],[-82.40261,27.8826],[-82.46025,27.93705],[-82.49042,27.91981],[-82.47244,27.82256],[-82.54995,27.85181],[-82.53162,27.87171],[-82.53338,27.93854],[-82.64047,28.0168],[-82.67557,28.00544],[-82.72061,27.93616],[-82.6475,27.90588],[-82.59844,27.85758],[-82.58762,27.81901],[-82.62242,27.78919],[-82.63982,27.70391],[-82.71146,27.70536],[-82.72431,27.67332],[-82.70502,27.62531],[-82.73698,27.61264],[-82.73802,27.70681],[-82.79053,27.79105],[-82.82856,27.82225],[-82.85217,27.88597],[-82.8185,28.0487],[-82.80487,27.96598],[-82.78348,28.05265],[-82.78893,28.17627],[-82.73258,28.28198],[-82.73146,28.32502],[-82.66463,28.45205],[-82.66804,28.5282],[-82.65275,28.53776],[-82.67771,28.65483],[-82.65513,28.68048],[-82.70481,28.71447],[-82.69197,28.78886],[-82.7387,28.8248],[-82.72789,28.87125],[-82.68977,28.8855],[-82.69601,28.93082],[-82.76405,28.99971],[-82.76375,29.05452],[-82.80487,29.05431],[-82.82366,29.0989],[-82.80178,29.11662],[-82.83422,29.15492],[-82.99858,29.17412],[-83.05316,29.12675],[-83.08609,29.20952],[-83.07473,29.24797],[-83.1746,29.30712],[-83.15668,29.32222],[-83.21807,29.42049],[-83.29372,29.43702],[-83.30783,29.46886],[-83.40025,29.51724],[-83.40644,29.65032],[-83.54248,29.72815],[-83.58921,29.78326],[-83.58684,29.81894],[-83.68079,29.92157],[-83.78873,29.97698],[-83.92536,30.03457],[-84.02427,30.10327],[-84.15728,30.07271],[-84.27251,30.09236],[-84.27079,30.06809],[-84.36611,30.00866],[-84.34175,29.97026],[-84.43415,29.9905],[-84.4389,29.96023],[-84.33651,29.94251],[-84.34446,29.89903],[-84.42334,29.90328],[-84.4517,29.92908],[-84.53587,29.91009],[-84.7556,29.78854],[-84.88178,29.73388],[-84.87112,29.78133],[-84.91511,29.7833],[-84.977,29.72121],[-85.01385,29.70952],[-85.12147,29.71585],[-85.25091,29.68716],[-85.31373,29.68646],[-85.30084,29.79897],[-85.36373,29.89892],[-85.40505,29.93849],[-85.50862,29.97196],[-85.59561,30.05058],[-85.69967,30.09872],[-85.7754,30.15629],[-85.94765,30.24908],[-86.08996,30.30357],[-86.26361,30.35511],[-86.36417,30.37452],[-86.62512,30.39663],[-86.73861,30.39335],[-86.953,30.36536],[-87.15539,30.32775],[-87.31439,30.32147],[-87.51832,30.28043],[-87.45238,30.3002]]],[[[-85.07431,29.67398],[-85.09676,29.63306],[-85.14101,29.63404],[-85.22248,29.67934],[-85.11427,29.68866],[-85.07431,29.67398]]],[[[-85.04507,29.58699],[-85.09539,29.62117],[-85.02705,29.59673],[-85.04507,29.58699]]],[[[-84.58282,29.80598],[-84.62374,29.7885],[-84.60306,29.81165],[-84.58282,29.80598]]],[[[-83.83005,29.97302],[-83.82701,29.97106],[-83.82903,29.96983],[-83.83005,29.97302]]],[[[-81.96309,24.52497],[-81.96427,24.5213],[-81.96506,24.52421],[-81.96309,24.52497]]],[[[-81.97854,24.52325],[-81.97462,24.52687],[-81.96818,24.52349],[-81.97854,24.52325]]],[[[-81.92558,24.53286],[-81.91772,24.53052],[-81.92833,24.52659],[-81.92558,24.53286]]],[[[-82.00645,24.52744],[-82.00748,24.5379],[-81.99899,24.52963],[-82.00645,24.52744]]],[[[-81.92489,24.53996],[-81.92133,24.54848],[-81.91755,24.54388],[-81.92489,24.53996]]],[[[-82.14602,24.54894],[-82.14887,24.55067],[-82.14411,24.55132],[-82.14602,24.54894]]],[[[-82.16452,24.56339],[-82.15766,24.56689],[-82.16265,24.56116],[-82.16452,24.56339]]],[[[-81.88588,24.56297],[-81.88823,24.55777],[-81.89309,24.56273],[-81.88588,24.56297]]],[[[-82.10599,24.55857],[-82.12483,24.59706],[-82.10163,24.58504],[-82.10599,24.55857]]],[[[-81.92308,24.60663],[-81.91888,24.60428],[-81.92423,24.6011],[-81.92308,24.60663]]],[[[-82.08842,26.45518],[-82.06255,26.47013],[-82.01391,26.45206],[-82.09812,26.42496],[-82.17292,26.46766],[-82.17783,26.49222],[-82.08842,26.45518]]],[[[-82.23147,26.63473],[-82.26248,26.6776],[-82.2342,26.67675],[-82.23147,26.63473]]],[[[-82.76255,27.60315],[-82.75885,27.60047],[-82.76332,27.58215],[-82.76255,27.60315]]],[[[-82.57361,27.63127],[-82.5764,27.63775],[-82.56918,27.63053],[-82.57361,27.63127]]],[[[-82.68722,27.66264],[-82.69506,27.66158],[-82.69391,27.66874],[-82.68722,27.66264]]],[[[-82.43858,27.8396],[-82.43222,27.82229],[-82.44169,27.82353],[-82.43858,27.8396]]],[[[-82.40605,27.84995],[-82.4056,27.84796],[-82.42055,27.84654],[-82.40605,27.84995]]],[[[-82.42428,27.86822],[-82.43742,27.86433],[-82.43545,27.8842],[-82.42428,27.86822]]],[[[-82.79832,28.17492],[-82.80012,28.17323],[-82.80072,28.17501],[-82.79832,28.17492]]],[[[-82.74212,28.80323],[-82.72381,28.79045],[-82.73671,28.77371],[-82.74212,28.80323]]],[[[-81.8128,24.56359],[-81.81226,24.56077],[-81.81529,24.56284],[-81.8128,24.56359]]],[[[-81.80922,24.56836],[-81.8108,24.566],[-81.81094,24.56954],[-81.80922,24.56836]]],[[[-81.48099,24.61861],[-81.46756,24.61159],[-81.46889,24.60847],[-81.48099,24.61861]]],[[[-81.44087,24.63297],[-81.44431,24.63292],[-81.44172,24.63603],[-81.44087,24.63297]]],[[[-81.28178,24.65375],[-81.26001,24.67485],[-81.24476,24.6692],[-81.28178,24.65375]]],[[[-81.722,24.60665],[-81.76534,24.63263],[-81.75428,24.65404],[-81.5846,24.7367],[-81.56143,24.76038],[-81.5158,24.75616],[-81.4981,24.79257],[-81.44351,24.81336],[-81.45152,24.76687],[-81.40547,24.79271],[-81.37182,24.77909],[-81.36631,24.7424],[-81.3196,24.70267],[-81.2969,24.65538],[-81.39479,24.62114],[-81.4064,24.64246],[-81.50594,24.65451],[-81.51077,24.62567],[-81.68524,24.55868],[-81.81254,24.54547],[-81.79401,24.57575],[-81.722,24.60665]]],[[[-80.93123,24.77294],[-81.08244,24.69196],[-81.12476,24.70713],[-81.02595,24.73355],[-80.93123,24.77294]]],[[[-81.29928,24.71692],[-81.32519,24.73096],[-81.3284,24.75027],[-81.29928,24.71692]]],[[[-81.33291,24.7316],[-81.33767,24.73722],[-81.33089,24.74164],[-81.33291,24.7316]]],[[[-81.31425,24.75082],[-81.3061,24.75708],[-81.29896,24.74365],[-81.31425,24.75082]]],[[[-81.32422,24.76706],[-81.31734,24.75675],[-81.32759,24.76231],[-81.32422,24.76706]]],[[[-80.931,24.77013],[-80.92601,24.76894],[-80.93153,24.7634],[-80.931,24.77013]]],[[[-80.90653,24.77065],[-80.92294,24.76569],[-80.91531,24.7779],[-80.90653,24.77065]]],[[[-81.29323,24.78083],[-81.28573,24.76824],[-81.29395,24.77257],[-81.29323,24.78083]]],[[[-81.22613,24.77572],[-81.23005,24.77686],[-81.22798,24.78179],[-81.22613,24.77572]]],[[[-80.92517,25.08055],[-80.92734,25.07845],[-80.93221,25.08],[-80.92517,25.08055]]],[[[-80.915,25.10862],[-80.90738,25.10433],[-80.91107,25.10195],[-80.915,25.10862]]],[[[-80.93248,25.10923],[-80.94164,25.10617],[-80.94341,25.10863],[-80.93248,25.10923]]],[[[-81.34124,25.71258],[-81.33824,25.6929],[-81.35562,25.69252],[-81.34124,25.71258]]],[[[-80.79453,24.81205],[-80.83622,24.8093],[-80.80888,24.83353],[-80.79453,24.81205]]],[[[-80.69143,24.88506],[-80.70333,24.86835],[-80.72065,24.86247],[-80.69143,24.88506]]],[[[-80.69697,24.90808],[-80.6934,24.89953],[-80.70259,24.89704],[-80.69697,24.90808]]],[[[-80.6685,24.92644],[-80.66139,24.9219],[-80.67084,24.92021],[-80.6685,24.92644]]],[[[-80.78389,24.94084],[-80.78369,24.93719],[-80.78817,24.94046],[-80.78389,24.94084]]],[[[-80.65269,24.98081],[-80.65118,24.98886],[-80.64644,24.9863],[-80.65269,24.98081]]],[[[-80.67008,24.99016],[-80.66675,24.98724],[-80.67138,24.98764],[-80.67008,24.99016]]],[[[-80.82989,24.99445],[-80.82931,24.98717],[-80.8325,24.99251],[-80.82989,24.99445]]],[[[-80.66496,24.9881],[-80.65529,24.996],[-80.65759,24.98778],[-80.66496,24.9881]]],[[[-80.73009,25.00245],[-80.72369,25.00505],[-80.73063,24.99323],[-80.73009,25.00245]]],[[[-80.73692,25.00247],[-80.74011,25.00828],[-80.73785,25.01044],[-80.73692,25.00247]]],[[[-80.78714,25.02301],[-80.79153,25.02357],[-80.7863,25.02656],[-80.78714,25.02301]]],[[[-80.68211,25.02531],[-80.68707,25.0272],[-80.68205,25.03072],[-80.68211,25.02531]]],[[[-80.86089,25.03106],[-80.86534,25.02995],[-80.8626,25.03396],[-80.86089,25.03106]]],[[[-80.75451,25.03908],[-80.75567,25.03091],[-80.75802,25.03629],[-80.75451,25.03908]]],[[[-80.67806,25.03526],[-80.67373,25.03292],[-80.68064,25.03294],[-80.67806,25.03526]]],[[[-80.64853,25.03236],[-80.64921,25.03553],[-80.64668,25.03643],[-80.64853,25.03236]]],[[[-80.66464,25.03715],[-80.66498,25.0331],[-80.66909,25.03577],[-80.66464,25.03715]]],[[[-80.90178,25.05221],[-80.90227,25.04931],[-80.90495,25.05165],[-80.90178,25.05221]]],[[[-80.70064,25.05509],[-80.69264,25.06009],[-80.69773,25.04962],[-80.70064,25.05509]]],[[[-80.88481,25.0612],[-80.88536,25.0581],[-80.88731,25.05984],[-80.88481,25.0612]]],[[[-80.73715,25.06555],[-80.73432,25.07216],[-80.72706,25.06505],[-80.73715,25.06555]]],[[[-80.79244,25.07118],[-80.78867,25.07103],[-80.78975,25.06673],[-80.79244,25.07118]]],[[[-80.78567,25.09248],[-80.78767,25.08912],[-80.78945,25.09209],[-80.78567,25.09248]]],[[[-80.7252,25.09916],[-80.72464,25.09382],[-80.7283,25.09474],[-80.7252,25.09916]]],[[[-80.68042,25.09928],[-80.6745,25.10411],[-80.66693,25.09596],[-80.68042,25.09928]]],[[[-80.70154,25.09576],[-80.69914,25.10734],[-80.69722,25.09833],[-80.70154,25.09576]]],[[[-80.64808,25.08503],[-80.65625,25.10977],[-80.63214,25.11859],[-80.64808,25.08503]]],[[[-80.84976,25.10847],[-80.8524,25.10851],[-80.85204,25.1108],[-80.84976,25.10847]]],[[[-80.8825,25.10834],[-80.88082,25.11921],[-80.87538,25.11526],[-80.8825,25.10834]]],[[[-80.68318,25.11266],[-80.68407,25.12295],[-80.67948,25.12318],[-80.68318,25.11266]]],[[[-80.8323,25.1217],[-80.82866,25.11496],[-80.83415,25.11977],[-80.8323,25.1217]]],[[[-80.69454,25.12225],[-80.69952,25.1159],[-80.70284,25.12133],[-80.69454,25.12225]]],[[[-80.78927,25.13204],[-80.78092,25.1239],[-80.7867,25.12442],[-80.78927,25.13204]]],[[[-80.70602,25.1289],[-80.71496,25.1408],[-80.70169,25.13335],[-80.70602,25.1289]]],[[[-80.90939,25.13344],[-80.90423,25.13743],[-80.90057,25.1349],[-80.90939,25.13344]]],[[[-80.75927,25.14386],[-80.76277,25.14366],[-80.76051,25.14634],[-80.75927,25.14386]]],[[[-80.71297,25.14398],[-80.71476,25.14979],[-80.71095,25.14581],[-80.71297,25.14398]]],[[[-80.6232,24.95862],[-80.62733,24.95908],[-80.62388,24.96367],[-80.6232,24.95862]]],[[[-80.62389,24.99878],[-80.62717,25.0004],[-80.62323,25.00159],[-80.62389,24.99878]]],[[[-80.61553,25.00778],[-80.61415,25.00322],[-80.61978,25.0029],[-80.61553,25.00778]]],[[[-80.63226,25.02752],[-80.63324,25.02425],[-80.63743,25.02707],[-80.63226,25.02752]]],[[[-80.6413,25.0516],[-80.64424,25.04694],[-80.64763,25.05205],[-80.6413,25.0516]]],[[[-80.46085,25.05081],[-80.44864,25.05367],[-80.44827,25.05015],[-80.46085,25.05081]]],[[[-80.58636,25.06254],[-80.58328,25.05695],[-80.58932,25.05823],[-80.58636,25.06254]]],[[[-80.61422,25.05778],[-80.61063,25.07498],[-80.60756,25.05939],[-80.61422,25.05778]]],[[[-80.55991,25.06327],[-80.55584,25.07221],[-80.55266,25.06294],[-80.55991,25.06327]]],[[[-80.49905,25.08087],[-80.49285,25.08],[-80.50289,25.0762],[-80.49905,25.08087]]],[[[-80.51783,25.083],[-80.51868,25.08598],[-80.51114,25.08318],[-80.51783,25.083]]],[[[-80.4838,25.08514],[-80.48047,25.09267],[-80.46883,25.09203],[-80.4838,25.08514]]],[[[-80.4945,25.09784],[-80.49558,25.10224],[-80.48725,25.10505],[-80.4945,25.09784]]],[[[-80.56716,25.10826],[-80.56858,25.1188],[-80.56074,25.1074],[-80.56716,25.10826]]],[[[-80.48067,25.11603],[-80.47501,25.10978],[-80.48231,25.11236],[-80.48067,25.11603]]],[[[-80.5706,25.13118],[-80.56495,25.12787],[-80.56773,25.12571],[-80.5706,25.13118]]],[[[-80.50536,25.13782],[-80.50655,25.13171],[-80.50994,25.13997],[-80.50536,25.13782]]],[[[-80.56194,25.13957],[-80.56502,25.14968],[-80.55723,25.14038],[-80.56194,25.13957]]],[[[-80.50815,25.15456],[-80.50543,25.14874],[-80.51397,25.14871],[-80.50815,25.15456]]],[[[-80.57905,25.15995],[-80.57293,25.15675],[-80.57643,25.15022],[-80.57905,25.15995]]],[[[-80.55281,25.15829],[-80.55587,25.15818],[-80.55058,25.16239],[-80.55281,25.15829]]],[[[-80.59619,25.16243],[-80.6077,25.17492],[-80.58663,25.17144],[-80.59619,25.16243]]],[[[-80.62479,25.18281],[-80.60985,25.18241],[-80.6125,25.17642],[-80.62479,25.18281]]],[[[-80.54546,25.1833],[-80.53483,25.18829],[-80.53129,25.1856],[-80.54546,25.1833]]],[[[-80.29678,25.32554],[-80.29484,25.3277],[-80.29371,25.32461],[-80.29678,25.32554]]],[[[-80.30352,25.38012],[-80.29368,25.38545],[-80.295,25.37671],[-80.30352,25.38012]]],[[[-80.30196,25.403],[-80.30405,25.40529],[-80.29974,25.40538],[-80.30196,25.403]]],[[[-80.20383,25.4145],[-80.25028,25.34479],[-80.24949,25.39505],[-80.20383,25.4145]]],[[[-80.17268,25.52209],[-80.17706,25.5217],[-80.17395,25.52537],[-80.17268,25.52209]]]]}},{"type":"Feature","id":"13","properties":{"state_fips":"13","state_abbr":"GA","state_name":"Georgia"},"geometry":{"type":"MultiPolygon","coordinates":[[[[-85.03561,31.10819],[-85.10021,31.16549],[-85.09676,31.22565],[-85.1146,31.27733],[-85.08977,31.29503],[-85.09217,31.36458],[-85.07162,31.46838],[-85.0413,31.54099],[-85.05747,31.61862],[-85.12553,31.69497],[-85.11893,31.73266],[-85.14013,31.85876],[-85.07893,31.94016],[-85.04551,32.08687],[-85.06206,32.13249],[-85.00853,32.1819],[-84.96463,32.19515],[-84.88908,32.26091],[-84.9338,32.29826],[-85.00187,32.32202],[-84.97943,32.41224],[-85.00153,32.51474],[-85.06753,32.57955],[-85.10534,32.64484],[-85.12219,32.77335],[-85.16794,32.81161],[-85.1844,32.86132],[-85.47045,34.32824],[-85.56142,34.75008],[-85.60516,34.98468],[-85.38497,34.98299],[-84.93931,34.98792],[-84.32187,34.98841],[-83.61998,34.98659],[-83.62019,34.99209],[-83.10956,35.0012],[-83.12756,34.94948],[-83.20625,34.87968],[-83.24313,34.87739],[-83.26832,34.82113],[-83.32415,34.78748],[-83.34907,34.73663],[-83.3389,34.68004],[-83.30464,34.66956],[-83.23134,34.61119],[-83.17028,34.5924],[-83.03336,34.48309],[-82.90155,34.48676],[-82.86535,34.46032],[-82.83481,34.3663],[-82.7947,34.34058],[-82.74666,34.26641],[-82.71746,34.15055],[-82.67522,34.12978],[-82.64566,34.07605],[-82.59601,34.03093],[-82.55684,33.94535],[-82.51295,33.93697],[-82.42916,33.86584],[-82.40835,33.86632],[-82.29928,33.79894],[-82.24747,33.75259],[-82.19658,33.63058],[-82.13352,33.59054],[-82.04633,33.56383],[-81.98594,33.48654],[-81.91313,33.43833],[-81.94315,33.40903],[-81.93974,33.34494],[-81.86925,33.31377],[-81.8335,33.27607],[-81.85294,33.24874],[-81.80794,33.21375],[-81.76793,33.21635],[-81.76314,33.15945],[-81.70463,33.11645],[-81.61499,33.09555],[-81.56611,33.04879],[-81.4919,33.00669],[-81.50272,32.93869],[-81.45403,32.8442],[-81.42062,32.83122],[-81.43194,32.76891],[-81.40587,32.74914],[-81.4275,32.70224],[-81.39459,32.64957],[-81.41812,32.62835],[-81.381,32.58965],[-81.23342,32.51796],[-81.19161,32.45519],[-81.20551,32.42361],[-81.17382,32.36271],[-81.12943,32.34155],[-81.11987,32.2862],[-81.15659,32.24391],[-81.11823,32.1892],[-81.11537,32.11471],[-81.03812,32.08373],[-81.0043,32.10237],[-80.90766,32.03815],[-80.85273,32.02879],[-80.8473,31.98755],[-80.92801,31.93853],[-80.94274,31.96374],[-80.98362,31.93167],[-80.93014,31.90807],[-80.99269,31.85764],[-81.06525,31.8771],[-81.07581,31.82903],[-81.03591,31.81036],[-81.13063,31.72269],[-81.19278,31.73325],[-81.16108,31.6914],[-81.13114,31.69577],[-81.12884,31.63144],[-81.16036,31.57044],[-81.29826,31.5335],[-81.19825,31.53703],[-81.17934,31.51629],[-81.26861,31.38301],[-81.29427,31.3686],[-81.26955,31.25874],[-81.29047,31.21769],[-81.33111,31.19696],[-81.36581,31.14795],[-81.40952,31.12061],[-81.40127,31.07278],[-81.42047,31.0167],[-81.49059,30.98495],[-81.42693,30.95662],[-81.40848,30.97772],[-81.40408,30.90374],[-81.44693,30.81039],[-81.45947,30.74198],[-81.44412,30.70971],[-81.48954,30.7261],[-81.61066,30.71622],[-81.67247,30.74843],[-81.71993,30.74463],[-81.79442,30.787],[-81.88149,30.79992],[-81.89102,30.82247],[-81.96393,30.8181],[-81.97344,30.77883],[-82.00805,30.79205],[-82.03677,30.75443],[-82.04951,30.65555],[-82.01211,30.59377],[-82.01778,30.47508],[-82.04792,30.36326],[-82.17005,30.35893],[-82.21029,30.42459],[-82.20142,30.48516],[-82.2404,30.53777],[-82.21484,30.56859],[-83.13137,30.62358],[-83.49988,30.64567],[-84.86469,30.71154],[-84.91432,30.75359],[-84.93742,30.82089],[-84.93432,30.88189],[-84.98363,30.93699],[-85.0025,31.00068],[-85.03561,31.10819]]],[[[-81.27188,31.3041],[-81.27939,31.30584],[-81.27066,31.31052],[-81.27188,31.3041]]]]}},{"type":"Feature","id":"15","properties":{"state_fips":"15","state_abbr":"HI","state_name":"Hawaii"},"geometry":{"type":"MultiPolygon","coordinates":[[[[-166.17312,23.73627],[-166.16972,23.72605],[-166.17233,23.72554],[-166.17312,23.73627]]],[[[-166.20863,23.78392],[-166.2119,23.78197],[-166.21493,23.78692],[-166.20863,23.78392]]],[[[-166.21908,23.86135],[-166.22038,23.85509],[-166.22585,23.86164],[-166.21908,23.86135]]],[[[-166.28263,23.87047],[-166.28156,23.8678],[-166.29198,23.8672],[-166.28263,23.87047]]],[[[-166.24689,23.86815],[-166.25138,23.86991],[-166.24524,23.87092],[-166.24689,23.86815]]],[[[-167.99771,25.00443],[-167.99583,24.99821],[-168.00098,24.99737],[-167.99771,25.00443]]],[[[-171.73309,25.7573],[-171.74362,25.77689],[-171.72555,25.77932],[-171.73309,25.7573]]],[[[-173.97608,26.07861],[-173.96681,26.07903],[-173.96416,26.06233],[-173.97608,26.07861]]],[[[-175.94385,27.75689],[-175.9362,27.75999],[-175.93029,27.74985],[-175.94385,27.75689]]],[[[-175.89519,27.76507],[-175.90495,27.76266],[-175.90507,27.76684],[-175.89519,27.76507]]],[[[-175.80743,27.78116],[-175.81197,27.77755],[-175.81656,27.78247],[-175.80743,27.78116]]],[[[-175.86385,27.7827],[-175.8645,27.78626],[-175.85698,27.78362],[-175.86385,27.7827]]],[[[-175.74139,27.91493],[-175.73707,27.91347],[-175.74449,27.90854],[-175.74139,27.91493]]],[[[-175.73631,27.92949],[-175.73283,27.92787],[-175.73948,27.92098],[-175.73631,27.92949]]],[[[-178.3045,28.38541],[-178.33303,28.39446],[-178.28811,28.39237],[-178.3045,28.38541]]],[[[-155.97958,19.8432],[-155.93709,19.84957],[-155.85896,19.96293],[-155.8324,19.97393],[-155.82308,20.02763],[-155.89139,20.12551],[-155.90437,20.19612],[-155.88258,20.25683],[-155.83704,20.26703],[-155.731,20.22003],[-155.72492,20.20163],[-155.65165,20.16535],[-155.58907,20.11919],[-155.55611,20.12922],[-155.43782,20.09268],[-155.28028,20.01899],[-155.17726,19.94779],[-155.08075,19.84778],[-155.09002,19.73462],[-155.00352,19.73633],[-154.97807,19.68898],[-154.97957,19.63788],[-154.90263,19.56836],[-154.81135,19.52678],[-154.82026,19.47887],[-154.97187,19.34994],[-155.07122,19.31166],[-155.12984,19.27399],[-155.19193,19.25612],[-155.29324,19.2639],[-155.34704,19.21455],[-155.41469,19.18475],[-155.45007,19.14905],[-155.50126,19.13486],[-155.55492,19.07779],[-155.55176,19.05174],[-155.65477,18.92245],[-155.80101,19.01011],[-155.87959,19.03353],[-155.91829,19.11481],[-155.88672,19.34555],[-155.90488,19.41031],[-155.95042,19.48665],[-155.96642,19.58052],[-155.99566,19.63914],[-156.06151,19.72801],[-156.04925,19.7719],[-155.97958,19.8432]]],[[[-156.56841,20.60309],[-156.53903,20.57618],[-156.55327,20.51747],[-156.66631,20.50091],[-156.70099,20.52482],[-156.67746,20.55497],[-156.56841,20.60309]]],[[[-156.66573,21.00379],[-156.58853,21.03082],[-156.56013,21.01388],[-156.47969,20.89807],[-156.3837,20.91598],[-156.32176,20.9471],[-156.22741,20.92866],[-156.16675,20.86565],[-156.13036,20.85945],[-156.10666,20.82303],[-156.00048,20.79147],[-155.98335,20.72175],[-156.04662,20.65259],[-156.13903,20.61812],[-156.19131,20.6285],[-156.29961,20.58308],[-156.37379,20.57492],[-156.4407,20.60429],[-156.44823,20.72208],[-156.46126,20.77847],[-156.50618,20.79512],[-156.53767,20.77459],[-156.61837,20.80758],[-156.68926,20.88195],[-156.69229,20.9471],[-156.66573,21.00379]]],[[[-156.88254,20.90446],[-156.80591,20.82167],[-156.82985,20.76692],[-156.89038,20.73502],[-156.96334,20.73193],[-157.00624,20.8496],[-157.04966,20.8702],[-157.05636,20.91046],[-156.98695,20.92884],[-156.88254,20.90446]]],[[[-157.26029,21.21916],[-157.18679,21.20333],[-156.99821,21.17919],[-156.96285,21.21213],[-156.94391,21.17295],[-156.86586,21.16139],[-156.80387,21.17522],[-156.70911,21.15865],[-156.73596,21.11409],[-156.79087,21.07218],[-156.8745,21.04548],[-157.09558,21.10358],[-157.25253,21.08767],[-157.31075,21.10163],[-157.25137,21.17782],[-157.26029,21.21916]]],[[[-157.65657,21.33168],[-157.65408,21.32599],[-157.65959,21.32702],[-157.65657,21.33168]]],[[[-157.79087,21.43468],[-157.78721,21.43582],[-157.78803,21.43115],[-157.79087,21.43468]]],[[[-158.00925,21.70034],[-157.96738,21.71043],[-157.91678,21.64744],[-157.92075,21.62984],[-157.84668,21.54983],[-157.84099,21.45948],[-157.76996,21.41328],[-157.76319,21.4595],[-157.72251,21.45922],[-157.74448,21.42236],[-157.70589,21.3803],[-157.6938,21.3329],[-157.65103,21.29882],[-157.70928,21.25972],[-157.71941,21.28436],[-157.8149,21.25611],[-157.88669,21.30665],[-157.98153,21.3159],[-158.1127,21.3019],[-158.14113,21.37638],[-158.1792,21.4043],[-158.18985,21.44653],[-158.23114,21.48268],[-158.23153,21.53718],[-158.27755,21.57699],[-158.12282,21.58351],[-158.00925,21.70034]]],[[[-160.54087,21.65362],[-160.54496,21.65339],[-160.54015,21.66019],[-160.54087,21.65362]]],[[[-160.12552,21.95371],[-160.09201,22.0055],[-160.05303,21.99228],[-160.08298,21.92791],[-160.07484,21.89479],[-160.15903,21.86528],[-160.20354,21.77916],[-160.23058,21.79049],[-160.24518,21.84721],[-160.187,21.92488],[-160.12552,21.95371]]],[[[-160.10261,22.01655],[-160.10201,22.02531],[-160.08797,22.02141],[-160.10261,22.01655]]],[[[-159.74525,22.09751],[-159.73054,22.13995],[-159.58106,22.22349],[-159.51076,22.20355],[-159.48794,22.22951],[-159.34977,22.21501],[-159.29328,22.14434],[-159.29663,22.10511],[-159.33271,22.05071],[-159.32988,21.96018],[-159.44487,21.86863],[-159.47534,21.88212],[-159.60328,21.89225],[-159.66871,21.95358],[-159.7594,21.97951],[-159.7867,22.0188],[-159.78375,22.0649],[-159.74525,22.09751]]],[[[-161.92949,23.06256],[-161.91643,23.06086],[-161.92577,23.05425],[-161.92949,23.06256]]]]}},{"type":"Feature","id":"16","properties":{"state_fips":"16","state_abbr":"ID","state_name":"Idaho"},"geometry":{"type":"Polygon","coordinates":[[[-116.95955,46.09906],[-116.92396,46.17092],[-116.96297,46.19968],[-116.98463,46.29271],[-117.05598,46.34553],[-117.03981,46.42543],[-117.04111,48.1249],[-117.03518,48.37088],[-117.03235,48.99919],[-116.04909,49.00085],[-116.04911,47.97684],[-115.9014,47.8431],[-115.85231,47.82786],[-115.82499,47.75237],[-115.72279,47.69473],[-115.7365,47.65474],[-115.68842,47.59561],[-115.75434,47.5526],[-115.64013,47.45971],[-115.74793,47.44168],[-115.54907,47.3472],[-115.52851,47.29931],[-115.34044,47.26287],[-115.24311,47.15073],[-115.14434,47.10198],[-115.07173,47.02586],[-115.04838,46.96982],[-115.00127,46.9719],[-114.92529,46.91875],[-114.92073,46.82708],[-114.86578,46.81453],[-114.76519,46.75825],[-114.78815,46.71212],[-114.75256,46.69716],[-114.69655,46.7405],[-114.62464,46.71179],[-114.64166,46.67919],[-114.61415,46.63906],[-114.54232,46.64965],[-114.46709,46.63176],[-114.42442,46.66065],[-114.35792,46.6687],[-114.32112,46.64751],[-114.35192,46.50774],[-114.39992,46.50219],[-114.38503,46.41123],[-114.42221,46.38733],[-114.41426,46.33548],[-114.45185,46.24067],[-114.44523,46.16795],[-114.51563,46.16613],[-114.52051,46.12491],[-114.46047,46.09779],[-114.4741,45.99225],[-114.41175,45.97787],[-114.4314,45.93604],[-114.38856,45.88219],[-114.5093,45.84553],[-114.56646,45.77331],[-114.50417,45.72166],[-114.49958,45.6696],[-114.5635,45.6323],[-114.53853,45.60777],[-114.56549,45.5626],[-114.52756,45.57082],[-114.3344,45.45909],[-114.27897,45.48009],[-114.24835,45.54541],[-114.20367,45.53557],[-114.13618,45.55702],[-114.01533,45.66342],[-114.01903,45.69275],[-113.9391,45.69578],[-113.89524,45.64339],[-113.79713,45.58212],[-113.83408,45.52053],[-113.76655,45.52091],[-113.78356,45.45568],[-113.77415,45.40655],[-113.7344,45.39235],[-113.73806,45.32837],[-113.69248,45.26344],[-113.59963,45.19173],[-113.57663,45.13152],[-113.51324,45.11684],[-113.52264,45.09268],[-113.45204,45.05917],[-113.44395,44.96017],[-113.49644,44.94732],[-113.45507,44.86542],[-113.35606,44.8198],[-113.34,44.78484],[-113.24648,44.82267],[-113.13183,44.77304],[-113.06776,44.67879],[-113.05712,44.61861],[-113.08754,44.59951],[-113.00541,44.52014],[-113.00506,44.45372],[-112.84518,44.35796],[-112.81111,44.39888],[-112.83936,44.42378],[-112.77984,44.48461],[-112.71911,44.50434],[-112.66357,44.48625],[-112.47395,44.47917],[-112.38734,44.4476],[-112.35892,44.52885],[-112.28604,44.56861],[-112.22934,44.56411],[-112.18394,44.53307],[-112.0963,44.52321],[-112.03271,44.54664],[-111.97745,44.53584],[-111.94891,44.5563],[-111.86613,44.56281],[-111.82153,44.50894],[-111.70415,44.55965],[-111.61267,44.54877],[-111.58651,44.56266],[-111.46827,44.53898],[-111.5252,44.6052],[-111.46851,44.67873],[-111.48989,44.70056],[-111.41427,44.71074],[-111.39247,44.75237],[-111.29604,44.70205],[-111.2201,44.62207],[-111.2275,44.57717],[-111.13138,44.53243],[-111.13066,44.50013],[-111.05243,44.47841],[-111.04897,44.47407],[-111.04356,42.72262],[-111.0468,42.50495],[-111.04671,42.0017],[-111.47802,41.9996],[-112.15385,41.99723],[-112.18603,42.00121],[-113.76472,41.98946],[-114.04148,41.99387],[-114.59827,41.99451],[-114.80638,42.00182],[-115.03178,41.99601],[-116.04714,41.99634],[-116.36848,41.99628],[-117.0262,41.99989],[-117.02668,43.02488],[-117.02663,43.80811],[-117.02003,43.85896],[-116.98415,43.86679],[-116.97958,43.91525],[-116.93449,44.02125],[-116.97735,44.08536],[-116.94313,44.09406],[-116.89408,44.16019],[-116.97167,44.19726],[-116.9759,44.24284],[-117.04706,44.22974],[-117.10421,44.27994],[-117.17034,44.25889],[-117.22265,44.29758],[-117.18977,44.33659],[-117.24267,44.39655],[-117.21507,44.42716],[-117.22593,44.47939],[-117.14416,44.54565],[-117.09587,44.66474],[-117.04422,44.74514],[-116.9347,44.78388],[-116.89581,44.85575],[-116.83218,44.93137],[-116.84794,45.0226],[-116.79733,45.06027],[-116.73122,45.13993],[-116.67379,45.32151],[-116.5882,45.44292],[-116.55483,45.46293],[-116.55659,45.50623],[-116.48297,45.57701],[-116.4635,45.61579],[-116.5354,45.69173],[-116.54664,45.75097],[-116.593,45.77854],[-116.66534,45.782],[-116.69808,45.82085],[-116.78268,45.82538],[-116.79605,45.85847],[-116.86654,45.91696],[-116.91599,45.99541],[-116.95955,46.09906]]]}},{"type":"Feature","id":"17","properties":{"state_fips":"17","state_abbr":"IL","state_name":"Illinois"},"geometry":{"type":"Polygon","coordinates":[[[-91.37575,40.39188],[-91.36906,40.51253],[-91.4062,40.5427],[-91.34873,40.6097],[-91.24785,40.63839],[-91.18698,40.6373],[-91.12393,40.66915],[-91.0917,40.77971],[-91.09685,40.81162],[-90.9985,40.90812],[-90.96292,40.92496],[-90.94225,41.0347],[-90.94663,41.09663],[-90.98966,41.15572],[-91.04154,41.16614],[-91.11365,41.2414],[-91.0775,41.30183],[-91.04782,41.4109],[-90.97517,41.43399],[-90.93002,41.4214],[-90.85755,41.45275],[-90.73754,41.45013],[-90.65584,41.46213],[-90.59524,41.51103],[-90.46143,41.52353],[-90.41283,41.56533],[-90.34323,41.58783],[-90.34345,41.64696],[-90.31522,41.73426],[-90.27863,41.76736],[-90.18797,41.80316],[-90.15358,41.90661],[-90.16214,41.96129],[-90.14006,42.00325],[-90.16448,42.04211],[-90.16289,42.11672],[-90.20948,42.15268],[-90.39111,42.22547],[-90.43088,42.27823],[-90.41594,42.3227],[-90.47728,42.38379],[-90.55502,42.41614],[-90.57074,42.4417],[-90.65403,42.4785],[-90.64284,42.50848],[-90.07367,42.50828],[-89.25076,42.49799],[-88.78668,42.49198],[-88.11528,42.49622],[-87.80209,42.49258],[-87.80326,42.39048],[-87.83477,42.30152],[-87.7959,42.20135],[-87.73616,42.12081],[-87.68236,42.07573],[-87.6333,41.94238],[-87.60945,41.84523],[-87.57286,41.77934],[-87.53106,41.74807],[-87.52416,41.70831],[-87.52673,41.29817],[-87.52632,40.49399],[-87.53326,39.87198],[-87.53165,39.34806],[-87.58908,39.33383],[-87.60557,39.2624],[-87.57456,39.2184],[-87.65874,39.136],[-87.57259,39.05729],[-87.57653,38.98671],[-87.51335,38.956],[-87.51801,38.9027],[-87.55203,38.86032],[-87.4959,38.78543],[-87.49608,38.74211],[-87.53123,38.68404],[-87.59725,38.66531],[-87.63957,38.57416],[-87.66923,38.54174],[-87.64534,38.51016],[-87.74464,38.47727],[-87.74525,38.409],[-87.83198,38.32697],[-87.85965,38.27671],[-87.93356,38.2959],[-87.98397,38.20911],[-87.93121,38.15635],[-87.94547,38.12662],[-88.01673,38.09726],[-87.96046,38.09909],[-87.96723,38.06711],[-88.04213,38.04635],[-88.01763,38.03474],[-88.01257,37.97706],[-88.03679,37.95679],[-88.01335,37.89485],[-88.09789,37.90152],[-88.03301,37.82438],[-88.09004,37.81677],[-88.02803,37.79922],[-88.0638,37.73864],[-88.12503,37.70709],[-88.15821,37.66454],[-88.13428,37.57464],[-88.06902,37.5253],[-88.08177,37.47302],[-88.28167,37.4526],[-88.36156,37.40293],[-88.40881,37.42522],[-88.47659,37.38688],[-88.51594,37.28404],[-88.44776,37.20353],[-88.4244,37.15243],[-88.46059,37.0743],[-88.52144,37.06558],[-88.57325,37.08],[-88.6306,37.121],[-88.7321,37.14396],[-88.80572,37.1886],[-88.91618,37.22399],[-89.00097,37.2244],[-89.07622,37.17513],[-89.15055,37.09376],[-89.18251,37.03727],[-89.13268,36.9822],[-89.1921,36.98],[-89.19849,37.01172],[-89.25994,37.06407],[-89.30773,37.06965],[-89.25761,37.0155],[-89.29213,36.99219],[-89.37828,37.03961],[-89.37561,37.08594],[-89.46186,37.19952],[-89.46069,37.25058],[-89.51834,37.2855],[-89.49119,37.33136],[-89.43604,37.34444],[-89.42246,37.39713],[-89.51645,37.53556],[-89.51654,37.5845],[-89.47755,37.58588],[-89.51772,37.64122],[-89.51201,37.68553],[-89.58332,37.71326],[-89.61728,37.74972],[-89.66799,37.75948],[-89.66038,37.7863],[-89.73987,37.84693],[-89.78203,37.85509],[-89.84479,37.90557],[-89.90183,37.86982],[-89.9525,37.88322],[-89.97422,37.91922],[-89.94075,37.97104],[-90.00533,37.96801],[-90.05937,38.01554],[-90.09377,38.01783],[-90.13079,38.06234],[-90.17716,38.07115],[-90.24312,38.11267],[-90.27493,38.15761],[-90.3539,38.21386],[-90.37266,38.28623],[-90.36822,38.34025],[-90.29278,38.42865],[-90.26031,38.52835],[-90.19181,38.59895],[-90.18261,38.66535],[-90.21201,38.71175],[-90.16641,38.77265],[-90.12311,38.79805],[-90.11333,38.84931],[-90.25025,38.91934],[-90.30945,38.92412],[-90.45079,38.96776],[-90.54403,38.87505],[-90.58339,38.86903],[-90.66347,38.92738],[-90.71254,39.05706],[-90.68274,39.08835],[-90.70915,39.15511],[-90.72698,39.25117],[-90.79346,39.3095],[-91.03827,39.44844],[-91.10031,39.53869],[-91.14827,39.5458],[-91.18592,39.60512],[-91.24122,39.63007],[-91.37001,39.73252],[-91.36174,39.78508],[-91.42952,39.8378],[-91.44784,39.87795],[-91.42088,39.91486],[-91.49488,40.03645],[-91.51032,40.12799],[-91.5065,40.2363],[-91.46214,40.34241],[-91.41942,40.37826],[-91.37575,40.39188]]]}},{"type":"Feature","id":"18","properties":{"state_fips":"18","state_abbr":"IN","state_name":"Indiana"},"geometry":{"type":"Polygon","coordinates":[[[-88.09004,37.81677],[-88.03301,37.82438],[-88.09789,37.90152],[-88.01335,37.89485],[-88.03679,37.95679],[-88.01257,37.97706],[-88.01763,38.03474],[-88.04213,38.04635],[-87.96723,38.06711],[-87.96046,38.09909],[-88.01673,38.09726],[-87.94547,38.12662],[-87.93121,38.15635],[-87.98397,38.20911],[-87.93356,38.2959],[-87.85965,38.27671],[-87.83198,38.32697],[-87.74525,38.409],[-87.74464,38.47727],[-87.64534,38.51016],[-87.66923,38.54174],[-87.63957,38.57416],[-87.59725,38.66531],[-87.53123,38.68404],[-87.49608,38.74211],[-87.4959,38.78543],[-87.55203,38.86032],[-87.51801,38.9027],[-87.51335,38.956],[-87.57653,38.98671],[-87.57259,39.05729],[-87.65874,39.136],[-87.57456,39.2184],[-87.60557,39.2624],[-87.58908,39.33383],[-87.53165,39.34806],[-87.53326,39.87198],[-87.52632,40.49399],[-87.52673,41.29817],[-87.52416,41.70831],[-87.43703,41.65516],[-87.36886,41.63004],[-87.22066,41.62436],[-87.09905,41.65177],[-86.92274,41.71272],[-86.82483,41.76024],[-86.51932,41.75945],[-85.60755,41.75908],[-84.80588,41.76022],[-84.80597,41.69612],[-84.80217,40.8006],[-84.80392,40.31012],[-84.81418,39.81421],[-84.82016,39.10548],[-84.89673,39.0533],[-84.83712,38.98806],[-84.83516,38.95796],[-84.87927,38.91612],[-84.80025,38.89107],[-84.7883,38.86433],[-84.82996,38.83063],[-84.81164,38.79277],[-84.88728,38.79478],[-84.99193,38.77854],[-85.17305,38.68802],[-85.2465,38.73182],[-85.30532,38.74155],[-85.4363,38.72848],[-85.45549,38.68209],[-85.41582,38.56356],[-85.42244,38.53293],[-85.49887,38.46824],[-85.58603,38.45009],[-85.61828,38.42635],[-85.65535,38.32385],[-85.74086,38.26787],[-85.7869,38.28853],[-85.90387,38.17414],[-85.90527,38.08893],[-85.92565,38.02178],[-86.02556,37.9945],[-86.05003,37.9605],[-86.07593,37.99549],[-86.1283,38.01619],[-86.17656,38.01023],[-86.2672,38.0568],[-86.27027,38.12978],[-86.34774,38.19536],[-86.37743,38.17138],[-86.32119,38.14701],[-86.40188,38.10433],[-86.46608,38.11444],[-86.43405,38.08676],[-86.45219,38.05049],[-86.51729,38.04263],[-86.52517,37.96823],[-86.50704,37.93644],[-86.58858,37.92116],[-86.59811,37.86738],[-86.66249,37.85695],[-86.65009,37.91062],[-86.71846,37.89312],[-86.75099,37.91289],[-86.79551,37.98945],[-86.85595,37.98729],[-86.92582,37.93511],[-86.97896,37.9302],[-87.0452,37.89433],[-87.06967,37.80151],[-87.12963,37.78661],[-87.16475,37.84135],[-87.22034,37.84908],[-87.38543,37.93767],[-87.4378,37.94422],[-87.5115,37.90643],[-87.55128,37.92542],[-87.58454,37.97466],[-87.62789,37.92225],[-87.58714,37.88486],[-87.6154,37.83197],[-87.6724,37.82913],[-87.66684,37.89576],[-87.83886,37.88017],[-87.90479,37.92489],[-87.93836,37.8908],[-87.90681,37.80762],[-87.94451,37.77526],[-88.02803,37.79922],[-88.09004,37.81677]]]}},{"type":"Feature","id":"19","properties":{"state_fips":"19","state_abbr":"IA","state_name":"Iowa"},"geometry":{"type":"Polygon","coordinates":[[[-95.75127,40.60906],[-95.78948,40.65939],[-95.8428,40.6775],[-95.88891,40.73186],[-95.8369,40.77648],[-95.84778,40.86433],[-95.81208,40.88424],[-95.84027,40.93994],[-95.82833,40.97238],[-95.86349,40.99734],[-95.87949,41.0533],[-95.86259,41.0884],[-95.88349,41.1549],[-95.84129,41.175],[-95.92599,41.1957],[-95.88309,41.3167],[-95.95679,41.3492],[-95.93099,41.3647],[-95.93292,41.4638],[-96.00471,41.47234],[-95.99283,41.512],[-96.09201,41.53391],[-96.08342,41.58334],[-96.10939,41.59687],[-96.09505,41.64737],[-96.11775,41.69422],[-96.06641,41.78891],[-96.16176,41.90182],[-96.1295,41.97167],[-96.22974,41.99441],[-96.22566,42.03522],[-96.27143,42.04499],[-96.26732,42.11027],[-96.34775,42.16681],[-96.35659,42.21518],[-96.32372,42.22989],[-96.36997,42.31088],[-96.408,42.33741],[-96.41181,42.41089],[-96.38071,42.44639],[-96.39611,42.4841],[-96.44551,42.49063],[-96.49009,42.51244],[-96.47695,42.55608],[-96.53788,42.65543],[-96.63062,42.70588],[-96.63514,42.76323],[-96.5656,42.83043],[-96.52774,42.89059],[-96.5411,42.9245],[-96.50031,42.95939],[-96.51026,43.04992],[-96.46085,43.06403],[-96.43659,43.12084],[-96.46654,43.15028],[-96.4767,43.22201],[-96.56044,43.22422],[-96.58116,43.29509],[-96.53039,43.30003],[-96.52404,43.39476],[-96.59425,43.43415],[-96.59893,43.50046],[-96.45326,43.50039],[-95.4338,43.50011],[-94.56652,43.50035],[-93.80851,43.4997],[-93.26098,43.49937],[-92.55219,43.50021],[-91.95438,43.50066],[-91.21771,43.50055],[-91.23224,43.46002],[-91.19767,43.39533],[-91.21477,43.36587],[-91.10724,43.31365],[-91.05791,43.25397],[-91.17525,43.13467],[-91.17469,43.03871],[-91.14655,42.96334],[-91.14337,42.90467],[-91.10056,42.88308],[-91.05127,42.737],[-90.95241,42.68678],[-90.72021,42.64076],[-90.66153,42.568],[-90.64284,42.50848],[-90.65403,42.4785],[-90.57074,42.4417],[-90.55502,42.41614],[-90.47728,42.38379],[-90.41594,42.3227],[-90.43088,42.27823],[-90.39111,42.22547],[-90.20948,42.15268],[-90.16289,42.11672],[-90.16448,42.04211],[-90.14006,42.00325],[-90.16214,41.96129],[-90.15358,41.90661],[-90.18797,41.80316],[-90.27863,41.76736],[-90.31522,41.73426],[-90.34345,41.64696],[-90.34323,41.58783],[-90.41283,41.56533],[-90.46143,41.52353],[-90.59524,41.51103],[-90.65584,41.46213],[-90.73754,41.45013],[-90.85755,41.45275],[-90.93002,41.4214],[-90.97517,41.43399],[-91.04782,41.4109],[-91.0775,41.30183],[-91.11365,41.2414],[-91.04154,41.16614],[-90.98966,41.15572],[-90.94663,41.09663],[-90.94225,41.0347],[-90.96292,40.92496],[-90.9985,40.90812],[-91.09685,40.81162],[-91.0917,40.77971],[-91.12393,40.66915],[-91.18698,40.6373],[-91.24785,40.63839],[-91.34873,40.6097],[-91.4062,40.5427],[-91.36906,40.51253],[-91.37575,40.39188],[-91.41942,40.37826],[-91.48025,40.38178],[-91.52461,40.41077],[-91.5286,40.459],[-91.56384,40.46099],[-91.61695,40.50479],[-91.62516,40.5435],[-91.68171,40.55304],[-91.72911,40.61364],[-92.09639,40.60183],[-92.75741,40.58891],[-93.26061,40.5808],[-93.54828,40.58042],[-94.08022,40.5729],[-94.63203,40.57119],[-95.3578,40.5801],[-95.76564,40.58521],[-95.75127,40.60906]]]}},{"type":"Feature","id":"20","properties":{"state_fips":"20","state_abbr":"KS","state_name":"Kansas"},"geometry":{"type":"Polygon","coordinates":[[[-101.40995,40.00235],[-100.46877,40.00172],[-99.8134,40.0014],[-99.16982,40.00192],[-98.7104,40.00218],[-97.83838,40.00191],[-97.04966,40.00132],[-96.15436,40.0005],[-95.30829,40.0],[-95.20573,39.90827],[-95.1406,39.88169],[-95.03777,39.86554],[-95.01874,39.89737],[-94.9279,39.88611],[-94.94257,39.8566],[-94.87634,39.80689],[-94.92561,39.78975],[-94.91229,39.75934],[-94.86074,39.76309],[-94.90261,39.7242],[-94.95529,39.74569],[-94.96898,39.69295],[-95.02764,39.66545],[-95.0569,39.58057],[-95.10745,39.57384],[-95.10289,39.53335],[-95.03341,39.46088],[-94.99017,39.44619],[-94.92311,39.38449],[-94.87909,39.3757],[-94.91064,39.34834],[-94.90005,39.30019],[-94.84632,39.26848],[-94.82379,39.20987],[-94.73654,39.1692],[-94.68724,39.1835],[-94.60866,39.16104],[-94.60804,38.81106],[-94.61186,38.62049],[-94.61266,38.21765],[-94.61772,37.77297],[-94.61796,36.99891],[-95.40768,36.99924],[-96.00081,36.99886],[-96.50029,36.99864],[-97.46228,36.99869],[-98.35407,36.99796],[-99.27751,36.99958],[-99.64865,36.9996],[-100.11572,37.00221],[-100.73452,36.99906],[-101.48533,36.99561],[-102.04209,36.99302],[-102.04157,37.68044],[-102.04464,38.04553],[-102.04507,38.66962],[-102.05174,40.00308],[-101.40995,40.00235]]]}},{"type":"Feature","id":"21","properties":{"state_fips":"21","state_abbr":"KY","state_name":"Kentucky"},"geometry":{"type":"MultiPolygon","coordinates":[[[[-89.53923,36.49793],[-89.57124,36.54734],[-89.54611,36.57999],[-89.48484,36.57182],[-89.46589,36.52995],[-89.48543,36.49749],[-89.53923,36.49793]]],[[[-89.18251,37.03727],[-89.15055,37.09376],[-89.07622,37.17513],[-89.00097,37.2244],[-88.91618,37.22399],[-88.80572,37.1886],[-88.7321,37.14396],[-88.6306,37.121],[-88.57325,37.08],[-88.52144,37.06558],[-88.46059,37.0743],[-88.4244,37.15243],[-88.44776,37.20353],[-88.51594,37.28404],[-88.47659,37.38688],[-88.40881,37.42522],[-88.36156,37.40293],[-88.28167,37.4526],[-88.08177,37.47302],[-88.06902,37.5253],[-88.13428,37.57464],[-88.15821,37.66454],[-88.12503,37.70709],[-88.0638,37.73864],[-88.02803,37.79922],[-87.94451,37.77526],[-87.90681,37.80762],[-87.93836,37.8908],[-87.90479,37.92489],[-87.83886,37.88017],[-87.66684,37.89576],[-87.6724,37.82913],[-87.6154,37.83197],[-87.58714,37.88486],[-87.62789,37.92225],[-87.58454,37.97466],[-87.55128,37.92542],[-87.5115,37.90643],[-87.4378,37.94422],[-87.38543,37.93767],[-87.22034,37.84908],[-87.16475,37.84135],[-87.12963,37.78661],[-87.06967,37.80151],[-87.0452,37.89433],[-86.97896,37.9302],[-86.92582,37.93511],[-86.85595,37.98729],[-86.79551,37.98945],[-86.75099,37.91289],[-86.71846,37.89312],[-86.65009,37.91062],[-86.66249,37.85695],[-86.59811,37.86738],[-86.58858,37.92116],[-86.50704,37.93644],[-86.52517,37.96823],[-86.51729,38.04263],[-86.45219,38.05049],[-86.43405,38.08676],[-86.46608,38.11444],[-86.40188,38.10433],[-86.32119,38.14701],[-86.37743,38.17138],[-86.34774,38.19536],[-86.27027,38.12978],[-86.2672,38.0568],[-86.17656,38.01023],[-86.1283,38.01619],[-86.07593,37.99549],[-86.05003,37.9605],[-86.02556,37.9945],[-85.92565,38.02178],[-85.90527,38.08893],[-85.90387,38.17414],[-85.7869,38.28853],[-85.74086,38.26787],[-85.65535,38.32385],[-85.61828,38.42635],[-85.58603,38.45009],[-85.49887,38.46824],[-85.42244,38.53293],[-85.41582,38.56356],[-85.45549,38.68209],[-85.4363,38.72848],[-85.30532,38.74155],[-85.2465,38.73182],[-85.17305,38.68802],[-84.99193,38.77854],[-84.88728,38.79478],[-84.81164,38.79277],[-84.82996,38.83063],[-84.7883,38.86433],[-84.80025,38.89107],[-84.87927,38.91612],[-84.83516,38.95796],[-84.83712,38.98806],[-84.89673,39.0533],[-84.82016,39.10548],[-84.75445,39.14666],[-84.63245,39.07676],[-84.50974,39.09366],[-84.44524,39.11446],[-84.42984,39.05826],[-84.36044,39.04136],[-84.3047,39.00646],[-84.28816,38.95579],[-84.23445,38.89323],[-84.2129,38.80571],[-84.07149,38.77048],[-83.97881,38.7871],[-83.85903,38.75679],[-83.84059,38.72191],[-83.78362,38.69564],[-83.77216,38.65815],[-83.67144,38.62738],[-83.62692,38.67939],[-83.52095,38.70304],[-83.46806,38.67547],[-83.36666,38.65854],[-83.29419,38.59659],[-83.24566,38.62856],[-83.15378,38.61883],[-83.10275,38.67732],[-83.03301,38.72381],[-82.97939,38.72598],[-82.89419,38.75658],[-82.86989,38.72818],[-82.84719,38.59517],[-82.80011,38.56318],[-82.72485,38.5576],[-82.6138,38.47453],[-82.59348,38.42182],[-82.59798,38.34491],[-82.5765,38.32812],[-82.57466,38.26387],[-82.61252,38.23455],[-82.61134,38.17155],[-82.63731,38.13905],[-82.55126,38.0708],[-82.51919,38.00113],[-82.46426,37.98341],[-82.5022,37.93305],[-82.41993,37.88487],[-82.42059,37.84785],[-82.31078,37.76269],[-82.33403,37.74323],[-82.29439,37.67796],[-82.24041,37.66157],[-82.21344,37.62522],[-82.13228,37.59333],[-82.13325,37.55283],[-81.96801,37.53804],[-82.35095,37.26708],[-82.49886,37.22704],[-82.63349,37.15426],[-82.7221,37.12017],[-82.72247,37.0451],[-82.78214,37.00824],[-82.86753,36.97752],[-82.8561,36.95247],[-82.87949,36.88909],[-83.00609,36.84789],[-83.07259,36.85459],[-83.13324,36.78321],[-83.13639,36.74309],[-83.1946,36.73949],[-83.3861,36.68659],[-83.42371,36.66739],[-83.49391,36.67009],[-83.64831,36.62268],[-83.67539,36.60078],[-83.69071,36.58258],[-84.54314,36.59628],[-84.84309,36.60513],[-85.02463,36.61935],[-85.19537,36.6255],[-85.48835,36.61499],[-85.83217,36.62205],[-86.03277,36.63037],[-86.33305,36.64878],[-86.50777,36.65245],[-86.56414,36.63347],[-86.58991,36.65249],[-87.11498,36.64241],[-87.41431,36.64105],[-87.8532,36.63325],[-87.84957,36.6637],[-88.07053,36.67812],[-88.03249,36.54066],[-88.0532,36.49713],[-89.11754,36.5036],[-89.30028,36.50715],[-89.41728,36.49901],[-89.37545,36.61572],[-89.32673,36.63219],[-89.25832,36.56495],[-89.22732,36.56937],[-89.15908,36.66635],[-89.19948,36.71604],[-89.16689,36.75963],[-89.11685,36.77561],[-89.17742,36.80727],[-89.13797,36.84735],[-89.09959,36.96454],[-89.13268,36.9822],[-89.18251,37.03727]]]]}},{"type":"Feature","id":"22","properties":{"state_fips":"22","state_abbr":"LA","state_name":"Louisiana"},"geometry":{"type":"MultiPolygon","coordinates":[[[[-93.49089,33.01844],[-92.22282,33.00908],[-91.95196,33.00743],[-91.16609,33.00429],[-91.21284,32.9221],[-91.15997,32.89988],[-91.13129,32.93005],[-91.13552,32.97966],[-91.0868,32.97627],[-91.0706,32.88866],[-91.145,32.84287],[-91.16167,32.81247],[-91.15861,32.74345],[-91.06077,32.72749],[-91.06395,32.70293],[-91.1527,32.64076],[-91.11864,32.58514],[-91.0498,32.60719],[-91.02577,32.64657],[-91.0046,32.60978],[-91.0804,32.55644],[-90.99487,32.50861],[-91.03811,32.49044],[-91.09374,32.54913],[-91.11671,32.50014],[-91.09531,32.45874],[-91.02961,32.43354],[-90.96646,32.43387],[-91.00451,32.36814],[-90.91236,32.33945],[-90.91616,32.30358],[-90.9762,32.29645],[-90.98377,32.21065],[-91.04651,32.24115],[-91.16417,32.19689],[-91.16282,32.13269],[-91.05317,32.12424],[-91.05831,32.18095],[-91.00291,32.16205],[-91.03861,32.09825],[-91.09871,32.04836],[-91.12861,32.07655],[-91.14511,32.04656],[-91.07591,32.01683],[-91.18831,31.96096],[-91.18061,31.91796],[-91.26771,31.86266],[-91.26201,31.80936],[-91.29341,31.86016],[-91.34571,31.84286],[-91.36553,31.76163],[-91.28604,31.77206],[-91.27554,31.74552],[-91.36503,31.74818],[-91.39711,31.71136],[-91.40101,31.62037],[-91.46382,31.62036],[-91.49766,31.64537],[-91.51657,31.61182],[-91.48522,31.58617],[-91.42272,31.59707],[-91.40791,31.56937],[-91.45002,31.53967],[-91.51581,31.53089],[-91.51337,31.4444],[-91.47206,31.39592],[-91.47887,31.36496],[-91.51598,31.37029],[-91.54065,31.43076],[-91.57833,31.39907],[-91.51005,31.31682],[-91.51858,31.27528],[-91.57449,31.26129],[-91.63767,31.26768],[-91.64436,31.23441],[-91.59005,31.19369],[-91.62599,31.1169],[-91.56765,31.07019],[-91.5644,31.03896],[-91.63694,30.99942],[-91.06827,30.99892],[-90.38054,30.99987],[-89.75264,31.00185],[-89.7325,31.00483],[-89.77355,30.89686],[-89.77172,30.85468],[-89.83241,30.76451],[-89.82806,30.72502],[-89.85189,30.6612],[-89.81385,30.6368],[-89.80618,30.56754],[-89.76813,30.51502],[-89.68341,30.45179],[-89.68369,30.40587],[-89.62973,30.33929],[-89.6474,30.29129],[-89.61706,30.2275],[-89.57015,30.1803],[-89.52809,30.18898],[-89.58706,30.15065],[-89.62414,30.15739],[-89.72088,30.06836],[-89.73332,30.02205],[-89.76794,30.04573],[-89.81833,30.04573],[-89.86027,30.00311],[-89.83879,29.94277],[-89.79009,29.933],[-89.72939,29.95753],[-89.74494,29.90791],[-89.70528,29.87434],[-89.63482,29.86319],[-89.59643,29.87955],[-89.57042,29.96146],[-89.58009,29.99046],[-89.49152,30.0375],[-89.48442,30.07883],[-89.37237,30.03667],[-89.44446,30.0233],[-89.45777,29.99819],[-89.39482,29.96347],[-89.376,29.90635],[-89.31763,29.92122],[-89.27331,29.99382],[-89.22554,29.96713],[-89.24265,29.93111],[-89.27981,29.92725],[-89.32467,29.88891],[-89.24119,29.88511],[-89.32752,29.82328],[-89.34083,29.84967],[-89.38361,29.84011],[-89.33645,29.78517],[-89.29251,29.79917],[-89.30492,29.75874],[-89.3947,29.79015],[-89.43077,29.74077],[-89.42421,29.69764],[-89.46556,29.65174],[-89.4676,29.69902],[-89.52489,29.72657],[-89.5323,29.67338],[-89.50033,29.63451],[-89.56539,29.65926],[-89.62992,29.62889],[-89.68449,29.6248],[-89.6418,29.57557],[-89.68449,29.56326],[-89.6402,29.50356],[-89.56961,29.49404],[-89.5355,29.4508],[-89.51233,29.38227],[-89.47014,29.40147],[-89.3375,29.37948],[-89.2667,29.34991],[-89.23537,29.30432],[-89.20039,29.34442],[-89.1151,29.2529],[-89.122,29.20208],[-89.09633,29.18797],[-89.02597,29.21515],[-89.00387,29.17988],[-89.11178,29.15996],[-89.09704,29.13878],[-89.03952,29.13546],[-89.06662,29.09071],[-89.1037,29.11667],[-89.11653,29.0741],[-89.14695,29.07098],[-89.14287,28.99162],[-89.21867,29.02252],[-89.22149,29.06457],[-89.25173,29.08317],[-89.40517,28.93164],[-89.39301,28.98707],[-89.31975,29.05748],[-89.31238,29.1175],[-89.27863,29.13764],[-89.29503,29.19887],[-89.32854,29.19057],[-89.35058,29.1296],[-89.39965,29.12368],[-89.48284,29.21505],[-89.60597,29.25365],[-89.63966,29.29053],[-89.84264,29.31882],[-89.82535,29.35503],[-89.79059,29.32825],[-89.75969,29.35021],[-89.64679,29.37631],[-89.62326,29.34628],[-89.60876,29.3875],[-89.76801,29.38936],[-89.84355,29.42168],[-89.8364,29.47491],[-89.87586,29.43671],[-89.93427,29.43966],[-89.96398,29.46305],[-90.0089,29.3792],[-89.98269,29.3413],[-90.03837,29.33259],[-90.03243,29.28161],[-90.07533,29.29601],[-90.10807,29.26502],[-90.04785,29.18958],[-90.22287,29.08707],[-90.24533,29.14967],[-90.27563,29.17012],[-90.25923,29.19958],[-90.3076,29.27072],[-90.35407,29.30545],[-90.39519,29.25714],[-90.39756,29.31],[-90.44023,29.34938],[-90.47909,29.29218],[-90.57701,29.31322],[-90.61183,29.21483],[-90.64605,29.1706],[-90.67589,29.17406],[-90.69431,29.12507],[-90.72318,29.13597],[-90.80221,29.09382],[-90.80593,29.06446],[-90.85153,29.0743],[-90.86912,29.11832],[-90.95968,29.1863],[-91.02028,29.18008],[-91.03835,29.21037],[-91.06473,29.18412],[-91.12985,29.22074],[-91.21518,29.22697],[-91.28832,29.25574],[-91.33977,29.30982],[-91.29574,29.30952],[-91.26545,29.36098],[-91.19926,29.30513],[-91.17169,29.32513],[-91.17252,29.23796],[-91.11773,29.25828],[-91.13306,29.34109],[-91.21958,29.39712],[-91.22117,29.43642],[-91.2664,29.47609],[-91.33957,29.4905],[-91.35213,29.51384],[-91.42447,29.51857],[-91.449,29.54586],[-91.54138,29.52633],[-91.52584,29.54595],[-91.55457,29.63578],[-91.63705,29.64135],[-91.61684,29.71972],[-91.6279,29.74108],[-91.77288,29.74562],[-91.85833,29.70609],[-91.87924,29.75656],[-91.83907,29.77358],[-91.83081,29.82927],[-91.88197,29.83545],[-92.08365,29.75914],[-92.14443,29.71642],[-92.12358,29.75346],[-92.20331,29.7534],[-92.16909,29.70021],[-92.10387,29.69915],[-92.13546,29.6711],[-92.11205,29.61832],[-92.0348,29.61842],[-92.04562,29.5851],[-92.14539,29.58647],[-92.25549,29.54018],[-92.32347,29.5315],[-92.46774,29.56262],[-92.6227,29.58701],[-92.74131,29.62214],[-92.96603,29.71631],[-93.17693,29.77049],[-93.25064,29.77787],[-93.34644,29.76264],[-93.47157,29.76927],[-93.73968,29.73582],[-93.83797,29.69062],[-93.92274,29.81881],[-93.85514,29.8641],[-93.78693,29.99058],[-93.71377,30.06569],[-93.73408,30.08613],[-93.69629,30.1516],[-93.71905,30.20873],[-93.70458,30.28995],[-93.74394,30.30403],[-93.75677,30.39116],[-93.70237,30.43092],[-93.70681,30.50707],[-93.73378,30.5314],[-93.72784,30.57407],[-93.67866,30.5941],[-93.6831,30.64076],[-93.6299,30.67994],[-93.58223,30.80312],[-93.55406,30.82494],[-93.57408,30.88453],[-93.53094,30.92453],[-93.53176,30.95822],[-93.57821,31.0],[-93.50829,31.03235],[-93.5522,31.07893],[-93.5351,31.18561],[-93.5885,31.16558],[-93.61459,31.26145],[-93.68785,31.30984],[-93.6706,31.38882],[-93.69269,31.44056],[-93.74948,31.46869],[-93.71344,31.51484],[-93.78769,31.52734],[-93.83938,31.59908],[-93.81684,31.62251],[-93.82646,31.66692],[-93.79455,31.70208],[-93.8361,31.74852],[-93.82344,31.7751],[-93.87476,31.82166],[-93.9292,31.91176],[-93.97394,31.92167],[-94.01726,31.98934],[-94.04272,31.99926],[-94.04296,33.01922],[-93.49089,33.01844]]],[[[-90.93282,29.05141],[-90.91553,29.04987],[-90.91975,29.04767],[-90.93282,29.05141]]],[[[-91.04156,29.1918],[-91.03633,29.19025],[-91.04013,29.18869],[-91.04156,29.1918]]],[[[-91.92846,29.63508],[-91.84301,29.62774],[-91.80273,29.58869],[-91.71108,29.56933],[-91.76541,29.5248],[-91.76826,29.49036],[-91.84646,29.47931],[-92.02698,29.56884],[-91.98265,29.61421],[-91.92846,29.63508]]],[[[-90.80615,29.05379],[-90.83433,29.04492],[-90.84391,29.05005],[-90.80615,29.05379]]],[[[-90.66167,29.06261],[-90.756,29.0452],[-90.71178,29.06233],[-90.66167,29.06261]]],[[[-90.32077,29.06744],[-90.33044,29.06761],[-90.3216,29.07086],[-90.32077,29.06744]]],[[[-90.47006,29.06688],[-90.47332,29.05949],[-90.55032,29.09214],[-90.47006,29.06688]]],[[[-90.35775,29.10638],[-90.34313,29.10618],[-90.35603,29.10193],[-90.35775,29.10638]]],[[[-90.37617,29.10867],[-90.35252,29.11978],[-90.34373,29.11853],[-90.37617,29.10867]]],[[[-90.35038,29.18122],[-90.33802,29.18942],[-90.34765,29.17769],[-90.35038,29.18122]]],[[[-90.61326,29.1946],[-90.61872,29.19533],[-90.61692,29.19807],[-90.61326,29.1946]]],[[[-90.41087,29.20269],[-90.41444,29.20799],[-90.40766,29.20705],[-90.41087,29.20269]]],[[[-89.95564,29.25277],[-90.04322,29.2003],[-89.98483,29.2616],[-89.95564,29.25277]]],[[[-90.02144,29.23972],[-90.01692,29.25061],[-90.00801,29.23951],[-90.02144,29.23972]]],[[[-90.44439,29.26253],[-90.43512,29.25341],[-90.44142,29.25206],[-90.44439,29.26253]]],[[[-90.0288,29.2645],[-90.02262,29.2672],[-90.02203,29.26098],[-90.0288,29.2645]]],[[[-89.97948,29.27756],[-89.96689,29.28264],[-89.96713,29.27145],[-89.97948,29.27756]]],[[[-89.98403,29.32081],[-89.97387,29.32085],[-89.97316,29.30102],[-89.98403,29.32081]]],[[[-89.94422,29.27172],[-89.93397,29.28565],[-89.91584,29.28648],[-89.94422,29.27172]]],[[[-89.96208,29.3033],[-89.95976,29.30678],[-89.95793,29.30247],[-89.96208,29.3033]]],[[[-89.86124,29.31166],[-89.90117,29.31488],[-89.87265,29.32109],[-89.86124,29.31166]]],[[[-89.29697,29.38251],[-89.30039,29.3822],[-89.29832,29.38543],[-89.29697,29.38251]]],[[[-89.59967,29.50759],[-89.62796,29.53314],[-89.56545,29.54585],[-89.59967,29.50759]]],[[[-89.66337,29.55609],[-89.6579,29.5471],[-89.6661,29.5504],[-89.66337,29.55609]]],[[[-89.6396,29.55568],[-89.64507,29.55661],[-89.64103,29.55909],[-89.6396,29.55568]]],[[[-89.64293,29.56736],[-89.63128,29.56725],[-89.64364,29.56405],[-89.64293,29.56736]]],[[[-89.56913,29.57521],[-89.57602,29.57407],[-89.5805,29.57949],[-89.56913,29.57521]]],[[[-89.2495,29.82865],[-89.2489,29.82316],[-89.26293,29.82473],[-89.2495,29.82865]]],[[[-88.8677,29.8595],[-88.86271,29.85678],[-88.86233,29.84619],[-88.8677,29.8595]]],[[[-88.87831,29.87702],[-88.87531,29.88195],[-88.87607,29.87502],[-88.87831,29.87702]]],[[[-88.84301,29.82596],[-88.81702,29.93425],[-88.83271,29.82406],[-88.84301,29.82596]]],[[[-89.35776,29.934],[-89.35253,29.92793],[-89.36252,29.92267],[-89.35776,29.934]]],[[[-89.32591,29.95532],[-89.31938,29.94893],[-89.32663,29.94698],[-89.32591,29.95532]]],[[[-89.33221,29.96242],[-89.33732,29.95944],[-89.33566,29.96283],[-89.33221,29.96242]]],[[[-89.36168,29.95171],[-89.36679,29.97673],[-89.35372,29.95964],[-89.36168,29.95171]]],[[[-89.3435,29.98126],[-89.34041,29.97622],[-89.34742,29.97519],[-89.3435,29.98126]]],[[[-89.33673,29.99423],[-89.33673,29.98795],[-89.34029,29.98816],[-89.33673,29.99423]]],[[[-89.29335,29.99475],[-89.29395,30.0003],[-89.28777,29.99958],[-89.29335,29.99475]]],[[[-89.37975,30.01461],[-89.36477,30.00905],[-89.37844,30.00421],[-89.37975,30.01461]]],[[[-89.24308,30.10066],[-89.17683,30.06075],[-89.2295,30.00043],[-89.23886,30.05293],[-89.27547,30.03709],[-89.34216,30.05917],[-89.30303,30.09157],[-89.18571,30.157],[-89.24308,30.10066]]],[[[-89.44209,30.14437],[-89.41769,30.14368],[-89.42903,30.12856],[-89.44209,30.14437]]]]}},{"type":"Feature","id":"23","properties":{"state_fips":"23","state_abbr":"ME","state_name":"Maine"},"geometry":{"type":"MultiPolygon","coordinates":[[[[-70.61467,42.99291],[-70.60135,42.98108],[-70.61852,42.98566],[-70.61467,42.99291]]],[[[-70.8268,43.12709],[-70.81786,43.23791],[-70.8817,43.27248],[-70.93273,43.33676],[-70.95653,43.33469],[-70.98681,43.41426],[-70.95084,43.55103],[-70.97272,43.57026],[-70.98907,43.79244],[-71.01127,44.30185],[-71.03104,44.65546],[-71.07691,45.24691],[-71.08392,45.30545],[-70.95238,45.3391],[-70.88503,45.23487],[-70.81234,45.30201],[-70.80265,45.36493],[-70.82561,45.40031],[-70.78147,45.43116],[-70.71229,45.39061],[-70.65117,45.37712],[-70.62385,45.40597],[-70.68116,45.45218],[-70.72161,45.51506],[-70.64469,45.60708],[-70.56378,45.66269],[-70.38355,45.73487],[-70.41692,45.79528],[-70.34244,45.85219],[-70.25912,45.89076],[-70.25859,45.95933],[-70.31297,45.96186],[-70.28457,45.99538],[-70.3176,46.01949],[-70.25402,46.0996],[-70.24026,46.15008],[-70.29274,46.1916],[-70.20741,46.33132],[-70.14853,46.35892],[-70.09629,46.40943],[-70.05695,46.41516],[-69.99709,46.69523],[-69.22442,47.45969],[-69.06417,47.43297],[-69.03099,47.40906],[-69.0545,47.37797],[-69.04152,47.24564],[-68.90008,47.17772],[-68.71787,47.24092],[-68.61241,47.2448],[-68.57855,47.28755],[-68.47485,47.29753],[-68.38351,47.28618],[-68.37862,47.34314],[-68.2841,47.36039],[-68.15246,47.32153],[-68.13706,47.29607],[-67.95227,47.19614],[-67.88891,47.11006],[-67.79052,47.06792],[-67.78841,46.6018],[-67.78211,46.27938],[-67.7811,45.94303],[-67.75042,45.9179],[-67.80391,45.8829],[-67.75507,45.82367],[-67.80199,45.80355],[-67.80331,45.67789],[-67.71806,45.66799],[-67.67542,45.63096],[-67.51858,45.58792],[-67.45541,45.60467],[-67.42972,45.58377],[-67.43504,45.52878],[-67.50309,45.48969],[-67.47256,45.42332],[-67.42696,45.39019],[-67.42887,45.34423],[-67.48933,45.28128],[-67.40463,45.15993],[-67.33987,45.12559],[-67.29821,45.14667],[-67.28979,45.18866],[-67.22732,45.16365],[-67.15792,45.161],[-67.09079,45.06872],[-67.08806,45.03482],[-67.03347,44.93992],[-66.98447,44.91256],[-66.97626,44.80832],[-67.07344,44.74196],[-67.18943,44.64553],[-67.23427,44.6372],[-67.27285,44.66408],[-67.28735,44.624],[-67.29918,44.7057],[-67.3798,44.67878],[-67.36198,44.64024],[-67.40549,44.59424],[-67.49363,44.62886],[-67.54337,44.62655],[-67.57506,44.56066],[-67.56472,44.53207],[-67.69635,44.5338],[-67.74335,44.49742],[-67.75888,44.54894],[-67.84778,44.563],[-67.85165,44.4849],[-67.88224,44.45248],[-67.90059,44.39555],[-67.92431,44.46351],[-67.93187,44.41215],[-67.95877,44.45401],[-68.02746,44.48251],[-67.95877,44.39885],[-68.00393,44.4109],[-68.04933,44.33073],[-68.10138,44.37965],[-68.12135,44.47895],[-68.16175,44.50116],[-68.17105,44.47021],[-68.21143,44.52014],[-68.22939,44.4635],[-68.26443,44.48725],[-68.28057,44.45157],[-68.35498,44.45808],[-68.36734,44.4311],[-68.33787,44.42194],[-68.31196,44.44434],[-68.20354,44.39236],[-68.17361,44.3284],[-68.22426,44.29023],[-68.32005,44.28802],[-68.29105,44.24615],[-68.36456,44.22637],[-68.40727,44.25671],[-68.43085,44.31261],[-68.39803,44.37619],[-68.35641,44.39222],[-68.39256,44.41807],[-68.4308,44.39698],[-68.42534,44.49828],[-68.46693,44.49031],[-68.46215,44.3794],[-68.47977,44.45418],[-68.49969,44.41418],[-68.56642,44.39445],[-68.54543,44.355],[-68.564,44.30802],[-68.52279,44.2281],[-68.63229,44.28642],[-68.6894,44.2967],[-68.73931,44.33317],[-68.8272,44.31216],[-68.82183,44.40708],[-68.78328,44.44714],[-68.78566,44.51209],[-68.8351,44.4814],[-68.81109,44.46614],[-68.8843,44.42813],[-68.92161,44.45664],[-68.99447,44.42222],[-68.94816,44.35588],[-68.95446,44.32405],[-69.07206,44.1844],[-69.09821,44.08307],[-69.0434,44.09216],[-69.16256,43.999],[-69.21487,43.93075],[-69.27395,43.91422],[-69.26751,43.94367],[-69.34646,43.96309],[-69.43773,43.97575],[-69.46245,43.89805],[-69.50329,43.83767],[-69.54945,43.88001],[-69.5517,43.83463],[-69.63881,43.84785],[-69.65561,43.78104],[-69.69039,43.82539],[-69.69158,43.91723],[-69.70584,43.82041],[-69.75409,43.74387],[-69.85508,43.70475],[-69.86936,43.77735],[-69.93187,43.7837],[-70.02647,43.72894],[-69.99367,43.80909],[-69.94504,43.85996],[-70.0192,43.85873],[-70.14515,43.79461],[-70.25296,43.67501],[-70.20749,43.62348],[-70.19691,43.56515],[-70.2725,43.56262],[-70.34179,43.54048],[-70.38488,43.49604],[-70.37223,43.45508],[-70.3273,43.45852],[-70.42767,43.38925],[-70.41631,43.36106],[-70.5177,43.34404],[-70.56278,43.31061],[-70.59391,43.2493],[-70.57579,43.22186],[-70.67311,43.07031],[-70.70382,43.05983],[-70.8268,43.12709]]],[[[-70.2244,43.5472],[-70.22784,43.53826],[-70.2455,43.53964],[-70.2244,43.5472]]],[[[-70.20593,43.63363],[-70.20343,43.64719],[-70.1907,43.64558],[-70.20593,43.63363]]],[[[-70.19974,43.64937],[-70.18714,43.67395],[-70.17666,43.65977],[-70.19974,43.64937]]],[[[-70.20189,43.68548],[-70.18215,43.69492],[-70.21082,43.66169],[-70.20189,43.68548]]],[[[-70.09604,43.67228],[-70.10123,43.67547],[-70.08726,43.69103],[-70.09604,43.67228]]],[[[-70.16823,43.67514],[-70.17134,43.68755],[-70.13366,43.70231],[-70.16823,43.67514]]],[[[-70.11596,43.6892],[-70.10068,43.70596],[-70.0937,43.6918],[-70.11596,43.6892]]],[[[-70.11203,43.70747],[-70.12225,43.70008],[-70.11583,43.7097],[-70.11203,43.70747]]],[[[-69.75718,43.70334],[-69.75904,43.71305],[-69.75432,43.71004],[-69.75718,43.70334]]],[[[-70.14446,43.71352],[-70.1467,43.70889],[-70.15275,43.71102],[-70.14446,43.71352]]],[[[-70.08161,43.71262],[-70.0721,43.71896],[-70.07929,43.70699],[-70.08161,43.71262]]],[[[-70.08969,43.71503],[-70.08375,43.72052],[-70.08161,43.71606],[-70.08969,43.71503]]],[[[-70.18595,43.72104],[-70.19284,43.71348],[-70.19047,43.72224],[-70.18595,43.72104]]],[[[-70.02884,43.72636],[-70.021,43.72465],[-70.03764,43.71485],[-70.02884,43.72636]]],[[[-70.04667,43.72018],[-70.04905,43.72276],[-70.04025,43.72671],[-70.04667,43.72018]]],[[[-70.0904,43.73134],[-70.08541,43.73083],[-70.09587,43.72155],[-70.0904,43.73134]]],[[[-69.93116,43.72413],[-69.93901,43.72382],[-69.93734,43.73083],[-69.93116,43.72413]]],[[[-70.12382,43.71289],[-70.12582,43.74545],[-70.09749,43.74834],[-70.12382,43.71289]]],[[[-70.17668,43.74543],[-70.17834,43.74062],[-70.18856,43.73684],[-70.17668,43.74543]]],[[[-70.04477,43.76483],[-70.04616,43.75726],[-70.06124,43.74628],[-70.04477,43.76483]]],[[[-70.15183,43.74654],[-70.14554,43.77581],[-70.11536,43.76465],[-70.15183,43.74654]]],[[[-70.05737,43.77066],[-70.05333,43.76517],[-70.06259,43.75968],[-70.05737,43.77066]]],[[[-69.61885,43.75744],[-69.61076,43.7789],[-69.61396,43.75108],[-69.61885,43.75744]]],[[[-69.58153,43.77186],[-69.58819,43.77049],[-69.58624,43.77987],[-69.58153,43.77186]]],[[[-70.10202,43.77681],[-70.10561,43.78216],[-70.08965,43.78519],[-70.10202,43.77681]]],[[[-70.06307,43.78765],[-70.07448,43.77993],[-70.07163,43.78748],[-70.06307,43.78765]]],[[[-70.12343,43.79391],[-70.12492,43.79077],[-70.13144,43.79164],[-70.12343,43.79391]]],[[[-70.04881,43.79297],[-70.02861,43.80378],[-70.04656,43.782],[-70.04881,43.79297]]],[[[-69.5996,43.80326],[-69.59389,43.80412],[-69.59959,43.79074],[-69.5996,43.80326]]],[[[-70.06663,43.80429],[-70.06996,43.79674],[-70.07876,43.79674],[-70.06663,43.80429]]],[[[-69.62673,43.80516],[-69.63413,43.80349],[-69.62879,43.81372],[-69.62673,43.80516]]],[[[-70.01886,43.81458],[-69.99985,43.8295],[-70.00935,43.81132],[-70.01886,43.81458]]],[[[-69.99034,43.84253],[-69.99034,43.8319],[-69.99747,43.83293],[-69.99034,43.84253]]],[[[-69.42205,43.92305],[-69.42728,43.91226],[-69.4268,43.92442],[-69.42205,43.92305]]],[[[-69.44252,43.90906],[-69.4394,43.93914],[-69.42415,43.93411],[-69.44252,43.90906]]],[[[-69.38735,43.9672],[-69.39147,43.95766],[-69.39483,43.96487],[-69.38735,43.9672]]],[[[-69.32114,43.76576],[-69.30299,43.77459],[-69.31432,43.75671],[-69.32114,43.76576]]],[[[-68.89368,43.83305],[-68.87764,43.83842],[-68.88672,43.8222],[-68.89368,43.83305]]],[[[-68.81585,43.86156],[-68.80967,43.85693],[-68.82654,43.84767],[-68.81585,43.86156]]],[[[-68.9077,43.84935],[-68.89007,43.8755],[-68.87883,43.8583],[-68.9077,43.84935]]],[[[-69.29822,43.86498],[-69.2956,43.87595],[-69.2825,43.86458],[-69.29822,43.86498]]],[[[-69.31525,43.88284],[-69.30588,43.87742],[-69.32103,43.85671],[-69.31525,43.88284]]],[[[-69.12792,43.89497],[-69.11894,43.89826],[-69.12554,43.87355],[-69.12792,43.89497]]],[[[-69.3141,43.90227],[-69.30796,43.89103],[-69.32293,43.90164],[-69.3141,43.90227]]],[[[-69.0048,43.9013],[-69.01288,43.90096],[-69.01455,43.90867],[-69.0048,43.9013]]],[[[-69.37166,43.91449],[-69.38354,43.89565],[-69.38472,43.90918],[-69.37166,43.91449]]],[[[-69.3074,43.91811],[-69.30986,43.90627],[-69.31552,43.91361],[-69.3074,43.91811]]],[[[-69.03546,43.91141],[-69.0376,43.9162],[-69.02976,43.91534],[-69.03546,43.91141]]],[[[-69.22252,43.92544],[-69.21294,43.9214],[-69.22751,43.9162],[-69.22252,43.92544]]],[[[-69.34646,43.92253],[-69.35169,43.92715],[-69.34058,43.93385],[-69.34646,43.92253]]],[[[-69.29299,43.94239],[-69.28586,43.93144],[-69.29934,43.93292],[-69.29299,43.94239]]],[[[-69.07848,43.97302],[-69.08313,43.98152],[-69.07254,43.97866],[-69.07848,43.97302]]],[[[-69.09607,43.98396],[-69.0666,43.99696],[-69.06964,43.98591],[-69.09607,43.98396]]],[[[-69.06208,44.00003],[-69.04259,44.00704],[-69.05471,43.99285],[-69.06208,44.00003]]],[[[-69.07254,44.01217],[-69.05614,44.01217],[-69.07159,44.00482],[-69.07254,44.01217]]],[[[-68.88905,44.03943],[-68.88431,44.03078],[-68.8938,44.03311],[-68.88905,44.03943]]],[[[-69.07228,44.03662],[-69.07135,44.04293],[-69.06683,44.04054],[-69.07228,44.03662]]],[[[-68.91044,44.0531],[-68.90633,44.04487],[-68.91805,44.04575],[-68.91044,44.0531]]],[[[-68.9083,44.0613],[-68.89927,44.06693],[-68.89523,44.04934],[-68.9083,44.0613]]],[[[-69.05159,44.06301],[-69.04996,44.0689],[-69.04806,44.06036],[-69.05159,44.06301]]],[[[-68.77211,44.07889],[-68.81466,44.03243],[-68.87379,44.03945],[-68.90902,44.11217],[-68.8061,44.11678],[-68.77211,44.07889]]],[[[-69.03809,44.08584],[-69.03204,44.07934],[-69.04568,44.07334],[-69.03809,44.08584]]],[[[-68.82393,44.13964],[-68.80776,44.14407],[-68.808,44.13725],[-68.82393,44.13964]]],[[[-68.80087,44.14407],[-68.79136,44.14697],[-68.80135,44.14015],[-68.80087,44.14407]]],[[[-68.82471,44.18613],[-68.80467,44.148],[-68.94134,44.11712],[-68.91591,44.14902],[-68.82471,44.18613]]],[[[-68.9841,44.1721],[-68.98127,44.1769],[-68.98008,44.17264],[-68.9841,44.1721]]],[[[-68.9644,44.20076],[-68.95237,44.20568],[-68.96511,44.1919],[-68.9644,44.20076]]],[[[-68.82488,44.22606],[-68.82226,44.21822],[-68.82602,44.22019],[-68.82488,44.22606]]],[[[-68.84688,44.23112],[-68.85233,44.22866],[-68.85164,44.23593],[-68.84688,44.23112]]],[[[-68.94395,44.22069],[-68.95194,44.21962],[-68.93255,44.24164],[-68.94395,44.22069]]],[[[-68.83144,44.23374],[-68.81822,44.24326],[-68.8187,44.2264],[-68.83144,44.23374]]],[[[-68.86005,44.25585],[-68.86304,44.259],[-68.85887,44.26062],[-68.86005,44.25585]]],[[[-68.82438,44.26217],[-68.81632,44.25841],[-68.8239,44.25713],[-68.82438,44.26217]]],[[[-68.93326,44.27279],[-68.95528,44.24362],[-68.94726,44.27806],[-68.93326,44.27279]]],[[[-68.81917,44.2904],[-68.82559,44.29244],[-68.81751,44.29329],[-68.81917,44.2904]]],[[[-68.8004,44.2887],[-68.81347,44.29465],[-68.8044,44.29355],[-68.8004,44.2887]]],[[[-68.86044,44.36491],[-68.93024,44.23096],[-68.9282,44.30323],[-68.90353,44.37861],[-68.86044,44.36491]]],[[[-68.74932,43.8839],[-68.73555,43.88953],[-68.74184,43.88301],[-68.74932,43.8839]]],[[[-68.55926,44.04502],[-68.55504,44.04924],[-68.55596,44.03947],[-68.55926,44.04502]]],[[[-68.61215,44.01986],[-68.66104,44.01705],[-68.6711,44.0759],[-68.60132,44.08632],[-68.61215,44.01986]]],[[[-68.59055,44.05866],[-68.59314,44.06343],[-68.5841,44.07159],[-68.59055,44.05866]]],[[[-68.57127,44.09997],[-68.5765,44.09519],[-68.57574,44.10152],[-68.57127,44.09997]]],[[[-68.47301,44.0982],[-68.4778,44.10197],[-68.46978,44.10142],[-68.47301,44.0982]]],[[[-68.65127,44.10142],[-68.65417,44.11112],[-68.63717,44.09941],[-68.65127,44.10142]]],[[[-68.50361,44.09657],[-68.51127,44.12508],[-68.49093,44.12344],[-68.50361,44.09657]]],[[[-68.62974,44.12318],[-68.60811,44.12864],[-68.61501,44.12045],[-68.62974,44.12318]]],[[[-68.63983,44.1236],[-68.63996,44.12813],[-68.62974,44.12881],[-68.63983,44.1236]]],[[[-68.65161,44.12642],[-68.65789,44.12889],[-68.65137,44.12966],[-68.65161,44.12642]]],[[[-68.64115,44.13358],[-68.64709,44.13051],[-68.64472,44.13597],[-68.64115,44.13358]]],[[[-68.62879,44.13341],[-68.6345,44.13614],[-68.62689,44.13529],[-68.62879,44.13341]]],[[[-68.60241,44.14211],[-68.6055,44.13546],[-68.61144,44.14194],[-68.60241,44.14211]]],[[[-68.62356,44.14058],[-68.61762,44.14228],[-68.61714,44.13666],[-68.62356,44.14058]]],[[[-68.78637,44.14412],[-68.7804,44.14307],[-68.79222,44.13684],[-68.78637,44.14412]]],[[[-68.49783,44.14305],[-68.50095,44.14156],[-68.50377,44.14561],[-68.49783,44.14305]]],[[[-68.65256,44.14109],[-68.65541,44.14587],[-68.64852,44.14552],[-68.65256,44.14109]]],[[[-68.59884,44.14467],[-68.59338,44.14518],[-68.59504,44.14228],[-68.59884,44.14467]]],[[[-68.57888,44.14604],[-68.58506,44.14245],[-68.58858,44.14694],[-68.57888,44.14604]]],[[[-68.6238,44.14791],[-68.63378,44.14501],[-68.63093,44.15286],[-68.6238,44.14791]]],[[[-68.644,44.14859],[-68.64781,44.15201],[-68.64068,44.15269],[-68.644,44.14859]]],[[[-68.61738,44.15644],[-68.61215,44.14604],[-68.62142,44.14723],[-68.61738,44.15644]]],[[[-68.6055,44.17877],[-68.5967,44.17758],[-68.59863,44.1746],[-68.6055,44.17877]]],[[[-68.46479,44.20698],[-68.45384,44.20168],[-68.47014,44.20165],[-68.46479,44.20698]]],[[[-68.48612,44.21343],[-68.47121,44.20732],[-68.49027,44.19991],[-68.48612,44.21343]]],[[[-68.56486,44.20561],[-68.66801,44.15226],[-68.72125,44.17102],[-68.73298,44.22102],[-68.67585,44.2807],[-68.56486,44.20561]]],[[[-68.78114,44.20391],[-68.78732,44.21141],[-68.7691,44.21398],[-68.78114,44.20391]]],[[[-68.46978,44.21311],[-68.46788,44.21618],[-68.46503,44.20987],[-68.46978,44.21311]]],[[[-68.55963,44.21311],[-68.56462,44.21192],[-68.57246,44.21686],[-68.55963,44.21311]]],[[[-68.54988,44.22844],[-68.52828,44.2252],[-68.54489,44.22026],[-68.54988,44.22844]]],[[[-68.47596,44.23117],[-68.46764,44.22469],[-68.47953,44.21975],[-68.47596,44.23117]]],[[[-68.58149,44.23236],[-68.57817,44.22674],[-68.59171,44.22997],[-68.58149,44.23236]]],[[[-68.79212,44.23665],[-68.78119,44.22626],[-68.79366,44.22588],[-68.79212,44.23665]]],[[[-68.76241,44.24803],[-68.74977,44.24291],[-68.7607,44.23985],[-68.76241,44.24803]]],[[[-68.46123,44.26011],[-68.45338,44.25619],[-68.45837,44.25415],[-68.46123,44.26011]]],[[[-68.75396,44.26259],[-68.73931,44.26896],[-68.73432,44.25994],[-68.75396,44.26259]]],[[[-68.49331,44.28257],[-68.46931,44.27049],[-68.48657,44.2691],[-68.49331,44.28257]]],[[[-68.6845,44.27242],[-68.68774,44.2738],[-68.68567,44.27705],[-68.6845,44.27242]]],[[[-68.78518,44.28411],[-68.79523,44.28049],[-68.79374,44.287],[-68.78518,44.28411]]],[[[-68.68625,44.28862],[-68.68341,44.28774],[-68.686,44.28588],[-68.68625,44.28862]]],[[[-68.70204,44.27102],[-68.74264,44.29686],[-68.69478,44.29161],[-68.70204,44.27102]]],[[[-68.74727,44.29967],[-68.74848,44.29897],[-68.74904,44.30131],[-68.74727,44.29967]]],[[[-68.45576,44.29976],[-68.45029,44.3137],[-68.44887,44.29755],[-68.45576,44.29976]]],[[[-68.53348,44.32996],[-68.50136,44.38228],[-68.47878,44.31956],[-68.53348,44.32996]]],[[[-68.40371,44.10774],[-68.40722,44.11112],[-68.40133,44.11132],[-68.40371,44.10774]]],[[[-68.33047,44.10923],[-68.36862,44.0983],[-68.35038,44.12843],[-68.33047,44.10923]]],[[[-68.36144,44.12617],[-68.3642,44.12421],[-68.36339,44.12748],[-68.36144,44.12617]]],[[[-68.36853,44.13913],[-68.37186,44.13793],[-68.36972,44.14544],[-68.36853,44.13913]]],[[[-68.38089,44.13913],[-68.38208,44.14407],[-68.37709,44.14476],[-68.38089,44.13913]]],[[[-68.25301,44.15509],[-68.24361,44.14279],[-68.2498,44.14395],[-68.25301,44.15509]]],[[[-68.38327,44.15584],[-68.43852,44.11618],[-68.45148,44.19164],[-68.38327,44.15584]]],[[[-68.24548,44.17023],[-68.24895,44.17576],[-68.23923,44.1746],[-68.24548,44.17023]]],[[[-68.34833,44.18636],[-68.33478,44.17681],[-68.3488,44.16744],[-68.34833,44.18636]]],[[[-68.36447,44.19753],[-68.34976,44.19539],[-68.37043,44.18022],[-68.36447,44.19753]]],[[[-68.34334,44.19062],[-68.33668,44.20664],[-68.32118,44.19903],[-68.34334,44.19062]]],[[[-68.20263,44.24547],[-68.19307,44.23901],[-68.20321,44.23927],[-68.20263,44.24547]]],[[[-68.26667,44.23403],[-68.27472,44.25867],[-68.24314,44.24099],[-68.26667,44.23403]]],[[[-68.23908,44.25175],[-68.23972,44.26476],[-68.21136,44.25685],[-68.23908,44.25175]]],[[[-68.24827,44.27696],[-68.24874,44.27015],[-68.27013,44.27577],[-68.24827,44.27696]]],[[[-68.29342,44.27866],[-68.30293,44.27696],[-68.30412,44.28377],[-68.29342,44.27866]]],[[[-68.26942,44.28564],[-68.26609,44.28274],[-68.27061,44.28326],[-68.26942,44.28564]]],[[[-68.43205,44.2859],[-68.43556,44.29346],[-68.43009,44.28819],[-68.43205,44.2859]]],[[[-68.02913,44.33598],[-68.0315,44.3251],[-68.03522,44.33274],[-68.02913,44.33598]]],[[[-68.44221,44.33666],[-68.45009,44.35732],[-68.42082,44.37524],[-68.44221,44.33666]]],[[[-68.09472,44.35145],[-68.10328,44.35825],[-68.10043,44.36538],[-68.09472,44.35145]]],[[[-67.87436,44.37264],[-67.87133,44.37466],[-67.86598,44.36627],[-67.87436,44.37264]]],[[[-68.18195,44.38526],[-68.18409,44.38805],[-68.17873,44.38839],[-68.18195,44.38526]]],[[[-68.14777,44.39244],[-68.12943,44.40479],[-68.14055,44.3768],[-68.14777,44.39244]]],[[[-68.21404,44.39885],[-68.20263,44.40037],[-68.20218,44.39744],[-68.21404,44.39885]]],[[[-68.19669,44.4002],[-68.19086,44.40123],[-68.1917,44.39885],[-68.19669,44.4002]]],[[[-68.18169,44.40423],[-68.17839,44.40734],[-68.17649,44.40258],[-68.18169,44.40423]]],[[[-68.15462,44.41345],[-68.16579,44.40037],[-68.16925,44.403],[-68.15462,44.41345]]],[[[-68.38422,44.40632],[-68.39064,44.40326],[-68.38921,44.41328],[-68.38422,44.40632]]],[[[-68.1261,44.41854],[-68.128,44.40666],[-68.13822,44.41735],[-68.1261,44.41854]]],[[[-68.33454,44.43263],[-68.34167,44.42856],[-68.34524,44.43636],[-68.33454,44.43263]]],[[[-67.86893,44.42041],[-67.86299,44.45452],[-67.85063,44.42397],[-67.86893,44.42041]]],[[[-68.13465,44.45011],[-68.12491,44.44536],[-68.14297,44.4289],[-68.13465,44.45011]]],[[[-67.82173,44.44219],[-67.82586,44.44282],[-67.82114,44.44543],[-67.82173,44.44219]]],[[[-67.84611,44.44756],[-67.85562,44.44977],[-67.84991,44.45299],[-67.84611,44.44756]]],[[[-67.83063,44.45665],[-67.83847,44.45095],[-67.84207,44.46232],[-67.83063,44.45665]]],[[[-68.15177,44.45825],[-68.16032,44.46707],[-68.14559,44.4574],[-68.15177,44.45825]]],[[[-68.17387,44.46724],[-68.16627,44.463],[-68.1917,44.46741],[-68.17387,44.46724]]],[[[-68.20976,44.47386],[-68.21285,44.47657],[-68.20453,44.47742],[-68.20976,44.47386]]],[[[-67.83494,44.48539],[-67.82258,44.48471],[-67.83209,44.47962],[-67.83494,44.48539]]],[[[-68.20643,44.49302],[-68.20097,44.49404],[-68.20121,44.49065],[-68.20643,44.49302]]],[[[-67.80618,44.4859],[-67.81949,44.51065],[-67.79121,44.49387],[-67.80618,44.4859]]],[[[-67.80594,44.51726],[-67.80404,44.51912],[-67.8024,44.51295],[-67.80594,44.51726]]],[[[-67.82876,44.53607],[-67.82329,44.51912],[-67.8328,44.51997],[-67.82876,44.53607]]],[[[-67.83898,44.54234],[-67.83803,44.55131],[-67.82591,44.54505],[-67.83898,44.54234]]],[[[-67.6018,44.44475],[-67.59562,44.44408],[-67.59995,44.44175],[-67.6018,44.44475]]],[[[-67.6056,44.44593],[-67.6116,44.44358],[-67.61194,44.45271],[-67.6056,44.44593]]],[[[-67.70435,44.4606],[-67.70683,44.4569],[-67.70864,44.46073],[-67.70435,44.4606]]],[[[-67.66952,44.46063],[-67.67688,44.463],[-67.66986,44.46352],[-67.66952,44.46063]]],[[[-67.61843,44.46019],[-67.62293,44.46446],[-67.61653,44.46341],[-67.61843,44.46019]]],[[[-67.74674,44.46524],[-67.74296,44.46521],[-67.7451,44.46232],[-67.74674,44.46524]]],[[[-67.74085,44.47006],[-67.73416,44.46928],[-67.73773,44.463],[-67.74085,44.47006]]],[[[-67.67379,44.46555],[-67.67668,44.47038],[-67.67264,44.47329],[-67.67379,44.46555]]],[[[-67.7798,44.47708],[-67.78902,44.47236],[-67.79216,44.48081],[-67.7798,44.47708]]],[[[-67.68039,44.48037],[-67.66619,44.48573],[-67.67317,44.47588],[-67.68039,44.48037]]],[[[-67.5892,44.44729],[-67.6072,44.50358],[-67.56265,44.4721],[-67.5892,44.44729]]],[[[-67.69858,44.48505],[-67.69875,44.48776],[-67.69265,44.48365],[-67.69858,44.48505]]],[[[-67.67379,44.49048],[-67.66429,44.49505],[-67.6669,44.48997],[-67.67379,44.49048]]],[[[-67.63293,44.49919],[-67.63151,44.48766],[-67.63576,44.48793],[-67.63293,44.49919]]],[[[-67.54309,44.47376],[-67.56362,44.50725],[-67.51063,44.49641],[-67.54309,44.47376]]],[[[-67.75983,44.49624],[-67.753,44.50509],[-67.75155,44.49485],[-67.75983,44.49624]]],[[[-67.64886,44.51106],[-67.62818,44.51495],[-67.64505,44.50461],[-67.64886,44.51106]]],[[[-67.66288,44.51461],[-67.65932,44.51597],[-67.66098,44.51156],[-67.66288,44.51461]]],[[[-67.65858,44.53082],[-67.66524,44.52167],[-67.665,44.53149],[-67.65858,44.53082]]],[[[-67.53382,44.52916],[-67.53687,44.53212],[-67.5292,44.53199],[-67.53382,44.52916]]],[[[-67.76221,44.52929],[-67.76649,44.53098],[-67.7596,44.53302],[-67.76221,44.52929]]],[[[-67.76601,44.53759],[-67.76126,44.53742],[-67.76744,44.53437],[-67.76601,44.53759]]],[[[-67.43343,44.55892],[-67.43518,44.55562],[-67.44386,44.5554],[-67.43343,44.55892]]],[[[-67.47844,44.5651],[-67.48156,44.56007],[-67.48104,44.56505],[-67.47844,44.5651]]],[[[-67.47448,44.56834],[-67.47138,44.5691],[-67.47131,44.56645],[-67.47448,44.56834]]],[[[-67.36792,44.57001],[-67.36245,44.5739],[-67.36428,44.56875],[-67.36792,44.57001]]],[[[-67.40765,44.57284],[-67.40356,44.57512],[-67.40619,44.56798],[-67.40765,44.57284]]],[[[-67.45372,44.57238],[-67.46486,44.57098],[-67.45768,44.57546],[-67.45372,44.57238]]],[[[-67.39216,44.57441],[-67.39588,44.57245],[-67.3943,44.57644],[-67.39216,44.57441]]],[[[-67.48153,44.58041],[-67.54161,44.57804],[-67.51424,44.59767],[-67.48153,44.58041]]],[[[-67.35232,44.5852],[-67.35528,44.57618],[-67.3596,44.57966],[-67.35232,44.5852]]],[[[-67.39668,44.58846],[-67.39264,44.58491],[-67.39605,44.58321],[-67.39668,44.58846]]],[[[-67.42948,44.59743],[-67.42686,44.59879],[-67.4278,44.59526],[-67.42948,44.59743]]],[[[-67.36666,44.59966],[-67.37291,44.59286],[-67.37267,44.59862],[-67.36666,44.59966]]],[[[-67.38836,44.60319],[-67.38361,44.60166],[-67.39311,44.59845],[-67.38836,44.60319]]],[[[-67.49151,44.60166],[-67.49033,44.60437],[-67.48652,44.60015],[-67.49151,44.60166]]],[[[-67.2738,44.60996],[-67.31415,44.59747],[-67.3014,44.62361],[-67.2738,44.60996]]],[[[-67.50387,44.61706],[-67.50744,44.62281],[-67.49769,44.62146],[-67.50387,44.61706]]],[[[-67.3539,44.64108],[-67.3558,44.64226],[-67.35223,44.6448],[-67.3539,44.64108]]],[[[-67.35675,44.65393],[-67.35508,44.64954],[-67.36317,44.64734],[-67.35675,44.65393]]],[[[-67.33132,44.65275],[-67.32723,44.65127],[-67.33441,44.64852],[-67.33132,44.65275]]],[[[-67.36412,44.66763],[-67.35033,44.66932],[-67.35604,44.66357],[-67.36412,44.66763]]],[[[-67.32965,44.68064],[-67.33797,44.67979],[-67.33013,44.68385],[-67.32965,44.68064]]]]}},{"type":"Feature","id":"24","properties":{"state_fips":"24","state_abbr":"MD","state_name":"Maryland"},"geometry":{"type":"MultiPolygon","coordinates":[[[[-76.74729,38.21562],[-76.74234,38.20905],[-76.74503,38.20724],[-76.74729,38.21562]]],[[[-76.79407,38.23919],[-76.78979,38.23844],[-76.79312,38.23518],[-76.79407,38.23919]]],[[[-76.81087,38.25293],[-76.80881,38.25188],[-76.80999,38.25039],[-76.81087,38.25293]]],[[[-77.1325,38.67382],[-77.04149,38.72591],[-77.03901,38.79164],[-76.90939,38.89281],[-77.041,38.99511],[-77.11976,38.93434],[-77.1466,38.96421],[-77.24462,38.98254],[-77.2446,39.02011],[-77.34029,39.06299],[-77.46262,39.07625],[-77.52728,39.14624],[-77.45768,39.22502],[-77.54323,39.26694],[-77.5666,39.30612],[-77.71952,39.32131],[-77.75579,39.3339],[-77.75309,39.42326],[-77.79275,39.43059],[-77.79563,39.48962],[-77.84567,39.49863],[-77.87845,39.56349],[-77.84217,39.56433],[-77.83801,39.60613],[-78.01134,39.60408],[-78.10783,39.68214],[-78.18276,39.69511],[-78.26509,39.61927],[-78.3519,39.64049],[-78.39747,39.59023],[-78.45438,39.57432],[-78.46864,39.51679],[-78.65598,39.5347],[-78.77814,39.60136],[-78.73376,39.61393],[-78.80174,39.62749],[-78.82601,39.58883],[-78.95675,39.44026],[-79.08327,39.47138],[-79.11223,39.43088],[-79.15535,39.4183],[-79.21428,39.36348],[-79.25631,39.35723],[-79.29024,39.29932],[-79.34601,39.29396],[-79.42441,39.22817],[-79.48687,39.20596],[-79.47666,39.72108],[-78.5377,39.72249],[-77.46914,39.72002],[-76.9909,39.7198],[-76.41878,39.7212],[-75.7886,39.7222],[-75.78866,39.65821],[-75.69367,38.46008],[-75.38421,38.45212],[-75.04894,38.45126],[-75.08552,38.32427],[-75.10295,38.31153],[-75.1938,38.09601],[-75.24247,38.02703],[-75.62445,37.9942],[-75.64823,37.96677],[-75.72394,37.98364],[-75.73651,37.96323],[-75.81866,37.96725],[-75.83315,37.93076],[-75.88503,37.91172],[-75.89843,37.97483],[-75.85751,38.03878],[-75.8435,38.02747],[-75.77374,38.07706],[-75.87379,38.0607],[-75.83649,38.15055],[-75.95962,38.13714],[-75.94237,38.18707],[-75.8641,38.20086],[-75.81866,38.22612],[-75.82341,38.25282],[-75.87665,38.25477],[-75.89569,38.22856],[-75.92033,38.26438],[-75.84932,38.365],[-75.90007,38.34953],[-75.93833,38.30683],[-75.9407,38.2469],[-76.01736,38.30911],[-75.96531,38.3225],[-75.97589,38.36751],[-76.0075,38.37422],[-76.01724,38.33294],[-76.06204,38.30543],[-76.02696,38.28141],[-76.05559,38.22657],[-76.11778,38.30543],[-76.19717,38.3169],[-76.18243,38.35959],[-76.23389,38.36528],[-76.222,38.31364],[-76.18017,38.29209],[-76.16549,38.2428],[-76.2334,38.32312],[-76.28284,38.41578],[-76.33156,38.47355],[-76.32834,38.49802],[-76.26538,38.49747],[-76.22283,38.53978],[-76.2674,38.54256],[-76.29971,38.57504],[-76.23847,38.62737],[-76.17661,38.62765],[-76.11433,38.58299],[-76.02651,38.56682],[-76.05337,38.60379],[-76.10922,38.62013],[-76.18457,38.69503],[-76.20033,38.67077],[-76.23872,38.71284],[-76.23614,38.76345],[-76.27028,38.72439],[-76.29865,38.74973],[-76.34423,38.67878],[-76.34253,38.74902],[-76.2978,38.82831],[-76.26422,38.85157],[-76.21642,38.7867],[-76.20026,38.803],[-76.19681,38.89509],[-76.21297,38.94317],[-76.25338,38.96489],[-76.34025,38.91183],[-76.33103,38.86432],[-76.36348,38.84998],[-76.36173,38.93918],[-76.30495,39.0264],[-76.27748,38.98249],[-76.20236,38.97308],[-76.16399,38.99954],[-76.18421,39.04626],[-76.14517,39.09282],[-76.21174,39.06973],[-76.20984,39.00877],[-76.24486,39.13064],[-76.27608,39.14623],[-76.22248,39.25775],[-76.16829,39.29464],[-76.18558,39.31933],[-76.13347,39.33289],[-76.11053,39.37226],[-76.02299,39.3619],[-75.98611,39.37947],[-76.03306,39.40314],[-75.98258,39.43529],[-75.99399,39.47619],[-75.94891,39.59318],[-76.01208,39.53933],[-76.09607,39.53691],[-76.12313,39.48889],[-76.06003,39.4499],[-76.10481,39.43322],[-76.22698,39.34991],[-76.25011,39.36132],[-76.22462,39.42567],[-76.24149,39.46127],[-76.27215,39.37644],[-76.25706,39.33785],[-76.29662,39.30203],[-76.31137,39.38848],[-76.33775,39.37332],[-76.32918,39.31504],[-76.38018,39.29859],[-76.40145,39.23778],[-76.4957,39.20188],[-76.49735,39.22692],[-76.57222,39.26474],[-76.49391,39.15516],[-76.43104,39.13212],[-76.43893,39.05279],[-76.3945,39.01268],[-76.45048,38.97761],[-76.46026,38.90715],[-76.53764,38.84855],[-76.49444,38.85072],[-76.49794,38.8148],[-76.55988,38.76736],[-76.5262,38.72429],[-76.5324,38.67836],[-76.51128,38.61574],[-76.51571,38.52899],[-76.4927,38.48285],[-76.38187,38.38638],[-76.42138,38.31893],[-76.45921,38.29443],[-76.37502,38.29942],[-76.39932,38.25928],[-76.38524,38.21775],[-76.32014,38.13834],[-76.34132,38.11933],[-76.3218,38.04966],[-76.35275,38.05318],[-76.39233,38.1029],[-76.42121,38.10604],[-76.43889,38.16083],[-76.46967,38.15336],[-76.4754,38.10423],[-76.52987,38.13408],[-76.55031,38.18314],[-76.59064,38.21421],[-76.73206,38.246],[-76.75229,38.22212],[-76.80595,38.25227],[-76.82711,38.34738],[-76.86989,38.33182],[-76.84214,38.25449],[-76.92611,38.29443],[-76.93026,38.32309],[-76.97825,38.34228],[-77.01637,38.44557],[-77.20731,38.35987],[-77.25017,38.38278],[-77.27422,38.48177],[-77.23772,38.55187],[-77.1302,38.63502],[-77.1325,38.67382]]],[[[-76.08983,38.11512],[-76.08653,38.12436],[-76.08591,38.11668],[-76.08983,38.11512]]],[[[-76.26555,38.34093],[-76.263,38.3439],[-76.25183,38.32753],[-76.26555,38.34093]]],[[[-76.39035,38.757],[-76.36989,38.77864],[-76.36326,38.74661],[-76.39035,38.757]]],[[[-76.24909,38.91335],[-76.24309,38.91209],[-76.24886,38.90573],[-76.24909,38.91335]]],[[[-76.38945,39.23547],[-76.3929,39.23152],[-76.39587,39.23345],[-76.38945,39.23547]]],[[[-76.37148,39.23795],[-76.38693,39.24921],[-76.35661,39.26086],[-76.37148,39.23795]]],[[[-76.27225,39.27456],[-76.26641,39.29054],[-76.25799,39.28779],[-76.27225,39.27456]]],[[[-76.3257,39.31397],[-76.32143,39.31285],[-76.3248,39.31284],[-76.3257,39.31397]]],[[[-76.08949,39.53406],[-76.09204,39.53492],[-76.08822,39.53603],[-76.08949,39.53406]]],[[[-76.04653,37.95359],[-76.041,38.03196],[-75.98009,38.00489],[-75.9939,37.95349],[-76.04653,37.95359]]],[[[-76.01293,38.12927],[-76.02259,38.10615],[-76.04196,38.11718],[-76.01293,38.12927]]],[[[-76.06461,38.13012],[-76.0611,38.12688],[-76.06448,38.12548],[-76.06461,38.13012]]],[[[-76.09022,38.14477],[-76.08441,38.14535],[-76.08565,38.13858],[-76.09022,38.14477]]],[[[-76.04899,38.20378],[-76.02238,38.17377],[-76.08474,38.15663],[-76.08653,38.19232],[-76.04899,38.20378]]]]}},{"type":"Feature","id":"25","properties":{"state_fips":"25","state_abbr":"MA","state_name":"Massachusetts"},"geometry":{"type":"MultiPolygon","coordinates":[[[[-71.80065,42.02357],[-72.75584,42.0362],[-72.76674,42.00299],[-72.81674,41.99759],[-72.81354,42.03649],[-73.48731,42.04964],[-73.50814,42.08626],[-73.26496,42.74594],[-72.45852,42.72685],[-71.9814,42.71329],[-71.29421,42.69699],[-71.2455,42.74259],[-71.1818,42.73759],[-71.1861,42.79069],[-71.1325,42.82139],[-71.0642,42.80629],[-71.0312,42.85909],[-70.9308,42.88459],[-70.84862,42.86094],[-70.8173,42.87229],[-70.80522,42.7818],[-70.77608,42.69126],[-70.68463,42.65181],[-70.63008,42.6927],[-70.59401,42.63503],[-70.65473,42.58223],[-70.67673,42.60753],[-70.73704,42.57686],[-70.86111,42.54513],[-70.88637,42.50861],[-70.84739,42.49389],[-70.89429,42.4609],[-70.96654,42.44245],[-70.99059,42.4071],[-70.97066,42.37058],[-71.04765,42.32809],[-70.996,42.26684],[-70.91824,42.27186],[-70.88427,42.24555],[-70.88268,42.31039],[-70.85109,42.26827],[-70.76634,42.25474],[-70.64017,42.08863],[-70.66751,42.01232],[-70.7122,42.00759],[-70.66448,41.96006],[-70.54397,41.92628],[-70.52557,41.85873],[-70.54103,41.81575],[-70.47155,41.76156],[-70.38284,41.73468],[-70.34205,41.70136],[-70.25024,41.70774],[-70.21607,41.74298],[-70.02473,41.78736],[-70.00384,41.80852],[-70.00019,41.88694],[-70.04499,41.93005],[-70.06901,41.88492],[-70.07742,41.9855],[-70.09559,42.03283],[-70.15542,42.06241],[-70.20874,42.03075],[-70.24538,42.06373],[-70.1893,42.08234],[-70.11597,42.06764],[-70.0335,42.01774],[-69.98608,41.9496],[-69.94531,41.84522],[-69.92865,41.74125],[-69.93375,41.67863],[-69.96719,41.61196],[-69.99636,41.66718],[-70.19519,41.64791],[-70.26542,41.60933],[-70.27452,41.63293],[-70.33807,41.63634],[-70.43725,41.60533],[-70.49324,41.55204],[-70.63361,41.53825],[-70.68541,41.52133],[-70.64204,41.58307],[-70.66074,41.68306],[-70.62082,41.70053],[-70.71874,41.73574],[-70.76836,41.64578],[-70.809,41.65839],[-70.81028,41.62487],[-70.92238,41.61434],[-70.92852,41.53978],[-70.98396,41.5089],[-71.12057,41.49745],[-71.13289,41.6601],[-71.19564,41.67509],[-71.2248,41.7105],[-71.26139,41.7523],[-71.3279,41.7805],[-71.3472,41.8231],[-71.3387,41.8984],[-71.3817,41.8932],[-71.3814,42.0188],[-71.79924,42.00807],[-71.80065,42.02357]]],[[[-70.93733,42.28492],[-70.95108,42.28973],[-70.92664,42.2992],[-70.93733,42.28492]]],[[[-70.95809,42.31165],[-70.94851,42.31194],[-70.95434,42.30859],[-70.95809,42.31165]]],[[[-71.01718,42.31175],[-71.0003,42.32128],[-71.01149,42.3093],[-71.01718,42.31175]]],[[[-70.97722,42.31025],[-70.95727,42.33166],[-70.96573,42.31347],[-70.97722,42.31025]]],[[[-70.98916,42.3283],[-70.98308,42.32716],[-70.98877,42.31921],[-70.98916,42.3283]]],[[[-70.93495,42.32681],[-70.93985,42.32425],[-70.94075,42.32814],[-70.93495,42.32681]]],[[[-70.80424,41.24946],[-70.83204,41.2595],[-70.81196,41.26484],[-70.80424,41.24946]]],[[[-70.92904,41.41559],[-70.949,41.40955],[-70.92747,41.43181],[-70.92904,41.41559]]],[[[-70.84856,41.43284],[-70.90235,41.42172],[-70.8571,41.45025],[-70.84856,41.43284]]],[[[-70.83687,41.44197],[-70.82059,41.45851],[-70.81011,41.44369],[-70.83687,41.44197]]],[[[-70.92119,41.44539],[-70.92352,41.45437],[-70.91516,41.45103],[-70.92119,41.44539]]],[[[-70.81844,41.59084],[-70.82955,41.5846],[-70.83,41.60454],[-70.81844,41.59084]]],[[[-70.92597,42.32191],[-70.92531,42.31722],[-70.93076,42.31903],[-70.92597,42.32191]]],[[[-70.8923,42.32839],[-70.88895,42.3289],[-70.89195,42.32723],[-70.8923,42.32839]]],[[[-70.93141,42.32827],[-70.92972,42.33397],[-70.9226,42.32614],[-70.93141,42.32827]]],[[[-70.89859,42.3305],[-70.8946,42.3351],[-70.89608,42.33036],[-70.89859,42.3305]]],[[[-70.88625,42.33995],[-70.88596,42.33846],[-70.8918,42.33813],[-70.88625,42.33995]]],[[[-70.89461,42.34238],[-70.89516,42.33888],[-70.89841,42.34027],[-70.89461,42.34238]]],[[[-70.87605,42.34123],[-70.88346,42.34004],[-70.87395,42.34363],[-70.87605,42.34123]]],[[[-70.83558,42.48383],[-70.8337,42.48527],[-70.83346,42.48199],[-70.83558,42.48383]]],[[[-70.24274,41.28919],[-70.27665,41.31128],[-70.24655,41.30619],[-70.24274,41.28919]]],[[[-70.08207,41.29909],[-70.02038,41.36901],[-69.96028,41.27873],[-69.97498,41.24653],[-70.11867,41.24235],[-70.22134,41.27704],[-70.19911,41.29619],[-70.08207,41.29909]]],[[[-70.307,41.33239],[-70.3081,41.33768],[-70.29086,41.33366],[-70.307,41.33239]]],[[[-70.70096,41.43401],[-70.60355,41.48238],[-70.56328,41.46913],[-70.54757,41.41583],[-70.49076,41.38363],[-70.45043,41.4207],[-70.44826,41.35365],[-70.73325,41.33623],[-70.77566,41.30098],[-70.83878,41.34721],[-70.7689,41.35325],[-70.70096,41.43401]]],[[[-70.67471,41.51235],[-70.8071,41.45858],[-70.71022,41.51892],[-70.67471,41.51235]]],[[[-70.81743,42.51403],[-70.81206,42.51199],[-70.81407,42.5104],[-70.81743,42.51403]]],[[[-70.78771,42.53058],[-70.78824,42.53684],[-70.78225,42.53372],[-70.78771,42.53058]]],[[[-70.79667,42.54646],[-70.80334,42.5483],[-70.79503,42.55068],[-70.79667,42.54646]]],[[[-70.78069,42.55364],[-70.7823,42.55183],[-70.78306,42.55346],[-70.78069,42.55364]]],[[[-70.72374,42.56702],[-70.72122,42.56993],[-70.72166,42.56609],[-70.72374,42.56702]]],[[[-70.58824,42.63061],[-70.58804,42.62641],[-70.59219,42.62947],[-70.58824,42.63061]]],[[[-70.57509,42.63978],[-70.57565,42.63445],[-70.58028,42.63603],[-70.57509,42.63978]]],[[[-70.59295,42.6612],[-70.58757,42.66191],[-70.59,42.65898],[-70.59295,42.6612]]]]}},{"type":"Feature","id":"26","properties":{"state_fips":"26","state_abbr":"MI","state_name":"Michigan"},"geometry":{"type":"MultiPolygon","coordinates":[[[[-86.75829,45.47926],[-86.78147,45.50969],[-86.75755,45.50412],[-86.75829,45.47926]]],[[[-86.71695,45.50115],[-86.71389,45.4998],[-86.71614,45.49778],[-86.71695,45.50115]]],[[[-86.71669,45.50948],[-86.72291,45.50852],[-86.72065,45.51152],[-86.71669,45.50948]]],[[[-86.72624,45.5206],[-86.72715,45.52253],[-86.72309,45.52053],[-86.72624,45.5206]]],[[[-86.66118,45.53296],[-86.65991,45.52249],[-86.6702,45.52956],[-86.66118,45.53296]]],[[[-90.33058,46.60882],[-90.30661,46.60274],[-90.16403,46.64552],[-90.02789,46.67373],[-89.91998,46.73718],[-89.84914,46.79513],[-89.78875,46.8181],[-89.67337,46.83323],[-89.62976,46.81852],[-89.51394,46.84184],[-89.41515,46.84398],[-89.22791,46.91295],[-89.11834,46.99422],[-88.9872,46.99724],[-88.95081,47.0141],[-88.88914,47.10057],[-88.76131,47.15675],[-88.65371,47.22581],[-88.57705,47.244],[-88.50078,47.2935],[-88.42587,47.36832],[-88.21938,47.44901],[-88.04808,47.47497],[-87.80118,47.4733],[-87.71594,47.43982],[-87.71242,47.4014],[-87.81537,47.38479],[-87.95706,47.38726],[-87.93825,47.3423],[-88.05485,47.29824],[-88.16635,47.21553],[-88.23901,47.18624],[-88.24957,47.13623],[-88.34995,47.07638],[-88.36762,47.01921],[-88.44645,46.97016],[-88.48258,46.8262],[-88.45061,46.76317],[-88.38141,46.83847],[-88.24444,46.92961],[-88.1329,46.96043],[-88.24266,46.88508],[-88.07042,46.91954],[-87.99871,46.90535],[-87.89765,46.90891],[-87.74101,46.86525],[-87.72733,46.82585],[-87.67454,46.83696],[-87.59548,46.77433],[-87.57349,46.72024],[-87.52002,46.69004],[-87.50302,46.6475],[-87.43121,46.59044],[-87.39532,46.5844],[-87.39398,46.53318],[-87.31075,46.49202],[-87.11663,46.49481],[-87.07728,46.51534],[-86.97696,46.52658],[-86.92772,46.46457],[-86.87515,46.43728],[-86.81603,46.43789],[-86.75016,46.47911],[-86.70323,46.43938],[-86.65531,46.4425],[-86.63812,46.41169],[-86.55135,46.49556],[-86.46774,46.55246],[-86.34989,46.57804],[-86.13829,46.67294],[-86.08794,46.65532],[-85.87791,46.69091],[-85.79492,46.68108],[-85.50051,46.67604],[-85.25686,46.75338],[-85.15782,46.76515],[-85.08214,46.75796],[-84.9533,46.76791],[-85.02751,46.69745],[-85.02708,46.54304],[-85.05494,46.51475],[-85.01521,46.47971],[-84.93463,46.48738],[-84.83926,46.44629],[-84.76915,46.45352],[-84.67842,46.48769],[-84.63102,46.48487],[-84.59626,46.41514],[-84.54254,46.42172],[-84.42027,46.50108],[-84.25443,46.50082],[-84.22613,46.53392],[-84.12892,46.53012],[-84.11122,46.50412],[-84.14617,46.41852],[-84.10809,46.24124],[-84.18062,46.24785],[-84.25793,46.21815],[-84.25142,46.17589],[-84.11494,46.17411],[-84.02963,46.13454],[-84.07075,46.09294],[-83.9777,46.01937],[-83.93682,46.03018],[-83.89546,45.98644],[-83.91246,45.96513],[-84.01756,45.95905],[-84.117,45.98335],[-84.14956,45.9734],[-84.27352,45.9882],[-84.25842,45.95723],[-84.41712,45.95378],[-84.39206,45.98544],[-84.44494,46.00699],[-84.46313,45.96893],[-84.50579,45.99799],[-84.53239,45.96945],[-84.5444,46.02286],[-84.61191,46.0272],[-84.65657,46.05265],[-84.68732,46.03488],[-84.68771,45.97126],[-84.72304,45.96728],[-84.73657,45.91283],[-84.70623,45.84892],[-84.75242,45.83974],[-84.91358,45.92587],[-85.0036,46.00613],[-85.13043,46.04608],[-85.25907,46.06282],[-85.34517,46.09345],[-85.37804,46.07492],[-85.41206,46.10144],[-85.52157,46.09126],[-85.59754,46.03316],[-85.65888,45.9658],[-85.69614,45.9592],[-85.81696,45.97999],[-85.91957,45.9521],[-85.91377,45.91944],[-86.06216,45.96428],[-86.19662,45.96319],[-86.27577,45.94355],[-86.32423,45.90608],[-86.32711,45.85507],[-86.3721,45.78758],[-86.42483,45.78975],[-86.43663,45.7617],[-86.53241,45.74662],[-86.53726,45.70836],[-86.58094,45.71192],[-86.59175,45.66537],[-86.62744,45.65988],[-86.61681,45.61686],[-86.70808,45.64805],[-86.71578,45.68395],[-86.66568,45.70222],[-86.62273,45.76395],[-86.52801,45.85325],[-86.53521,45.88581],[-86.58232,45.89611],[-86.64757,45.83355],[-86.78208,45.8602],[-86.779,45.79918],[-86.8664,45.71023],[-86.94146,45.70216],[-86.96427,45.67276],[-86.97567,45.75582],[-87.00508,45.83172],[-86.94823,45.87676],[-86.97794,45.90562],[-87.02204,45.86008],[-86.99898,45.84774],[-87.05744,45.81248],[-87.05744,45.73682],[-87.10044,45.68682],[-87.16609,45.66547],[-87.25222,45.5677],[-87.33315,45.44721],[-87.32641,45.42991],[-87.39214,45.36939],[-87.46086,45.27749],[-87.53975,45.19415],[-87.59981,45.15047],[-87.59219,45.09476],[-87.66121,45.10828],[-87.73651,45.17339],[-87.6875,45.29806],[-87.64813,45.3394],[-87.69396,45.38989],[-87.7541,45.34944],[-87.88485,45.36279],[-87.84967,45.40952],[-87.8617,45.43447],[-87.79277,45.49997],[-87.83169,45.56804],[-87.79754,45.56212],[-87.78084,45.6146],[-87.8241,45.64714],[-87.78162,45.67328],[-87.81234,45.7113],[-87.90466,45.75916],[-87.96345,45.75822],[-87.99335,45.79561],[-88.07055,45.77994],[-88.13364,45.82313],[-88.0711,45.87464],[-88.09503,45.91584],[-88.14813,45.93755],[-88.29238,45.95112],[-88.38018,45.99165],[-88.41691,45.97532],[-88.50952,46.01917],[-88.60396,46.01618],[-88.66436,45.99134],[-88.73068,46.02654],[-88.7821,46.01656],[-89.09163,46.13851],[-90.12049,46.33685],[-90.11883,46.35924],[-90.17832,46.45741],[-90.2294,46.50799],[-90.31389,46.5162],[-90.3152,46.54445],[-90.39332,46.53262],[-90.41814,46.56609],[-90.33058,46.60882]]],[[[-86.64891,45.54434],[-86.65493,45.58717],[-86.62682,45.57293],[-86.64891,45.54434]]],[[[-86.66789,45.60605],[-86.68558,45.59581],[-86.69239,45.61713],[-86.66789,45.60605]]],[[[-86.71245,45.60887],[-86.70806,45.61153],[-86.70699,45.60887],[-86.71245,45.60887]]],[[[-86.65672,45.74231],[-86.65754,45.73658],[-86.66031,45.73601],[-86.65672,45.74231]]],[[[-86.75928,45.74546],[-86.76343,45.74356],[-86.76546,45.74878],[-86.75928,45.74546]]],[[[-86.76118,45.8015],[-86.75381,45.79794],[-86.7588,45.79669],[-86.76118,45.8015]]],[[[-86.71674,46.4786],[-86.71932,46.47903],[-86.72245,46.48581],[-86.71674,46.4786]]],[[[-86.8991,46.48415],[-86.89529,46.48902],[-86.89109,46.47946],[-86.8991,46.48415]]],[[[-86.62633,46.5349],[-86.6468,46.4875],[-86.62308,46.4565],[-86.68759,46.45623],[-86.70904,46.54521],[-86.65335,46.5607],[-86.62633,46.5349]]],[[[-86.74818,46.5156],[-86.73729,46.51115],[-86.74417,46.50529],[-86.74818,46.5156]]],[[[-87.40383,46.59367],[-87.40184,46.5957],[-87.39929,46.59473],[-87.40383,46.59367]]],[[[-87.41651,46.59748],[-87.42032,46.60246],[-87.41008,46.60272],[-87.41651,46.59748]]],[[[-87.46126,46.63628],[-87.45915,46.64],[-87.45716,46.6381],[-87.46126,46.63628]]],[[[-87.54131,46.70368],[-87.54226,46.70461],[-87.53905,46.7047],[-87.54131,46.70368]]],[[[-87.95654,46.95161],[-87.95546,46.94949],[-87.95909,46.9505],[-87.95654,46.95161]]],[[[-87.97754,46.95479],[-87.96363,46.95131],[-87.97189,46.9504],[-87.97754,46.95479]]],[[[-87.99731,46.95945],[-88.0054,46.96526],[-87.99718,46.96282],[-87.99731,46.95945]]],[[[-88.27608,47.07163],[-88.27037,47.07631],[-88.26871,47.06981],[-88.27608,47.07163]]],[[[-87.60034,47.40771],[-87.63962,47.41817],[-87.59729,47.42176],[-87.60034,47.40771]]],[[[-88.85127,47.91149],[-88.85064,47.91392],[-88.84506,47.91524],[-88.85127,47.91149]]],[[[-88.81679,47.92838],[-88.8129,47.93073],[-88.78357,47.93998],[-88.81679,47.92838]]],[[[-89.17915,47.93503],[-88.99416,48.00229],[-88.77771,48.06793],[-88.54703,48.17489],[-88.52475,48.16529],[-88.4226,48.19098],[-88.41987,48.17073],[-88.56694,48.09372],[-88.57467,48.06286],[-88.67007,48.01145],[-88.85292,47.96532],[-89.00307,47.90854],[-89.00094,47.89061],[-88.91166,47.89134],[-89.16205,47.82356],[-89.23453,47.85172],[-89.22072,47.91099],[-89.17915,47.93503]]],[[[-88.71006,48.10864],[-88.72596,48.10232],[-88.70648,48.11114],[-88.71006,48.10864]]],[[[-88.36103,48.23104],[-88.33634,48.23714],[-88.36779,48.22295],[-88.36103,48.23104]]],[[[-86.68445,41.84018],[-86.5822,41.94224],[-86.48522,42.11824],[-86.35594,42.25422],[-86.29717,42.35821],[-86.25727,42.45357],[-86.2066,42.70954],[-86.21023,42.85563],[-86.2263,42.98828],[-86.25465,43.08341],[-86.42704,43.37494],[-86.46514,43.48464],[-86.5385,43.6175],[-86.52918,43.67789],[-86.46155,43.74669],[-86.43358,43.80182],[-86.43391,43.85561],[-86.46314,43.97098],[-86.5147,44.05812],[-86.41368,44.13848],[-86.26871,44.34532],[-86.24891,44.483],[-86.2204,44.56817],[-86.25903,44.66365],[-86.23248,44.70605],[-86.08956,44.74198],[-86.06651,44.81987],[-86.07247,44.88479],[-86.04381,44.91473],[-85.99253,44.90003],[-85.9316,44.96879],[-85.86985,44.93903],[-85.8074,44.94981],[-85.74084,45.05558],[-85.6811,45.09269],[-85.61836,45.18702],[-85.54075,45.21091],[-85.53146,45.17725],[-85.61432,45.12756],[-85.56618,45.05887],[-85.64948,44.97459],[-85.59965,44.98979],[-85.60133,44.92448],[-85.64546,44.88364],[-85.64078,44.77556],[-85.59357,44.76878],[-85.57909,44.81773],[-85.52482,44.89452],[-85.54644,44.90155],[-85.52003,44.974],[-85.47494,44.99172],[-85.49974,44.85609],[-85.55589,44.81826],[-85.57657,44.76021],[-85.52719,44.7475],[-85.3958,44.93102],[-85.36349,45.11162],[-85.38814,45.19153],[-85.37159,45.27083],[-85.29886,45.3218],[-85.27379,45.31544],[-85.20362,45.36189],[-85.13794,45.37349],[-85.0431,45.36151],[-84.91585,45.39312],[-84.92201,45.42191],[-85.03695,45.4349],[-85.09372,45.48156],[-85.11974,45.56903],[-85.07491,45.62924],[-85.01534,45.65156],[-84.94463,45.70904],[-84.99752,45.7584],[-84.80791,45.74492],[-84.79164,45.78204],[-84.716,45.76617],[-84.57586,45.71053],[-84.47922,45.65679],[-84.32954,45.66438],[-84.21588,45.63482],[-84.12885,45.56189],[-84.09685,45.49735],[-83.90947,45.48578],[-83.81083,45.42058],[-83.70042,45.39774],[-83.5833,45.34808],[-83.53817,45.35806],[-83.46355,45.33054],[-83.38163,45.26977],[-83.41707,45.25687],[-83.35989,45.16302],[-83.30093,45.09285],[-83.34084,45.04232],[-83.36686,45.07617],[-83.41814,45.06712],[-83.46415,44.99616],[-83.42531,44.92674],[-83.3158,44.88101],[-83.29374,44.80831],[-83.29427,44.73682],[-83.27339,44.7139],[-83.3156,44.59508],[-83.30698,44.54224],[-83.32682,44.44441],[-83.33253,44.34046],[-83.36431,44.33259],[-83.42576,44.27249],[-83.50884,44.27371],[-83.5491,44.22728],[-83.57987,44.04944],[-83.64706,44.05322],[-83.68915,44.02677],[-83.68056,43.98765],[-83.74027,44.0052],[-83.76281,43.98577],[-83.83682,43.99647],[-83.916,43.89904],[-83.92871,43.77714],[-83.95646,43.76077],[-83.91294,43.67757],[-83.84643,43.64274],[-83.73503,43.61732],[-83.68521,43.58444],[-83.62489,43.6236],[-83.52423,43.71717],[-83.49712,43.69747],[-83.39568,43.81934],[-83.38501,43.85303],[-83.32506,43.884],[-83.37682,43.90982],[-83.30924,43.92026],[-83.26247,43.97532],[-83.15127,43.98776],[-83.04658,44.01571],[-83.02767,44.0462],[-82.92154,44.0679],[-82.81389,44.03237],[-82.73696,43.98589],[-82.65543,43.86776],[-82.61498,43.77925],[-82.60111,43.60451],[-82.53868,43.43214],[-82.52309,43.22536],[-82.48604,43.10249],[-82.41347,42.97689],[-82.45562,42.92671],[-82.48257,42.80864],[-82.46778,42.7614],[-82.52537,42.60565],[-82.60574,42.54817],[-82.68961,42.55982],[-82.65645,42.59242],[-82.71304,42.5979],[-82.6238,42.6654],[-82.70096,42.68955],[-82.81352,42.64083],[-82.78451,42.56363],[-82.84508,42.56144],[-82.87442,42.52354],[-82.86842,42.4548],[-82.8886,42.39799],[-82.95976,42.34003],[-83.06364,42.31686],[-83.12636,42.23841],[-83.13202,42.09017],[-83.19104,42.07744],[-83.21591,41.98848],[-83.26552,41.93088],[-83.32331,41.9294],[-83.34276,41.87938],[-83.38374,41.86964],[-83.43961,41.81316],[-83.4554,41.73284],[-84.36055,41.70662],[-84.80597,41.69612],[-84.80588,41.76022],[-85.60755,41.75908],[-86.51932,41.75945],[-86.82483,41.76024],[-86.68445,41.84018]]],[[[-85.57024,44.87281],[-85.57064,44.86452],[-85.58375,44.86145],[-85.57024,44.87281]]],[[[-86.09223,45.01013],[-86.15433,45.00273],[-86.13809,45.04304],[-86.08525,45.03954],[-86.09223,45.01013]]],[[[-85.56606,45.09911],[-85.56806,45.09945],[-85.56672,45.10067],[-85.56606,45.09911]]],[[[-85.99951,45.05406],[-86.05865,45.10078],[-86.04443,45.15958],[-85.9768,45.13836],[-85.99951,45.05406]]],[[[-85.83197,45.42048],[-85.83028,45.38425],[-85.88471,45.44481],[-85.83197,45.42048]]],[[[-85.79296,45.48198],[-85.77061,45.48649],[-85.77003,45.46249],[-85.79296,45.48198]]],[[[-85.56644,45.76022],[-85.49878,45.72629],[-85.49173,45.60753],[-85.56163,45.57221],[-85.61988,45.58288],[-85.60347,45.68206],[-85.56644,45.76022]]],[[[-85.84402,45.69483],[-85.839,45.71015],[-85.83478,45.69637],[-85.84402,45.69483]]],[[[-85.65078,45.7225],[-85.69758,45.69765],[-85.69078,45.74686],[-85.65078,45.7225]]],[[[-85.68819,45.77506],[-85.68407,45.77013],[-85.69626,45.77439],[-85.68819,45.77506]]],[[[-85.37713,45.76901],[-85.39476,45.77714],[-85.35027,45.79577],[-85.37713,45.76901]]],[[[-85.45637,45.77683],[-85.50575,45.77809],[-85.52622,45.82783],[-85.45637,45.77683]]],[[[-85.60431,45.81182],[-85.61112,45.80738],[-85.61754,45.81078],[-85.60431,45.81182]]],[[[-85.29976,45.8151],[-85.30154,45.81544],[-85.29905,45.81753],[-85.29976,45.8151]]],[[[-85.58376,45.83949],[-85.58692,45.83392],[-85.59449,45.83768],[-85.58376,45.83949]]],[[[-85.03899,45.76301],[-85.01958,45.76422],[-85.03403,45.76098],[-85.03899,45.76301]]],[[[-85.07309,45.76236],[-85.07444,45.76589],[-85.05517,45.7644],[-85.07309,45.76236]]],[[[-84.35594,45.77069],[-84.41963,45.72009],[-84.50078,45.73723],[-84.59024,45.8128],[-84.50907,45.81112],[-84.35594,45.77069]]],[[[-84.61124,45.83457],[-84.5895,45.8269],[-84.60734,45.82562],[-84.61124,45.83457]]],[[[-84.74806,45.83439],[-84.75112,45.83648],[-84.74409,45.83663],[-84.74806,45.83439]]],[[[-84.87832,45.86729],[-84.86197,45.86021],[-84.86483,45.85403],[-84.87832,45.86729]]],[[[-84.60214,45.85206],[-84.65092,45.8598],[-84.64181,45.88547],[-84.60214,45.85206]]],[[[-84.4312,45.92602],[-84.42792,45.92066],[-84.42976,45.91884],[-84.4312,45.92602]]],[[[-84.58085,45.95879],[-84.56393,45.96641],[-84.56795,45.95248],[-84.58085,45.95879]]],[[[-84.64018,45.95837],[-84.63582,45.98087],[-84.60878,45.96747],[-84.64018,45.95837]]],[[[-84.42204,45.9747],[-84.42498,45.97378],[-84.43572,45.98165],[-84.42204,45.9747]]],[[[-85.20143,46.04309],[-85.20477,46.04441],[-85.19954,46.04422],[-85.20143,46.04309]]],[[[-84.51672,46.44191],[-84.51574,46.44365],[-84.51406,46.44171],[-84.51672,46.44191]]],[[[-84.6819,46.49104],[-84.68383,46.49151],[-84.6797,46.49385],[-84.6819,46.49104]]],[[[-83.81809,43.6659],[-83.83209,43.66628],[-83.82227,43.67539],[-83.81809,43.6659]]],[[[-83.7663,45.93512],[-83.76855,45.93175],[-83.76807,45.93778],[-83.7663,45.93512]]],[[[-84.19924,45.96915],[-84.20116,45.96692],[-84.20195,45.97036],[-84.19924,45.96915]]],[[[-83.7897,46.00724],[-83.79195,46.00724],[-83.79041,46.00922],[-83.7897,46.00724]]],[[[-83.90093,46.01624],[-83.89855,46.01871],[-83.89713,46.01706],[-83.90093,46.01624]]],[[[-83.82547,46.02853],[-83.82285,46.03084],[-83.82392,46.0268],[-83.82547,46.02853]]],[[[-83.79077,46.03843],[-83.7916,46.03439],[-83.79374,46.0348],[-83.79077,46.03843]]],[[[-83.82761,46.03546],[-83.82903,46.03753],[-83.82772,46.03967],[-83.82761,46.03546]]],[[[-83.83652,46.04297],[-83.83735,46.04536],[-83.83581,46.04561],[-83.83652,46.04297]]],[[[-83.85256,46.05889],[-83.84781,46.05221],[-83.85506,46.05353],[-83.85256,46.05889]]],[[[-83.87918,46.05419],[-83.88132,46.05592],[-83.87871,46.05798],[-83.87918,46.05419]]],[[[-83.82737,46.0551],[-83.82784,46.05658],[-83.82582,46.05823],[-83.82737,46.0551]]],[[[-83.79849,46.06037],[-83.79623,46.0565],[-83.79825,46.05608],[-83.79849,46.06037]]],[[[-83.79362,46.06103],[-83.79279,46.06375],[-83.79184,46.0626],[-83.79362,46.06103]]],[[[-83.7708,46.06911],[-83.77235,46.06425],[-83.77425,46.06647],[-83.7708,46.06911]]],[[[-83.88584,46.06689],[-83.87954,46.07241],[-83.87681,46.06483],[-83.88584,46.06689]]],[[[-83.85054,46.06581],[-83.84757,46.07373],[-83.84139,46.06779],[-83.85054,46.06581]]],[[[-83.86932,46.0762],[-83.86255,46.08041],[-83.85328,46.07274],[-83.86932,46.0762]]],[[[-83.81323,46.07455],[-83.80942,46.07802],[-83.81144,46.0734],[-83.81323,46.07455]]],[[[-83.97568,46.06573],[-84.01263,46.08728],[-83.99529,46.09483],[-83.97568,46.06573]]],[[[-83.85541,46.08544],[-83.85019,46.07868],[-83.85423,46.08],[-83.85541,46.08544]]],[[[-83.78423,46.08131],[-83.78066,46.08387],[-83.78257,46.08032],[-83.78423,46.08131]]],[[[-83.98756,46.09285],[-83.98483,46.09219],[-83.98364,46.08865],[-83.98756,46.09285]]],[[[-83.77651,46.09203],[-83.81239,46.10011],[-83.79195,46.10703],[-83.77651,46.09203]]],[[[-83.9897,46.10315],[-83.98768,46.09829],[-83.99113,46.10085],[-83.9897,46.10315]]],[[[-84.02036,46.10769],[-84.02322,46.10933],[-84.02072,46.10983],[-84.02036,46.10769]]],[[[-84.16612,46.21578],[-84.16841,46.21552],[-84.16984,46.21936],[-84.16612,46.21578]]],[[[-83.19159,42.03537],[-83.18993,42.03599],[-83.18921,42.03334],[-83.19159,42.03537]]],[[[-83.47491,43.7561],[-83.4796,43.76024],[-83.46596,43.76001],[-83.47491,43.7561]]],[[[-83.45036,43.81541],[-83.44692,43.8229],[-83.43299,43.81942],[-83.45036,43.81541]]],[[[-83.45053,43.82956],[-83.46069,43.81636],[-83.45129,43.83508],[-83.45053,43.82956]]],[[[-83.41844,43.82801],[-83.42256,43.83757],[-83.41573,43.83418],[-83.41844,43.82801]]],[[[-83.45072,43.85551],[-83.43663,43.86191],[-83.43809,43.83949],[-83.45072,43.85551]]],[[[-83.42804,43.87838],[-83.42981,43.88306],[-83.41463,43.87648],[-83.42804,43.87838]]],[[[-83.46641,44.0037],[-83.46327,44.00137],[-83.47102,44.00255],[-83.46641,44.0037]]],[[[-83.44122,44.03805],[-83.42727,44.0287],[-83.44146,44.02781],[-83.44122,44.03805]]],[[[-83.42254,44.98916],[-83.41759,44.99193],[-83.41179,44.98727],[-83.42254,44.98916]]],[[[-83.19267,45.03591],[-83.19775,45.03482],[-83.2124,45.05158],[-83.19267,45.03591]]],[[[-83.23046,45.04269],[-83.22296,45.0507],[-83.21832,45.04153],[-83.23046,45.04269]]],[[[-83.22942,45.05539],[-83.23385,45.05498],[-83.23246,45.05683],[-83.22942,45.05539]]],[[[-83.2917,45.06034],[-83.29878,45.06575],[-83.29095,45.06808],[-83.2917,45.06034]]],[[[-83.33634,45.1916],[-83.32989,45.19774],[-83.31986,45.18946],[-83.33634,45.1916]]],[[[-83.80099,45.9847],[-83.67169,46.05493],[-83.71979,46.10103],[-83.58131,46.08962],[-83.53181,46.00642],[-83.47322,45.98442],[-83.52831,45.91777],[-83.58227,45.91569],[-83.65766,45.94546],[-83.71567,45.93011],[-83.75702,45.95464],[-83.78617,45.93292],[-83.88358,45.96934],[-83.84508,46.02655],[-83.80099,45.9847]]],[[[-83.73479,46.03579],[-83.73349,46.0381],[-83.73242,46.03687],[-83.73479,46.03579]]],[[[-83.72552,46.04058],[-83.72517,46.03744],[-83.72885,46.04074],[-83.72552,46.04058]]],[[[-83.72838,46.04446],[-83.72041,46.05081],[-83.72041,46.04404],[-83.72838,46.04446]]],[[[-83.74723,46.03478],[-83.77401,46.05147],[-83.73491,46.05361],[-83.74723,46.03478]]],[[[-83.70924,46.0532],[-83.7008,46.05188],[-83.709,46.04924],[-83.70924,46.0532]]],[[[-83.69391,46.06194],[-83.69023,46.05971],[-83.69569,46.05493],[-83.69391,46.06194]]],[[[-83.70069,46.06837],[-83.70033,46.06227],[-83.70508,46.06425],[-83.70069,46.06837]]],[[[-83.76165,46.0889],[-83.76652,46.08626],[-83.77139,46.09096],[-83.76165,46.0889]]]]}},{"type":"Feature","id":"27","properties":{"state_fips":"27","state_abbr":"MN","state_name":"Minnesota"},"geometry":{"type":"MultiPolygon","coordinates":[[[[-96.45123,44.71838],[-96.45307,45.29812],[-96.48906,45.35707],[-96.61773,45.40809],[-96.68045,45.4105],[-96.7314,45.45702],[-96.76528,45.52141],[-96.85775,45.60596],[-96.84075,45.64529],[-96.65223,45.74681],[-96.57974,45.82582],[-96.56367,45.93524],[-96.57794,46.02687],[-96.55451,46.08398],[-96.58041,46.15123],[-96.60549,46.29325],[-96.60105,46.33114],[-96.66603,46.37457],[-96.73268,46.48254],[-96.7452,46.57066],[-96.79973,46.66064],[-96.77977,46.7233],[-96.79672,46.77746],[-96.76176,46.93466],[-96.82322,46.97084],[-96.81895,47.1649],[-96.84392,47.29302],[-96.83061,47.33864],[-96.86841,47.47901],[-96.84581,47.51699],[-96.85711,47.61076],[-96.90724,47.68849],[-97.05105,47.94338],[-97.07564,48.05273],[-97.14424,48.16249],[-97.1445,48.24613],[-97.11647,48.32211],[-97.1621,48.39476],[-97.12682,48.42337],[-97.16162,48.47984],[-97.14244,48.53653],[-97.15846,48.5823],[-97.09248,48.68624],[-97.13687,48.72604],[-97.15876,48.81093],[-97.19031,48.81571],[-97.17959,48.87704],[-97.21978,48.92204],[-97.22872,49.00056],[-96.20883,48.99998],[-95.15371,48.9989],[-95.15331,49.38436],[-95.0584,49.35317],[-94.95746,49.37019],[-94.85424,49.32415],[-94.82555,49.29439],[-94.77322,49.12073],[-94.75028,49.09927],[-94.68435,48.88396],[-94.69435,48.78218],[-94.58959,48.71789],[-94.4387,48.69489],[-94.41619,48.71095],[-94.26054,48.69638],[-94.24439,48.65344],[-93.84435,48.63022],[-93.79445,48.51602],[-93.6454,48.51728],[-93.4675,48.54566],[-93.46431,48.59179],[-93.34753,48.62662],[-93.2074,48.64247],[-93.17809,48.62334],[-92.98496,48.62373],[-92.72805,48.53929],[-92.63493,48.54287],[-92.6367,48.49943],[-92.69882,48.49489],[-92.71256,48.46301],[-92.65603,48.43671],[-92.50728,48.44787],[-92.45639,48.40113],[-92.46995,48.35184],[-92.36917,48.22027],[-92.26974,48.24824],[-92.30631,48.31644],[-92.26228,48.35493],[-92.2068,48.3456],[-92.05523,48.35921],[-92.00013,48.32136],[-92.00658,48.26542],[-91.9578,48.23299],[-91.89347,48.2377],[-91.86438,48.20703],[-91.71493,48.19913],[-91.69817,48.14164],[-91.64017,48.09693],[-91.55927,48.10827],[-91.56725,48.04372],[-91.48865,48.06807],[-91.42964,48.04861],[-91.37087,48.06941],[-91.25011,48.08409],[-91.08273,48.18076],[-90.88548,48.24578],[-90.83918,48.23951],[-90.83259,48.17377],[-90.76162,48.09828],[-90.6416,48.10352],[-90.58222,48.12378],[-90.55684,48.09601],[-90.13264,48.11177],[-90.02359,48.08471],[-89.99305,48.0284],[-89.89741,47.9876],[-89.76768,48.0226],[-89.61693,47.99652],[-89.73801,47.91719],[-89.85396,47.874],[-89.91905,47.86399],[-89.97449,47.83114],[-90.18826,47.7771],[-90.5371,47.70305],[-90.72867,47.62792],[-90.86264,47.56026],[-91.16242,47.37382],[-91.18658,47.33994],[-91.40858,47.18226],[-91.45594,47.14008],[-91.57382,47.08992],[-91.7371,46.98285],[-91.78066,46.94331],[-91.84135,46.92522],[-92.09429,46.78842],[-92.01529,46.70647],[-92.08949,46.74924],[-92.18909,46.71754],[-92.17649,46.69024],[-92.21239,46.64994],[-92.29219,46.66604],[-92.29403,46.07438],[-92.32787,46.06618],[-92.34998,46.01698],[-92.44226,46.01618],[-92.47276,45.97295],[-92.52203,45.9842],[-92.55193,45.95165],[-92.63994,45.93354],[-92.7077,45.8949],[-92.78462,45.7642],[-92.86919,45.71757],[-92.88793,45.63901],[-92.88375,45.57548],[-92.77022,45.56694],[-92.6466,45.44164],[-92.65042,45.39851],[-92.69897,45.33637],[-92.75871,45.29096],[-92.73953,45.11652],[-92.79153,45.07965],[-92.7646,45.02877],[-92.75064,44.9373],[-92.77491,44.8928],[-92.76528,44.84107],[-92.80799,44.75147],[-92.73726,44.71716],[-92.56943,44.60354],[-92.54996,44.56899],[-92.43734,44.55279],[-92.34757,44.55715],[-92.31407,44.53801],[-92.27678,44.47365],[-92.21516,44.4385],[-92.05355,44.40138],[-91.95952,44.3594],[-91.91353,44.31139],[-91.87516,44.20058],[-91.7106,44.12048],[-91.5826,44.02738],[-91.44054,44.0015],[-91.28414,43.84707],[-91.24413,43.77467],[-91.26845,43.70982],[-91.26875,43.61535],[-91.23186,43.58182],[-91.24382,43.54913],[-91.21771,43.50055],[-91.95438,43.50066],[-92.55219,43.50021],[-93.26098,43.49937],[-93.80851,43.4997],[-94.56652,43.50035],[-95.4338,43.50011],[-96.45326,43.50039],[-96.45123,44.71838]]],[[[-91.55319,47.08763],[-91.55375,47.08965],[-91.55158,47.08734],[-91.55319,47.08763]]],[[[-89.65836,47.9506],[-89.66164,47.95496],[-89.65494,47.95306],[-89.65836,47.9506]]],[[[-89.55408,47.97226],[-89.58639,47.95878],[-89.58033,47.97778],[-89.55408,47.97226]]]]}},{"type":"Feature","id":"28","properties":{"state_fips":"28","state_abbr":"MS","state_name":"Mississippi"},"geometry":{"type":"MultiPolygon","coordinates":[[[[-91.12464,33.06413],[-91.20146,33.10964],[-91.18366,33.14169],[-91.08571,33.13719],[-91.10026,33.21943],[-91.05041,33.2512],[-91.06703,33.28718],[-91.10082,33.23827],[-91.14161,33.29954],[-91.14222,33.34899],[-91.05815,33.42871],[-91.07074,33.45585],[-91.09953,33.40721],[-91.14194,33.38006],[-91.20903,33.40363],[-91.13188,33.43006],[-91.13215,33.48156],[-91.17697,33.48725],[-91.16981,33.45201],[-91.23518,33.43897],[-91.1826,33.49918],[-91.2299,33.56616],[-91.13686,33.59019],[-91.13744,33.62687],[-91.21223,33.65696],[-91.22991,33.68435],[-91.16037,33.7066],[-91.09135,33.65776],[-91.03684,33.67132],[-91.06805,33.7162],[-91.11735,33.70526],[-91.14881,33.73136],[-91.13406,33.78289],[-91.02588,33.76476],[-90.99175,33.7926],[-91.04908,33.81603],[-91.06978,33.87272],[-91.01019,33.93159],[-91.08969,33.9645],[-91.0862,34.00642],[-91.01895,34.00322],[-91.00011,33.96643],[-90.96155,33.97995],[-90.98818,34.01921],[-90.89625,34.02522],[-90.87192,34.08665],[-90.92129,34.09351],[-90.95864,34.13548],[-90.91001,34.16551],[-90.8361,34.13788],[-90.81657,34.18302],[-90.88756,34.18241],[-90.93454,34.21785],[-90.90633,34.24438],[-90.84715,34.20613],[-90.83363,34.27407],[-90.76562,34.26951],[-90.7364,34.31207],[-90.76869,34.34778],[-90.74964,34.36815],[-90.66679,34.35582],[-90.57769,34.43097],[-90.5931,34.47732],[-90.54049,34.55787],[-90.59114,34.6192],[-90.5701,34.69343],[-90.5551,34.64624],[-90.51717,34.63093],[-90.46882,34.67003],[-90.47417,34.70528],[-90.53244,34.69624],[-90.57194,34.71278],[-90.52111,34.80194],[-90.49278,34.7725],[-90.52417,34.73139],[-90.44842,34.73912],[-90.47645,34.79359],[-90.45538,34.82078],[-90.48437,34.86358],[-90.46227,34.89174],[-90.42937,34.86661],[-90.43873,34.82525],[-90.39976,34.8277],[-90.24321,34.9091],[-90.24593,34.94872],[-90.30836,34.99569],[-89.84849,34.99419],[-89.15683,34.99393],[-88.20006,34.99563],[-88.15462,34.92239],[-88.09789,34.8922],[-88.21074,34.0292],[-88.25226,33.71957],[-88.40379,32.44977],[-88.47323,31.89386],[-88.41863,30.86653],[-88.39502,30.36942],[-88.44767,30.35805],[-88.45381,30.32963],[-88.50412,30.32007],[-88.61095,30.37168],[-88.70059,30.34369],[-88.74694,30.34762],[-88.78981,30.38632],[-88.87015,30.42424],[-88.85726,30.39087],[-89.01638,30.38462],[-89.29144,30.3033],[-89.26873,30.34059],[-89.31486,30.37612],[-89.37597,30.34925],[-89.32995,30.3029],[-89.41421,30.25777],[-89.44799,30.18651],[-89.52809,30.18898],[-89.57015,30.1803],[-89.61706,30.2275],[-89.6474,30.29129],[-89.62973,30.33929],[-89.68369,30.40587],[-89.68341,30.45179],[-89.76813,30.51502],[-89.80618,30.56754],[-89.81385,30.6368],[-89.85189,30.6612],[-89.82806,30.72502],[-89.83241,30.76451],[-89.77172,30.85468],[-89.77355,30.89686],[-89.7325,31.00483],[-89.75264,31.00185],[-90.38054,30.99987],[-91.06827,30.99892],[-91.63694,30.99942],[-91.5644,31.03896],[-91.56765,31.07019],[-91.62599,31.1169],[-91.59005,31.19369],[-91.64436,31.23441],[-91.63767,31.26768],[-91.57449,31.26129],[-91.51858,31.27528],[-91.51005,31.31682],[-91.57833,31.39907],[-91.54065,31.43076],[-91.51598,31.37029],[-91.47887,31.36496],[-91.47206,31.39592],[-91.51337,31.4444],[-91.51581,31.53089],[-91.45002,31.53967],[-91.40791,31.56937],[-91.42272,31.59707],[-91.48522,31.58617],[-91.51657,31.61182],[-91.49766,31.64537],[-91.46382,31.62036],[-91.40101,31.62037],[-91.39711,31.71136],[-91.36503,31.74818],[-91.27554,31.74552],[-91.28604,31.77206],[-91.36553,31.76163],[-91.34571,31.84286],[-91.29341,31.86016],[-91.26201,31.80936],[-91.26771,31.86266],[-91.18061,31.91796],[-91.18831,31.96096],[-91.07591,32.01683],[-91.14511,32.04656],[-91.12861,32.07655],[-91.09871,32.04836],[-91.03861,32.09825],[-91.00291,32.16205],[-91.05831,32.18095],[-91.05317,32.12424],[-91.16282,32.13269],[-91.16417,32.19689],[-91.04651,32.24115],[-90.98377,32.21065],[-90.9762,32.29645],[-90.91616,32.30358],[-90.91236,32.33945],[-91.00451,32.36814],[-90.96646,32.43387],[-91.02961,32.43354],[-91.09531,32.45874],[-91.11671,32.50014],[-91.09374,32.54913],[-91.03811,32.49044],[-90.99487,32.50861],[-91.0804,32.55644],[-91.0046,32.60978],[-91.02577,32.64657],[-91.0498,32.60719],[-91.11864,32.58514],[-91.1527,32.64076],[-91.06395,32.70293],[-91.06077,32.72749],[-91.15861,32.74345],[-91.16167,32.81247],[-91.145,32.84287],[-91.0706,32.88866],[-91.0868,32.97627],[-91.13552,32.97966],[-91.13129,32.93005],[-91.15997,32.89988],[-91.21284,32.9221],[-91.16609,33.00429],[-91.12464,33.06413]]],[[[-89.13112,30.23104],[-89.07799,30.22945],[-89.08507,30.21322],[-89.13112,30.23104]]],[[[-88.41441,30.20364],[-88.45365,30.19658],[-88.43033,30.20855],[-88.41441,30.20364]]],[[[-88.9784,30.21153],[-88.95392,30.21359],[-88.95951,30.20845],[-88.9784,30.21153]]],[[[-88.71494,30.24372],[-88.7153,30.25226],[-88.6568,30.23396],[-88.71494,30.24372]]],[[[-88.89799,30.22988],[-88.87422,30.24809],[-88.88126,30.23982],[-88.89799,30.22988]]],[[[-88.57248,30.32899],[-88.58229,30.33868],[-88.56977,30.34056],[-88.57248,30.32899]]],[[[-88.86639,30.38149],[-88.82991,30.37164],[-88.82002,30.36075],[-88.86639,30.38149]]]]}},{"type":"Feature","id":"29","properties":{"state_fips":"29","state_abbr":"MO","state_name":"Missouri"},"geometry":{"type":"Polygon","coordinates":[[[-94.61796,36.99891],[-94.61772,37.77297],[-94.61266,38.21765],[-94.61186,38.62049],[-94.60804,38.81106],[-94.60866,39.16104],[-94.68724,39.1835],[-94.73654,39.1692],[-94.82379,39.20987],[-94.84632,39.26848],[-94.90005,39.30019],[-94.91064,39.34834],[-94.87909,39.3757],[-94.92311,39.38449],[-94.99017,39.44619],[-95.03341,39.46088],[-95.10289,39.53335],[-95.10745,39.57384],[-95.0569,39.58057],[-95.02764,39.66545],[-94.96898,39.69295],[-94.95529,39.74569],[-94.90261,39.7242],[-94.86074,39.76309],[-94.91229,39.75934],[-94.92561,39.78975],[-94.87634,39.80689],[-94.94257,39.8566],[-94.9279,39.88611],[-95.01874,39.89737],[-95.03777,39.86554],[-95.1406,39.88169],[-95.20573,39.90827],[-95.30829,40.0],[-95.34657,40.02827],[-95.41359,40.03842],[-95.39306,40.11118],[-95.4763,40.18199],[-95.4775,40.24272],[-95.55247,40.2619],[-95.55329,40.29116],[-95.65661,40.31947],[-95.6252,40.33429],[-95.69313,40.4694],[-95.69997,40.50527],[-95.66169,40.51731],[-95.67175,40.56263],[-95.69721,40.52848],[-95.75711,40.52599],[-95.76564,40.58521],[-95.3578,40.5801],[-94.63203,40.57119],[-94.08022,40.5729],[-93.54828,40.58042],[-93.26061,40.5808],[-92.75741,40.58891],[-92.09639,40.60183],[-91.72911,40.61364],[-91.68171,40.55304],[-91.62516,40.5435],[-91.61695,40.50479],[-91.56384,40.46099],[-91.5286,40.459],[-91.52461,40.41077],[-91.48025,40.38178],[-91.41942,40.37826],[-91.46214,40.34241],[-91.5065,40.2363],[-91.51032,40.12799],[-91.49488,40.03645],[-91.42088,39.91486],[-91.44784,39.87795],[-91.42952,39.8378],[-91.36174,39.78508],[-91.37001,39.73252],[-91.24122,39.63007],[-91.18592,39.60512],[-91.14827,39.5458],[-91.10031,39.53869],[-91.03827,39.44844],[-90.79346,39.3095],[-90.72698,39.25117],[-90.70915,39.15511],[-90.68274,39.08835],[-90.71254,39.05706],[-90.66347,38.92738],[-90.58339,38.86903],[-90.54403,38.87505],[-90.45079,38.96776],[-90.30945,38.92412],[-90.25025,38.91934],[-90.11333,38.84931],[-90.12311,38.79805],[-90.16641,38.77265],[-90.21201,38.71175],[-90.18261,38.66535],[-90.19181,38.59895],[-90.26031,38.52835],[-90.29278,38.42865],[-90.36822,38.34025],[-90.37266,38.28623],[-90.3539,38.21386],[-90.27493,38.15761],[-90.24312,38.11267],[-90.17716,38.07115],[-90.13079,38.06234],[-90.09377,38.01783],[-90.05937,38.01554],[-90.00533,37.96801],[-89.94075,37.97104],[-89.97422,37.91922],[-89.9525,37.88322],[-89.90183,37.86982],[-89.84479,37.90557],[-89.78203,37.85509],[-89.73987,37.84693],[-89.66038,37.7863],[-89.66799,37.75948],[-89.61728,37.74972],[-89.58332,37.71326],[-89.51201,37.68553],[-89.51772,37.64122],[-89.47755,37.58588],[-89.51654,37.5845],[-89.51645,37.53556],[-89.42246,37.39713],[-89.43604,37.34444],[-89.49119,37.33136],[-89.51834,37.2855],[-89.46069,37.25058],[-89.46186,37.19952],[-89.37561,37.08594],[-89.37828,37.03961],[-89.29213,36.99219],[-89.25761,37.0155],[-89.30773,37.06965],[-89.25994,37.06407],[-89.19849,37.01172],[-89.1921,36.98],[-89.13268,36.9822],[-89.09959,36.96454],[-89.13797,36.84735],[-89.17742,36.80727],[-89.11685,36.77561],[-89.16689,36.75963],[-89.19948,36.71604],[-89.15908,36.66635],[-89.22732,36.56937],[-89.25832,36.56495],[-89.32673,36.63219],[-89.37545,36.61572],[-89.41728,36.49901],[-89.46415,36.45719],[-89.48543,36.49749],[-89.46589,36.52995],[-89.48484,36.57182],[-89.54611,36.57999],[-89.57124,36.54734],[-89.53923,36.49793],[-89.51972,36.467],[-89.54506,36.43491],[-89.50972,36.37363],[-89.53182,36.33925],[-89.61069,36.34044],[-89.61182,36.30909],[-89.53553,36.27054],[-89.58733,36.23948],[-89.69523,36.25277],[-89.70525,36.23657],[-89.607,36.17118],[-89.594,36.12719],[-89.68003,36.08249],[-89.70693,36.00098],[-89.73306,36.00081],[-90.37789,35.99568],[-90.29311,36.11437],[-90.23559,36.13947],[-90.22042,36.18476],[-90.14224,36.22752],[-90.06398,36.30304],[-90.08142,36.32564],[-90.06451,36.38208],[-90.14374,36.42443],[-90.15248,36.49795],[-90.71123,36.49832],[-91.40491,36.49712],[-91.53687,36.49916],[-92.35028,36.49779],[-93.12597,36.49785],[-94.11067,36.49859],[-94.61792,36.49941],[-94.61796,36.99891]]]}},{"type":"Feature","id":"30","properties":{"state_fips":"30","state_abbr":"MT","state_name":"Montana"},"geometry":{"type":"Polygon","coordinates":[[[-115.20791,48.99923],[-113.69298,48.99763],[-112.96211,48.99864],[-112.36867,48.99884],[-111.50081,48.99696],[-111.00624,48.99753],[-110.17159,48.99926],[-109.00071,48.99923],[-108.48806,48.99937],[-107.44102,48.99936],[-106.47961,48.99937],[-106.05054,48.99921],[-104.87553,48.99899],[-104.04874,48.99988],[-104.04821,48.59905],[-104.04166,47.86228],[-104.04533,47.34345],[-104.04544,45.94531],[-104.04011,45.37421],[-104.03969,44.99807],[-104.05788,44.99761],[-104.50676,44.99849],[-105.16917,45.00012],[-105.91315,45.00024],[-105.92817,44.99349],[-106.26359,44.99379],[-107.08489,44.9966],[-107.12742,44.99984],[-108.0051,45.00055],[-108.51499,44.99968],[-109.08285,44.99955],[-109.10323,45.00582],[-109.76111,45.0018],[-110.10578,45.00353],[-110.18322,44.99695],[-110.70448,44.99217],[-110.79012,45.00088],[-111.05456,45.00095],[-111.05243,44.47841],[-111.13066,44.50013],[-111.13138,44.53243],[-111.2275,44.57717],[-111.2201,44.62207],[-111.29604,44.70205],[-111.39247,44.75237],[-111.41427,44.71074],[-111.48989,44.70056],[-111.46851,44.67873],[-111.5252,44.6052],[-111.46827,44.53898],[-111.58651,44.56266],[-111.61267,44.54877],[-111.70415,44.55965],[-111.82153,44.50894],[-111.86613,44.56281],[-111.94891,44.5563],[-111.97745,44.53584],[-112.03271,44.54664],[-112.0963,44.52321],[-112.18394,44.53307],[-112.22934,44.56411],[-112.28604,44.56861],[-112.35892,44.52885],[-112.38734,44.4476],[-112.47395,44.47917],[-112.66357,44.48625],[-112.71911,44.50434],[-112.77984,44.48461],[-112.83936,44.42378],[-112.81111,44.39888],[-112.84518,44.35796],[-113.00506,44.45372],[-113.00541,44.52014],[-113.08754,44.59951],[-113.05712,44.61861],[-113.06776,44.67879],[-113.13183,44.77304],[-113.24648,44.82267],[-113.34,44.78484],[-113.35606,44.8198],[-113.45507,44.86542],[-113.49644,44.94732],[-113.44395,44.96017],[-113.45204,45.05917],[-113.52264,45.09268],[-113.51324,45.11684],[-113.57663,45.13152],[-113.59963,45.19173],[-113.69248,45.26344],[-113.73806,45.32837],[-113.7344,45.39235],[-113.77415,45.40655],[-113.78356,45.45568],[-113.76655,45.52091],[-113.83408,45.52053],[-113.79713,45.58212],[-113.89524,45.64339],[-113.9391,45.69578],[-114.01903,45.69275],[-114.01533,45.66342],[-114.13618,45.55702],[-114.20367,45.53557],[-114.24835,45.54541],[-114.27897,45.48009],[-114.3344,45.45909],[-114.52756,45.57082],[-114.56549,45.5626],[-114.53853,45.60777],[-114.5635,45.6323],[-114.49958,45.6696],[-114.50417,45.72166],[-114.56646,45.77331],[-114.5093,45.84553],[-114.38856,45.88219],[-114.4314,45.93604],[-114.41175,45.97787],[-114.4741,45.99225],[-114.46047,46.09779],[-114.52051,46.12491],[-114.51563,46.16613],[-114.44523,46.16795],[-114.45185,46.24067],[-114.41426,46.33548],[-114.42221,46.38733],[-114.38503,46.41123],[-114.39992,46.50219],[-114.35192,46.50774],[-114.32112,46.64751],[-114.35792,46.6687],[-114.42442,46.66065],[-114.46709,46.63176],[-114.54232,46.64965],[-114.61415,46.63906],[-114.64166,46.67919],[-114.62464,46.71179],[-114.69655,46.7405],[-114.75256,46.69716],[-114.78815,46.71212],[-114.76519,46.75825],[-114.86578,46.81453],[-114.92073,46.82708],[-114.92529,46.91875],[-115.00127,46.9719],[-115.04838,46.96982],[-115.07173,47.02586],[-115.14434,47.10198],[-115.24311,47.15073],[-115.34044,47.26287],[-115.52851,47.29931],[-115.54907,47.3472],[-115.74793,47.44168],[-115.64013,47.45971],[-115.75434,47.5526],[-115.68842,47.59561],[-115.7365,47.65474],[-115.72279,47.69473],[-115.82499,47.75237],[-115.85231,47.82786],[-115.9014,47.8431],[-116.04911,47.97684],[-116.04909,49.00085],[-115.20791,48.99923]]]}},{"type":"Feature","id":"31","properties":{"state_fips":"31","state_abbr":"NE","state_name":"Nebraska"},"geometry":{"type":"Polygon","coordinates":[[[-104.05303,43.00059],[-103.61833,43.00068],[-102.80938,43.00002],[-101.84998,42.99933],[-101.71357,42.99662],[-100.63173,42.99809],[-99.69923,42.99788],[-98.89994,42.99812],[-98.49855,42.99856],[-98.46736,42.94756],[-98.25828,42.87439],[-98.12904,42.82123],[-98.03503,42.76421],[-97.95015,42.76962],[-97.88856,42.81725],[-97.87534,42.85872],[-97.8285,42.8688],[-97.68651,42.84243],[-97.60376,42.85833],[-97.44228,42.84622],[-97.41707,42.86592],[-97.30668,42.8676],[-97.21882,42.84585],[-97.21013,42.8093],[-97.13133,42.77193],[-96.9822,42.76055],[-96.96353,42.72064],[-96.9068,42.7338],[-96.80622,42.70415],[-96.80218,42.67224],[-96.72802,42.66688],[-96.68908,42.64408],[-96.71131,42.61738],[-96.60347,42.50446],[-96.55777,42.52038],[-96.50132,42.48275],[-96.44551,42.49063],[-96.39611,42.4841],[-96.38071,42.44639],[-96.41181,42.41089],[-96.408,42.33741],[-96.36997,42.31088],[-96.32372,42.22989],[-96.35659,42.21518],[-96.34775,42.16681],[-96.26732,42.11027],[-96.27143,42.04499],[-96.22566,42.03522],[-96.22974,41.99441],[-96.1295,41.97167],[-96.16176,41.90182],[-96.06641,41.78891],[-96.11775,41.69422],[-96.09505,41.64737],[-96.10939,41.59687],[-96.08342,41.58334],[-96.09201,41.53391],[-95.99283,41.512],[-96.00471,41.47234],[-95.93292,41.4638],[-95.93099,41.3647],[-95.95679,41.3492],[-95.88309,41.3167],[-95.92599,41.1957],[-95.84129,41.175],[-95.88349,41.1549],[-95.86259,41.0884],[-95.87949,41.0533],[-95.86349,40.99734],[-95.82833,40.97238],[-95.84027,40.93994],[-95.81208,40.88424],[-95.84778,40.86433],[-95.8369,40.77648],[-95.88891,40.73186],[-95.8428,40.6775],[-95.78948,40.65939],[-95.75127,40.60906],[-95.76564,40.58521],[-95.75711,40.52599],[-95.69721,40.52848],[-95.67175,40.56263],[-95.66169,40.51731],[-95.69997,40.50527],[-95.69313,40.4694],[-95.6252,40.33429],[-95.65661,40.31947],[-95.55329,40.29116],[-95.55247,40.2619],[-95.4775,40.24272],[-95.4763,40.18199],[-95.39306,40.11118],[-95.41359,40.03842],[-95.34657,40.02827],[-95.30829,40.0],[-96.15436,40.0005],[-97.04966,40.00132],[-97.83838,40.00191],[-98.7104,40.00218],[-99.16982,40.00192],[-99.8134,40.0014],[-100.46877,40.00172],[-101.40995,40.00235],[-102.05174,40.00308],[-102.05161,41.00238],[-102.86578,41.00199],[-103.49745,41.00163],[-104.05325,41.00141],[-104.05303,43.00059]]]}},{"type":"Feature","id":"32","properties":{"state_fips":"32","state_abbr":"NV","state_name":"Nevada"},"geometry":{"type":"Polygon","coordinates":[[[-119.87605,41.9972],[-119.20828,41.99318],[-118.69641,41.99179],[-118.501,41.99545],[-117.62597,41.9981],[-117.0262,41.99989],[-116.36848,41.99628],[-116.04714,41.99634],[-115.03178,41.99601],[-114.80638,42.00182],[-114.59827,41.99451],[-114.04148,41.99387],[-114.03965,41.88482],[-114.04618,40.39831],[-114.04825,39.33213],[-114.05048,38.49996],[-114.04968,37.82365],[-114.05296,37.59278],[-114.0506,37.0004],[-114.0494,36.68886],[-114.0432,36.37941],[-114.04394,36.19335],[-114.06822,36.17769],[-114.15139,36.02313],[-114.23344,36.01283],[-114.37018,36.14262],[-114.50847,36.12991],[-114.5081,36.14971],[-114.63047,36.14222],[-114.7548,36.0847],[-114.72286,36.02716],[-114.74059,35.97566],[-114.70027,35.90177],[-114.66321,35.87369],[-114.70653,35.84903],[-114.69571,35.75599],[-114.70545,35.71176],[-114.689,35.65028],[-114.65341,35.61079],[-114.67497,35.58066],[-114.65716,35.5323],[-114.67871,35.49875],[-114.62676,35.40964],[-114.59516,35.32424],[-114.56953,35.16232],[-114.57826,35.12881],[-114.64676,35.10187],[-114.60474,35.07483],[-114.63349,35.00186],[-115.75084,35.88929],[-116.71029,36.62748],[-118.25095,37.76862],[-119.37599,38.56679],[-120.00101,38.99957],[-120.00624,39.3415],[-119.99763,39.95651],[-119.99593,40.4999],[-119.99987,41.18397],[-119.99923,41.99494],[-119.87605,41.9972]]]}},{"type":"Feature","id":"33","properties":{"state_fips":"33","state_abbr":"NH","state_name":"New Hampshire"},"geometry":{"type":"MultiPolygon","coordinates":[[[[-71.4984,45.06963],[-71.42883,45.12388],[-71.40327,45.21535],[-71.2844,45.30243],[-71.22805,45.24969],[-71.13195,45.24542],[-71.08392,45.30545],[-71.07691,45.24691],[-71.03104,44.65546],[-71.01127,44.30185],[-70.98907,43.79244],[-70.97272,43.57026],[-70.95084,43.55103],[-70.98681,43.41426],[-70.95653,43.33469],[-70.93273,43.33676],[-70.8817,43.27248],[-70.81786,43.23791],[-70.8268,43.12709],[-70.70382,43.05983],[-70.794,42.93989],[-70.8173,42.87229],[-70.84862,42.86094],[-70.9308,42.88459],[-71.0312,42.85909],[-71.0642,42.80629],[-71.1325,42.82139],[-71.1861,42.79069],[-71.1818,42.73759],[-71.2455,42.74259],[-71.29421,42.69699],[-71.9814,42.71329],[-72.45852,42.72685],[-72.51311,42.76382],[-72.55725,42.85302],[-72.52424,42.9185],[-72.53455,42.94989],[-72.47383,42.97205],[-72.44464,43.01057],[-72.46736,43.05265],[-72.43519,43.08662],[-72.45689,43.14656],[-72.43522,43.25848],[-72.39546,43.31299],[-72.41338,43.36274],[-72.38089,43.49339],[-72.39856,43.51344],[-72.37337,43.57967],[-72.32851,43.60081],[-72.29956,43.70628],[-72.23418,43.74597],[-72.18485,43.8047],[-72.18792,43.85613],[-72.11815,43.92361],[-72.11698,43.99448],[-72.0309,44.09972],[-72.06617,44.18977],[-72.04789,44.23849],[-72.06843,44.2713],[-72.03282,44.32045],[-71.81241,44.35733],[-71.81439,44.38193],[-71.71461,44.40956],[-71.64737,44.47213],[-71.59933,44.48628],[-71.57194,44.53697],[-71.59713,44.55385],[-71.53738,44.58336],[-71.62625,44.72904],[-71.57131,44.79334],[-71.57346,44.82064],[-71.49602,44.9089],[-71.54086,44.98379],[-71.50109,45.01335],[-71.4984,45.06963]]],[[[-70.62355,42.96688],[-70.62678,42.96949],[-70.62232,42.96812],[-70.62355,42.96688]]],[[[-70.61341,42.97341],[-70.61457,42.9786],[-70.61062,42.97641],[-70.61341,42.97341]]],[[[-70.62776,42.97538],[-70.62734,42.97772],[-70.62428,42.97666],[-70.62776,42.97538]]]]}},{"type":"Feature","id":"34","properties":{"state_fips":"34","state_abbr":"NJ","state_name":"New Jersey"},"geometry":{"type":"MultiPolygon","coordinates":[[[[-75.55945,39.62981],[-75.47894,39.71381],[-75.45944,39.76581],[-75.41506,39.80192],[-75.33043,39.84901],[-75.27214,39.84909],[-75.1373,39.88997],[-75.13012,39.95871],[-74.93258,40.06881],[-74.85981,40.08491],[-74.81612,40.12774],[-74.72436,40.14644],[-74.77172,40.21529],[-74.84231,40.25051],[-74.86821,40.29521],[-74.94378,40.34256],[-74.964,40.39525],[-75.05885,40.41807],[-75.06861,40.54222],[-75.10032,40.56781],[-75.19405,40.57626],[-75.20392,40.6915],[-75.17159,40.77775],[-75.1344,40.77376],[-75.05366,40.87366],[-75.13378,40.97097],[-75.13057,40.99109],[-75.0271,41.03953],[-74.97099,41.08529],[-74.98221,41.10824],[-74.88214,41.18084],[-74.83837,41.27729],[-74.75324,41.34612],[-74.69491,41.35742],[-74.34493,41.19205],[-73.90268,40.9973],[-73.92982,40.88868],[-74.01403,40.75755],[-74.02319,40.71989],[-74.09505,40.64918],[-74.14626,40.64657],[-74.10248,40.70193],[-74.18486,40.64705],[-74.20624,40.62646],[-74.21447,40.56502],[-74.25464,40.54859],[-74.26189,40.46471],[-74.19391,40.44099],[-74.13532,40.45545],[-74.00638,40.41111],[-73.98606,40.45443],[-73.97182,40.35427],[-73.97744,40.29937],[-74.03053,40.12267],[-74.06423,39.9789],[-74.0991,39.75682],[-74.24065,39.55575],[-74.31216,39.48356],[-74.32856,39.43965],[-74.42363,39.3554],[-74.5526,39.30014],[-74.6193,39.24038],[-74.71413,39.11463],[-74.70588,39.10294],[-74.78718,39.00096],[-74.86446,38.94041],[-74.972,38.94037],[-74.95536,39.00126],[-74.90366,39.08744],[-74.88717,39.15883],[-74.96316,39.19201],[-75.02618,39.19362],[-75.02133,39.21875],[-75.09406,39.21208],[-75.13691,39.18209],[-75.1719,39.23784],[-75.28831,39.2916],[-75.33374,39.34533],[-75.39433,39.36375],[-75.46521,39.43893],[-75.53643,39.46056],[-75.53401,39.5407],[-75.51153,39.57718],[-75.55617,39.60639],[-75.55945,39.62981]]],[[[-74.039,40.69762],[-74.04166,40.69644],[-74.0422,40.69997],[-74.039,40.69762]]]]}},{"type":"Feature","id":"35","properties":{"state_fips":"35","state_abbr":"NM","state_name":"New Mexico"},"geometry":{"type":"Polygon","coordinates":[[[-108.24936,36.99902],[-107.7124,37.0],[-106.87729,37.00014],[-106.8698,36.99243],[-106.20147,36.99412],[-105.1208,36.99543],[-105.00055,36.99326],[-104.33883,36.99353],[-103.0022,37.0001],[-103.00243,36.5004],[-103.04192,36.50044],[-103.04082,36.05523],[-103.04398,34.31276],[-103.04362,34.00363],[-103.06462,32.9999],[-103.06442,32.00052],[-104.02452,32.00001],[-104.83289,32.00001],[-105.47326,32.00072],[-106.61849,32.00049],[-106.61185,31.92],[-106.64548,31.89867],[-106.60527,31.82791],[-106.52824,31.78315],[-107.42225,31.7836],[-108.20839,31.7836],[-108.20857,31.3334],[-109.05004,31.3325],[-109.04747,33.25006],[-109.04701,34.00005],[-109.0468,35.36361],[-109.04618,36.18175],[-109.04522,36.99908],[-108.24936,36.99902]]]}},{"type":"Feature","id":"36","properties":{"state_fips":"36","state_abbr":"NY","state_name":"New York"},"geometry":{"type":"MultiPolygon","coordinates":[[[[-79.56977,42.3512],[-79.42572,42.43135],[-79.40546,42.45328],[-79.24967,42.53174],[-79.14872,42.55367],[-79.11136,42.61336],[-79.06376,42.64476],[-79.04675,42.69135],[-78.91816,42.73726],[-78.8657,42.77174],[-78.85792,42.83878],[-78.93236,42.95586],[-79.01156,42.98526],[-79.00713,43.06576],[-79.07447,43.07786],[-79.04407,43.13806],[-79.05606,43.25416],[-78.80807,43.32313],[-78.63435,43.35762],[-78.48886,43.37476],[-78.17875,43.3707],[-78.10451,43.37563],[-77.79738,43.33986],[-77.76023,43.34116],[-77.57722,43.24326],[-77.53005,43.23599],[-77.41452,43.26926],[-77.10707,43.28931],[-77.04256,43.27052],[-76.95096,43.27052],[-76.89621,43.29596],[-76.78795,43.31131],[-76.69403,43.34646],[-76.63077,43.41336],[-76.48696,43.47535],[-76.41064,43.52316],[-76.29126,43.51378],[-76.23583,43.52926],[-76.20347,43.57498],[-76.19658,43.66316],[-76.22927,43.80414],[-76.29739,43.85593],[-76.26029,43.88188],[-76.20226,43.8649],[-76.12728,43.89789],[-76.13045,43.93308],[-76.07777,44.00254],[-76.12416,43.96983],[-76.19981,43.96835],[-76.1875,43.99964],[-76.12193,44.03925],[-76.13961,44.06799],[-76.26344,44.05274],[-76.28222,44.01231],[-76.20502,44.02864],[-76.2216,43.99389],[-76.28139,43.96095],[-76.26588,43.99548],[-76.30767,44.02528],[-76.29634,44.05975],[-76.35969,44.07102],[-76.3697,44.10467],[-76.31265,44.19904],[-76.24549,44.20367],[-76.16426,44.2396],[-76.16183,44.28078],[-76.001,44.34753],[-75.91299,44.36808],[-75.82083,44.43224],[-75.76623,44.51585],[-75.5059,44.70508],[-75.36995,44.78288],[-75.30763,44.83681],[-75.21858,44.87757],[-75.13987,44.89668],[-74.97246,44.9834],[-74.90796,44.98336],[-74.83467,45.01468],[-74.7313,44.99042],[-74.68397,44.99969],[-74.33518,44.99191],[-74.14681,44.9915],[-73.8746,45.00122],[-73.34312,45.01084],[-73.34111,44.91463],[-73.37945,44.83801],[-73.33315,44.78876],[-73.36556,44.74179],[-73.38185,44.58932],[-73.30671,44.50033],[-73.29603,44.42834],[-73.33357,44.37229],[-73.31102,44.27424],[-73.39081,44.18907],[-73.43774,44.04501],[-73.41078,44.02694],[-73.40859,43.93293],[-73.37415,43.87416],[-73.39275,43.8222],[-73.35059,43.77194],[-73.42791,43.63443],[-73.42864,43.58399],[-73.39812,43.56807],[-73.37189,43.62449],[-73.30208,43.62436],[-73.29692,43.58732],[-73.24682,43.52578],[-73.25649,43.25925],[-73.27867,42.83341],[-73.29094,42.80192],[-73.26496,42.74594],[-73.50814,42.08626],[-73.48731,42.04964],[-73.52104,41.61977],[-73.55096,41.29542],[-73.48271,41.21276],[-73.72777,41.1007],[-73.65524,41.01185],[-73.659,40.98886],[-73.68647,40.9452],[-73.75678,40.9126],[-73.81521,40.83108],[-73.75787,40.76695],[-73.76554,40.81087],[-73.71405,40.86999],[-73.66048,40.83461],[-73.65437,40.8782],[-73.56617,40.9158],[-73.54188,40.87685],[-73.49482,40.89482],[-73.48536,40.9464],[-73.4365,40.91143],[-73.36239,40.90396],[-73.36596,40.9317],[-73.22838,40.90596],[-73.14708,40.92872],[-73.11843,40.97729],[-73.04093,40.9645],[-72.7741,40.96531],[-72.63556,40.98196],[-72.47731,41.05221],[-72.397,41.09631],[-72.35412,41.13995],[-72.247,41.16094],[-72.25474,41.13399],[-72.3088,41.13979],[-72.339,41.11024],[-72.28037,41.0804],[-72.27587,41.03657],[-72.19056,41.03258],[-72.1629,41.05319],[-72.09546,40.99135],[-71.95959,41.07124],[-71.90433,41.08599],[-71.87391,41.05228],[-72.11445,40.97209],[-72.47,40.84274],[-72.76815,40.76159],[-73.01254,40.67965],[-73.20844,40.63088],[-73.3064,40.62076],[-73.32626,40.6331],[-73.57179,40.57826],[-73.61087,40.5877],[-73.77493,40.59076],[-73.93799,40.54374],[-73.88244,40.56823],[-73.89868,40.58748],[-74.002,40.5706],[-74.04171,40.62638],[-73.99636,40.70338],[-74.02319,40.71989],[-74.01403,40.75755],[-73.92982,40.88868],[-73.90268,40.9973],[-74.34493,41.19205],[-74.69491,41.35742],[-74.74093,41.43116],[-74.79042,41.42166],[-74.88869,41.43826],[-74.91252,41.4756],[-74.98165,41.47995],[-75.01852,41.5518],[-75.07463,41.60791],[-75.04422,41.61798],[-75.05343,41.75254],[-75.10099,41.76912],[-75.07689,41.79851],[-75.1144,41.84358],[-75.17056,41.87161],[-75.25782,41.86215],[-75.29371,41.95459],[-75.35958,41.99945],[-75.74222,41.99786],[-76.34372,41.99835],[-76.92078,42.00177],[-77.12469,41.99939],[-77.83203,41.99852],[-78.87476,41.99756],[-79.76137,41.99907],[-79.76195,42.26986],[-79.56977,42.3512]]],[[[-76.36785,43.879],[-76.36735,43.87574],[-76.37397,43.87526],[-76.36785,43.879]]],[[[-76.39235,43.88786],[-76.39576,43.8829],[-76.39883,43.88479],[-76.39235,43.88786]]],[[[-76.22245,43.88931],[-76.22187,43.886],[-76.22638,43.88767],[-76.22245,43.88931]]],[[[-76.21448,43.8974],[-76.21093,43.8958],[-76.21885,43.89366],[-76.21448,43.8974]]],[[[-76.32708,43.88187],[-76.35627,43.87972],[-76.30749,43.90538],[-76.32708,43.88187]]],[[[-76.446,43.89026],[-76.40636,43.92071],[-76.39019,43.90777],[-76.446,43.89026]]],[[[-76.33547,44.03327],[-76.32963,44.0443],[-76.3213,44.03121],[-76.33547,44.03327]]],[[[-76.37574,44.0336],[-76.36794,44.0527],[-76.34183,44.05204],[-76.37574,44.0336]]],[[[-74.21224,40.55721],[-74.20058,40.63145],[-74.07904,40.64817],[-74.05312,40.60368],[-74.1354,40.53041],[-74.24669,40.4961],[-74.24781,40.5434],[-74.21224,40.55721]]],[[[-74.15724,40.64301],[-74.16125,40.64179],[-74.16093,40.64495],[-74.15724,40.64301]]],[[[-76.14299,43.94403],[-76.14503,43.94088],[-76.14744,43.94283],[-76.14299,43.94403]]],[[[-76.17347,44.02472],[-76.16943,44.02249],[-76.18725,44.01378],[-76.17347,44.02472]]],[[[-74.0195,40.69338],[-74.01343,40.68795],[-74.02464,40.68394],[-74.0195,40.69338]]],[[[-74.04325,40.68934],[-74.04573,40.68861],[-74.04583,40.69129],[-74.04325,40.68934]]],[[[-74.03762,40.69921],[-74.039,40.69762],[-74.0422,40.69997],[-74.03762,40.69921]]],[[[-73.78564,40.83802],[-73.79264,40.8548],[-73.78217,40.84672],[-73.78564,40.83802]]],[[[-73.77265,40.85946],[-73.76562,40.85566],[-73.77156,40.84716],[-73.77265,40.85946]]],[[[-73.77401,40.88264],[-73.77146,40.88745],[-73.76771,40.88104],[-73.77401,40.88264]]],[[[-72.07793,41.09987],[-72.14293,41.09781],[-72.12597,41.12118],[-72.07793,41.09987]]],[[[-72.212,41.17354],[-72.18914,41.18831],[-72.19732,41.16547],[-72.212,41.17354]]],[[[-71.96156,41.27683],[-72.03685,41.24979],[-72.02028,41.27519],[-71.96156,41.27683]]]]}},{"type":"Feature","id":"37","properties":{"state_fips":"37","state_abbr":"NC","state_name":"North Carolina"},"geometry":{"type":"MultiPolygon","coordinates":[[[[-84.29024,35.22557],[-84.22372,35.26908],[-84.19912,35.24368],[-84.09807,35.24721],[-84.02351,35.29578],[-84.03833,35.34781],[-84.00759,35.37166],[-84.02151,35.40418],[-83.96105,35.46414],[-83.91177,35.47603],[-83.88256,35.51718],[-83.82559,35.52383],[-83.77174,35.56212],[-83.62973,35.56789],[-83.49833,35.56298],[-83.4458,35.6118],[-83.36694,35.63873],[-83.33496,35.66547],[-83.29715,35.65775],[-83.24067,35.72676],[-83.18569,35.72989],[-83.15921,35.76489],[-83.07873,35.78947],[-82.99205,35.77395],[-82.91655,35.84137],[-82.89632,35.8803],[-82.91334,35.92411],[-82.85255,35.94909],[-82.82186,35.92184],[-82.78746,35.95216],[-82.776,36.0001],[-82.63226,36.06571],[-82.59076,36.03191],[-82.61089,35.96741],[-82.55787,35.9539],[-82.46066,36.00781],[-82.40946,36.08341],[-82.22205,36.15691],[-82.14795,36.14952],[-82.13065,36.10642],[-82.03314,36.12042],[-81.90814,36.30201],[-81.7936,36.36221],[-81.70744,36.33517],[-81.74065,36.41314],[-81.69531,36.46791],[-81.70757,36.5261],[-81.67754,36.58812],[-80.83764,36.55912],[-80.70483,36.56232],[-80.29524,36.54397],[-79.51065,36.54074],[-78.50996,36.54107],[-77.15269,36.54408],[-76.91605,36.54381],[-76.80708,36.55061],[-75.86765,36.55041],[-75.81874,36.35758],[-75.77251,36.22944],[-75.71831,36.11367],[-75.65854,36.02043],[-75.53633,35.79261],[-75.56306,35.79927],[-75.6154,35.92643],[-75.68229,35.99584],[-75.72757,36.00344],[-75.74587,36.14406],[-75.77237,36.21754],[-75.81088,36.24908],[-75.81314,36.29171],[-75.84772,36.37845],[-75.84332,36.41996],[-75.88833,36.44158],[-75.89991,36.48212],[-75.9891,36.49514],[-76.00263,36.53711],[-76.04256,36.51057],[-76.01234,36.44746],[-75.97197,36.43717],[-75.95628,36.40083],[-75.93242,36.42861],[-75.92351,36.3678],[-75.84026,36.1772],[-75.79943,36.11767],[-75.79817,36.0722],[-75.86674,36.12748],[-75.86287,36.15961],[-75.91673,36.23792],[-75.96891,36.26422],[-75.95995,36.19888],[-75.91338,36.16544],[-76.01699,36.18637],[-76.05396,36.23483],[-76.17283,36.30239],[-76.11719,36.21351],[-76.08011,36.19944],[-76.05927,36.14929],[-76.16663,36.12371],[-76.20687,36.13752],[-76.2491,36.18493],[-76.21369,36.09606],[-76.32326,36.13485],[-76.37357,36.13821],[-76.43806,36.19184],[-76.45802,36.18532],[-76.37174,36.11776],[-76.304,36.09453],[-76.4112,36.0807],[-76.46032,36.02414],[-76.51411,36.00652],[-76.58043,36.01055],[-76.60681,36.05418],[-76.67648,36.04361],[-76.68857,36.10701],[-76.72145,36.14784],[-76.71891,36.20098],[-76.67217,36.27198],[-76.69776,36.27166],[-76.74989,36.2114],[-76.75417,36.14752],[-76.73088,36.07474],[-76.68191,35.9896],[-76.71915,35.96509],[-76.66243,35.93207],[-76.55381,35.94016],[-76.39955,35.98209],[-76.37079,35.93438],[-76.2826,35.96753],[-76.17052,35.99452],[-76.06252,35.99075],[-76.02497,35.96978],[-76.01285,35.92187],[-76.0632,35.85343],[-76.03638,35.68844],[-76.01879,35.65368],[-75.9829,35.77256],[-75.98605,35.88899],[-75.92158,35.93592],[-75.94729,35.95984],[-75.87095,35.97856],[-75.7825,35.93342],[-75.73476,35.83733],[-75.73856,35.74942],[-75.71717,35.69365],[-75.78042,35.68411],[-75.73491,35.63017],[-75.82692,35.57103],[-75.88385,35.62362],[-75.88307,35.58258],[-75.98884,35.48491],[-76.03172,35.41314],[-76.08344,35.39098],[-76.07084,35.37064],[-76.14262,35.35494],[-76.15567,35.33156],[-76.22105,35.3404],[-76.24316,35.36657],[-76.26811,35.34001],[-76.32611,35.38633],[-76.35748,35.38362],[-76.34156,35.34234],[-76.41191,35.34641],[-76.41286,35.37568],[-76.36818,35.36114],[-76.39551,35.43167],[-76.46963,35.37373],[-76.54029,35.41066],[-76.54572,35.4609],[-76.58708,35.5089],[-76.49082,35.50445],[-76.45227,35.55322],[-76.53703,35.52913],[-76.5992,35.53985],[-76.63794,35.51296],[-76.59738,35.48193],[-76.60705,35.45548],[-76.57472,35.38866],[-76.64793,35.40338],[-76.66029,35.42295],[-76.75924,35.41891],[-76.80884,35.44057],[-76.97921,35.48335],[-77.04295,35.53676],[-77.03463,35.49284],[-76.98638,35.47252],[-76.96618,35.43399],[-76.92502,35.4488],[-76.84449,35.42372],[-76.82167,35.3999],[-76.71947,35.3751],[-76.65126,35.34001],[-76.61632,35.34272],[-76.48417,35.31364],[-76.47917,35.24728],[-76.49605,35.21699],[-76.55594,35.23389],[-76.52671,35.18476],[-76.57472,35.20088],[-76.63414,35.17426],[-76.54216,35.14531],[-76.56949,35.09846],[-76.71162,35.00448],[-76.82048,34.97099],[-76.95287,35.05722],[-76.99779,35.07668],[-77.03035,35.13307],[-77.0603,35.14084],[-76.93576,34.97313],[-76.84782,34.93631],[-76.76082,34.91585],[-76.63105,34.98871],[-76.57853,34.97625],[-76.51157,35.00508],[-76.49795,34.98501],[-76.46347,35.07641],[-76.43576,35.05794],[-76.42284,34.95073],[-76.38268,34.97819],[-76.32444,34.96047],[-76.36414,35.0366],[-76.24931,35.00067],[-76.2976,34.92366],[-76.41215,34.8322],[-76.44946,34.81483],[-76.47305,34.76938],[-76.51411,34.75432],[-76.51269,34.72033],[-76.57567,34.7217],[-76.61727,34.7879],[-76.61936,34.70419],[-76.73438,34.72116],[-76.89199,34.72545],[-77.0366,34.68235],[-77.11706,34.68696],[-77.23996,34.60338],[-77.30704,34.54514],[-77.49208,34.4563],[-77.5827,34.40068],[-77.68906,34.32033],[-77.77533,34.23332],[-77.82937,34.16325],[-77.87521,34.07473],[-77.95336,33.89565],[-77.96049,33.84315],[-78.01639,33.88857],[-78.12035,33.91031],[-78.24784,33.91478],[-78.38023,33.90334],[-78.54732,33.85648],[-79.24976,34.44977],[-79.35832,34.54536],[-79.6753,34.80474],[-79.87069,34.80538],[-80.79754,34.81979],[-80.78204,34.93578],[-80.93495,35.10741],[-81.04149,35.0447],[-81.05724,35.08613],[-81.04363,35.14988],[-81.24169,35.16008],[-82.17687,35.19379],[-82.27492,35.20007],[-82.3713,35.18145],[-82.39044,35.21539],[-82.43468,35.16828],[-82.46009,35.17814],[-82.64104,35.13232],[-82.7577,35.06802],[-82.78328,35.0856],[-83.10956,35.0012],[-83.62019,34.99209],[-83.61998,34.98659],[-84.32187,34.98841],[-84.29024,35.22557]]],[[[-77.22693,34.59672],[-77.2024,34.61284],[-77.1812,34.61785],[-77.22693,34.59672]]],[[[-77.1187,34.63854],[-77.17121,34.62223],[-77.12121,34.64796],[-77.1187,34.63854]]],[[[-76.57055,34.65829],[-76.65041,34.67994],[-76.58928,34.67197],[-76.57055,34.65829]]],[[[-76.73674,34.71098],[-76.7432,34.69771],[-77.00237,34.67197],[-76.73674,34.71098]]],[[[-76.58156,34.6991],[-76.58631,34.71395],[-76.55541,34.69675],[-76.58156,34.6991]]],[[[-76.54543,34.71238],[-76.5219,34.70965],[-76.544,34.70125],[-76.54543,34.71238]]],[[[-76.33734,34.83671],[-76.48812,34.67103],[-76.47396,34.71137],[-76.33734,34.83671]]],[[[-76.08514,35.0511],[-76.07411,35.03903],[-76.22698,34.92569],[-76.08514,35.0511]]],[[[-75.95824,35.11538],[-75.80541,35.17894],[-75.96513,35.09964],[-76.0091,35.06599],[-75.98842,35.11636],[-75.95824,35.11538]]],[[[-76.2624,35.31386],[-76.2824,35.31927],[-76.27418,35.33018],[-76.2624,35.31386]]],[[[-75.64133,35.22869],[-75.5976,35.25703],[-75.52392,35.26964],[-75.5137,35.35692],[-75.49516,35.38909],[-75.46871,35.57399],[-75.47139,35.62166],[-75.5122,35.71929],[-75.48589,35.69852],[-75.46189,35.59267],[-75.4858,35.40074],[-75.5313,35.22658],[-75.64918,35.22247],[-75.72043,35.19858],[-75.68103,35.23335],[-75.64133,35.22869]]],[[[-75.62767,35.88315],[-75.61436,35.81566],[-75.66009,35.83861],[-75.67283,35.88242],[-75.72378,35.92557],[-75.65954,35.91956],[-75.62767,35.88315]]]]}},{"type":"Feature","id":"38","properties":{"state_fips":"38","state_abbr":"ND","state_name":"North Dakota"},"geometry":{"type":"Polygon","coordinates":[[[-103.59666,48.99923],[-102.93896,48.99946],[-102.2113,48.99855],[-101.12543,48.99908],[-99.9137,48.99905],[-99.37607,48.99936],[-98.20621,49.00043],[-97.22872,49.00056],[-97.21978,48.92204],[-97.17959,48.87704],[-97.19031,48.81571],[-97.15876,48.81093],[-97.13687,48.72604],[-97.09248,48.68624],[-97.15846,48.5823],[-97.14244,48.53653],[-97.16162,48.47984],[-97.12682,48.42337],[-97.1621,48.39476],[-97.11647,48.32211],[-97.1445,48.24613],[-97.14424,48.16249],[-97.07564,48.05273],[-97.05105,47.94338],[-96.90724,47.68849],[-96.85711,47.61076],[-96.84581,47.51699],[-96.86841,47.47901],[-96.83061,47.33864],[-96.84392,47.29302],[-96.81895,47.1649],[-96.82322,46.97084],[-96.76176,46.93466],[-96.79672,46.77746],[-96.77977,46.7233],[-96.79973,46.66064],[-96.7452,46.57066],[-96.73268,46.48254],[-96.66603,46.37457],[-96.60105,46.33114],[-96.60549,46.29325],[-96.58041,46.15123],[-96.55451,46.08398],[-96.57794,46.02687],[-96.56367,45.93524],[-97.14499,45.93528],[-97.78457,45.93533],[-98.41452,45.9365],[-99.49025,45.94036],[-100.17083,45.94251],[-101.41989,45.94376],[-102.17699,45.94462],[-102.92048,45.94504],[-103.55871,45.94513],[-104.04544,45.94531],[-104.04533,47.34345],[-104.04166,47.86228],[-104.04821,48.59905],[-104.04874,48.99988],[-103.59666,48.99923]]]}},{"type":"Feature","id":"39","properties":{"state_fips":"39","state_abbr":"OH","state_name":"Ohio"},"geometry":{"type":"MultiPolygon","coordinates":[[[[-84.81418,39.81421],[-84.80392,40.31012],[-84.80217,40.8006],[-84.80597,41.69612],[-84.36055,41.70662],[-83.4554,41.73284],[-83.48021,41.68208],[-83.35173,41.68695],[-83.33587,41.70549],[-83.20819,41.63524],[-83.0751,41.60055],[-83.03859,41.56221],[-82.92638,41.51426],[-82.86858,41.5337],[-82.83382,41.58699],[-82.7855,41.54068],[-82.71158,41.53632],[-82.76517,41.50286],[-82.95936,41.48856],[-83.03888,41.46471],[-83.01063,41.42926],[-82.97662,41.45361],[-82.92527,41.41842],[-82.81266,41.46982],[-82.75467,41.44399],[-82.68693,41.4914],[-82.62585,41.42399],[-82.48121,41.38134],[-82.3635,41.427],[-82.25465,41.43431],[-82.18915,41.46989],[-82.0124,41.51551],[-81.86364,41.4827],[-81.74475,41.48715],[-81.59975,41.56065],[-81.44222,41.67314],[-81.28382,41.76205],[-81.22322,41.76827],[-81.12846,41.81109],[-81.00333,41.85283],[-80.90055,41.86855],[-80.51941,41.97716],[-80.51869,41.24886],[-80.51899,40.6388],[-80.57674,40.61422],[-80.62717,40.61994],[-80.66692,40.57366],[-80.59479,40.47137],[-80.61179,40.40387],[-80.59989,40.31767],[-80.6225,40.26177],[-80.66154,40.2298],[-80.7046,40.15482],[-80.7102,40.09957],[-80.7386,40.07567],[-80.74013,39.97079],[-80.76066,39.90891],[-80.80901,39.90323],[-80.79313,39.86375],[-80.82696,39.84166],[-80.82608,39.79858],[-80.86534,39.75325],[-80.83155,39.71947],[-80.86172,39.69363],[-80.88036,39.62071],[-80.93329,39.61481],[-81.0239,39.55231],[-81.13443,39.44508],[-81.18595,39.43073],[-81.22358,39.38606],[-81.27072,39.38591],[-81.34757,39.34577],[-81.39588,39.35555],[-81.40669,39.38809],[-81.45614,39.40927],[-81.55755,39.33877],[-81.57025,39.26767],[-81.67833,39.27376],[-81.69134,39.22795],[-81.75625,39.17728],[-81.75235,39.08988],[-81.80785,39.08398],[-81.81165,39.05958],[-81.76425,39.01528],[-81.77411,38.92297],[-81.81423,38.94617],[-81.88923,38.87428],[-81.92667,38.90131],[-81.90059,38.93767],[-81.93319,38.98766],[-81.99496,39.02248],[-82.03775,39.02387],[-82.08907,38.97598],[-82.14317,38.89808],[-82.14487,38.84048],[-82.21727,38.79568],[-82.18247,38.70878],[-82.17207,38.62598],[-82.18877,38.59498],[-82.29127,38.57898],[-82.324,38.44927],[-82.40488,38.43935],[-82.52958,38.40518],[-82.59348,38.42182],[-82.6138,38.47453],[-82.72485,38.5576],[-82.80011,38.56318],[-82.84719,38.59517],[-82.86989,38.72818],[-82.89419,38.75658],[-82.97939,38.72598],[-83.03301,38.72381],[-83.10275,38.67732],[-83.15378,38.61883],[-83.24566,38.62856],[-83.29419,38.59659],[-83.36666,38.65854],[-83.46806,38.67547],[-83.52095,38.70304],[-83.62692,38.67939],[-83.67144,38.62738],[-83.77216,38.65815],[-83.78362,38.69564],[-83.84059,38.72191],[-83.85903,38.75679],[-83.97881,38.7871],[-84.07149,38.77048],[-84.2129,38.80571],[-84.23445,38.89323],[-84.28816,38.95579],[-84.3047,39.00646],[-84.36044,39.04136],[-84.42984,39.05826],[-84.44524,39.11446],[-84.50974,39.09366],[-84.63245,39.07676],[-84.75445,39.14666],[-84.82016,39.10548],[-84.81418,39.81421]]],[[[-82.83085,41.59213],[-82.83413,41.59025],[-82.83477,41.59117],[-82.83085,41.59213]]],[[[-82.86283,41.64554],[-82.86808,41.64496],[-82.86359,41.64689],[-82.86283,41.64554]]],[[[-82.84772,41.67719],[-82.85619,41.68232],[-82.84447,41.67883],[-82.84772,41.67719]]],[[[-83.42128,41.70338],[-83.43842,41.69432],[-83.44337,41.70445],[-83.42128,41.70338]]],[[[-83.44687,41.70699],[-83.46079,41.70126],[-83.46118,41.7057],[-83.44687,41.70699]]],[[[-83.10557,41.74251],[-83.10334,41.73837],[-83.11063,41.73789],[-83.10557,41.74251]]],[[[-82.74167,41.49666],[-82.72734,41.50211],[-82.74055,41.48945],[-82.74167,41.49666]]],[[[-82.6858,41.58764],[-82.73447,41.60351],[-82.68142,41.61178],[-82.6858,41.58764]]],[[[-82.84152,41.62904],[-82.83409,41.65712],[-82.81216,41.6548],[-82.84152,41.62904]]],[[[-82.82023,41.65931],[-82.81953,41.65791],[-82.82319,41.65815],[-82.82023,41.65931]]],[[[-82.787,41.67868],[-82.78414,41.67895],[-82.7867,41.67719],[-82.787,41.67868]]],[[[-82.82621,41.6846],[-82.81175,41.692],[-82.81366,41.67135],[-82.82621,41.6846]]],[[[-82.82611,41.69349],[-82.82278,41.69186],[-82.82972,41.69088],[-82.82611,41.69349]]],[[[-82.79761,41.69543],[-82.7804,41.69678],[-82.78659,41.6938],[-82.79761,41.69543]]],[[[-82.80932,41.70884],[-82.83271,41.71565],[-82.81349,41.72347],[-82.80932,41.70884]]]]}},{"type":"Feature","id":"40","properties":{"state_fips":"40","state_abbr":"OK","state_name":"Oklahoma"},"geometry":{"type":"Polygon","coordinates":[[[-103.0022,37.0001],[-102.69814,36.99515],[-102.04209,36.99302],[-101.48533,36.99561],[-100.73452,36.99906],[-100.11572,37.00221],[-99.64865,36.9996],[-99.27751,36.99958],[-98.35407,36.99796],[-97.46228,36.99869],[-96.50029,36.99864],[-96.00081,36.99886],[-95.40768,36.99924],[-94.61796,36.99891],[-94.61792,36.49941],[-94.5862,36.29997],[-94.43066,35.39248],[-94.44925,34.89587],[-94.48587,33.63787],[-94.56408,33.62626],[-94.61762,33.68124],[-94.72074,33.68906],[-94.73518,33.72662],[-94.86069,33.74194],[-94.95352,33.81647],[-94.96889,33.86092],[-95.04657,33.86256],[-95.0601,33.90187],[-95.21414,33.96214],[-95.25017,33.9385],[-95.25269,33.89423],[-95.36252,33.86658],[-95.5452,33.88029],[-95.55448,33.92807],[-95.59666,33.94206],[-95.62683,33.90787],[-95.71054,33.885],[-95.75637,33.89262],[-95.77056,33.84527],[-95.80084,33.86121],[-95.84524,33.83907],[-95.92579,33.885],[-95.94127,33.86162],[-96.04883,33.83647],[-96.14807,33.8378],[-96.16945,33.77013],[-96.22902,33.74802],[-96.29653,33.76579],[-96.3211,33.6951],[-96.35595,33.68716],[-96.42264,33.77604],[-96.50027,33.77258],[-96.52665,33.82089],[-96.57294,33.8191],[-96.62897,33.85241],[-96.58536,33.88895],[-96.67345,33.91228],[-96.69071,33.84996],[-96.76159,33.82441],[-96.79428,33.86889],[-96.85059,33.84721],[-96.88301,33.86802],[-96.92211,33.95958],[-96.99537,33.9473],[-96.98383,33.89095],[-97.02144,33.84638],[-97.06807,33.86047],[-97.04815,33.81746],[-97.09477,33.79853],[-97.09715,33.72781],[-97.14939,33.72197],[-97.19282,33.76117],[-97.2057,33.80291],[-97.16682,33.8404],[-97.17961,33.89225],[-97.21092,33.91606],[-97.27561,33.85817],[-97.31014,33.88853],[-97.37294,33.81945],[-97.46286,33.84177],[-97.46038,33.90395],[-97.50096,33.91964],[-97.55154,33.89795],[-97.59698,33.92023],[-97.58883,33.95188],[-97.67177,33.99137],[-97.73227,33.93669],[-97.76277,33.9344],[-97.83433,33.85767],[-97.86577,33.84939],[-97.98454,33.9007],[-97.94595,33.9884],[-98.08284,34.00241],[-98.08384,34.04172],[-98.12021,34.07213],[-98.09066,34.12198],[-98.12338,34.15454],[-98.16912,34.11417],[-98.23104,34.13402],[-98.30021,34.13458],[-98.36402,34.15711],[-98.41159,34.08806],[-98.48633,34.0626],[-98.59979,34.16057],[-98.64807,34.16444],[-98.69059,34.13297],[-98.76557,34.13638],[-98.9207,34.18343],[-98.98136,34.21758],[-99.04347,34.19821],[-99.18951,34.21431],[-99.21008,34.33771],[-99.29465,34.41537],[-99.31961,34.40887],[-99.38101,34.45694],[-99.39684,34.37942],[-99.43346,34.37022],[-99.49987,34.40961],[-99.58006,34.41665],[-99.60003,34.37469],[-99.69497,34.37833],[-99.75425,34.42129],[-99.88715,34.54905],[-99.94572,34.57927],[-100.00038,34.56051],[-100.00041,36.4997],[-100.52223,36.49929],[-101.08516,36.49924],[-101.82656,36.49965],[-102.53528,36.50038],[-103.00243,36.5004],[-103.0022,37.0001]]]}},{"type":"Feature","id":"41","properties":{"state_fips":"41","state_abbr":"OR","state_name":"Oregon"},"geometry":{"type":"MultiPolygon","coordinates":[[[[-124.32376,42.06444],[-124.32177,42.06731],[-124.32109,42.06503],[-124.32376,42.06444]]],[[[-124.42724,42.31446],[-124.42493,42.31478],[-124.42504,42.31283],[-124.42724,42.31446]]],[[[-124.29965,42.05174],[-124.35403,42.10354],[-124.36101,42.18075],[-124.41415,42.25216],[-124.43589,42.43718],[-124.38998,42.57476],[-124.41312,42.65793],[-124.45074,42.6758],[-124.47386,42.73267],[-124.51366,42.73295],[-124.52444,42.78979],[-124.5593,42.8343],[-124.48094,42.9515],[-124.44687,43.03181],[-124.38246,43.27017],[-124.40281,43.30587],[-124.35333,43.34267],[-124.2869,43.4363],[-124.23202,43.56239],[-124.16856,43.80896],[-124.12397,44.10583],[-124.10895,44.26548],[-124.0837,44.4304],[-124.0836,44.50112],[-124.05828,44.65887],[-124.07547,44.7714],[-124.0323,44.90081],[-124.0055,45.04293],[-123.97542,45.14548],[-123.96261,45.28107],[-123.9734,45.35479],[-123.96056,45.43078],[-123.97865,45.48685],[-123.94944,45.54539],[-123.94312,45.72703],[-123.98303,45.76804],[-123.96154,45.8371],[-123.96763,45.90781],[-123.9937,45.94643],[-123.93747,45.97731],[-123.93337,46.07167],[-124.01034,46.22351],[-123.8548,46.15734],[-123.86664,46.18767],[-123.75759,46.213],[-123.71815,46.18899],[-123.66675,46.21823],[-123.61951,46.21531],[-123.54766,46.25911],[-123.47964,46.26913],[-123.42763,46.22935],[-123.43099,46.18157],[-123.37143,46.14637],[-123.28017,46.14484],[-123.16641,46.18897],[-123.1159,46.18527],[-122.90412,46.08373],[-122.87809,46.03128],[-122.814,45.96098],[-122.78503,45.8677],[-122.7956,45.81],[-122.76953,45.78058],[-122.76381,45.65714],[-122.67501,45.61804],[-122.47466,45.57831],[-122.3803,45.57594],[-122.3315,45.54824],[-122.24899,45.54774],[-122.1837,45.5777],[-122.10167,45.58352],[-121.90827,45.6544],[-121.86717,45.69328],[-121.8113,45.70676],[-121.7351,45.69404],[-121.53311,45.72654],[-121.40174,45.69289],[-121.33777,45.70495],[-121.21578,45.67124],[-121.18384,45.60644],[-121.13195,45.60976],[-121.08493,45.64789],[-120.94398,45.65644],[-120.89557,45.64295],[-120.85567,45.67155],[-120.68937,45.71585],[-120.63497,45.74585],[-120.55946,45.73835],[-120.50586,45.70005],[-120.40396,45.69925],[-120.21075,45.72595],[-120.17045,45.76195],[-120.07015,45.78515],[-119.96574,45.82437],[-119.80265,45.84753],[-119.66988,45.85687],[-119.62339,45.90564],[-119.57158,45.92546],[-119.52463,45.90861],[-119.3644,45.92161],[-119.25715,45.93993],[-119.12612,45.93286],[-118.98713,45.99986],[-117.47515,45.99789],[-116.91599,45.99541],[-116.86654,45.91696],[-116.79605,45.85847],[-116.78268,45.82538],[-116.69808,45.82085],[-116.66534,45.782],[-116.593,45.77854],[-116.54664,45.75097],[-116.5354,45.69173],[-116.4635,45.61579],[-116.48297,45.57701],[-116.55659,45.50623],[-116.55483,45.46293],[-116.5882,45.44292],[-116.67379,45.32151],[-116.73122,45.13993],[-116.79733,45.06027],[-116.84794,45.0226],[-116.83218,44.93137],[-116.89581,44.85575],[-116.9347,44.78388],[-117.04422,44.74514],[-117.09587,44.66474],[-117.14416,44.54565],[-117.22593,44.47939],[-117.21507,44.42716],[-117.24267,44.39655],[-117.18977,44.33659],[-117.22265,44.29758],[-117.17034,44.25889],[-117.10421,44.27994],[-117.04706,44.22974],[-116.9759,44.24284],[-116.97167,44.19726],[-116.89408,44.16019],[-116.94313,44.09406],[-116.97735,44.08536],[-116.93449,44.02125],[-116.97958,43.91525],[-116.98415,43.86679],[-117.02003,43.85896],[-117.02663,43.80811],[-117.02668,43.02488],[-117.0262,41.99989],[-117.62597,41.9981],[-118.501,41.99545],[-118.69641,41.99179],[-119.20828,41.99318],[-119.87605,41.9972],[-119.99923,41.99494],[-120.32639,41.99259],[-121.02211,41.99331],[-121.34491,41.99621],[-122.37851,42.00949],[-122.71306,42.00421],[-123.044,42.00308],[-123.14573,42.00876],[-123.34695,41.99928],[-123.99925,41.99614],[-124.21161,41.99846],[-124.29965,42.05174]]],[[[-124.47709,42.66717],[-124.47592,42.66845],[-124.47479,42.66638],[-124.47709,42.66717]]],[[[-123.66301,46.24258],[-123.64897,46.24846],[-123.64295,46.2463],[-123.66301,46.24258]]],[[[-124.02833,46.27397],[-124.02402,46.29083],[-124.00884,46.26723],[-124.02833,46.27397]]]]}},{"type":"Feature","id":"42","properties":{"state_fips":"42","state_abbr":"PA","state_name":"Pennsylvania"},"geometry":{"type":"Polygon","coordinates":[[[-80.51869,41.24886],[-80.51941,41.97716],[-80.33056,42.0356],[-80.15408,42.11476],[-80.11753,42.16487],[-80.06108,42.14486],[-79.87322,42.23198],[-79.76195,42.26986],[-79.76137,41.99907],[-78.87476,41.99756],[-77.83203,41.99852],[-77.12469,41.99939],[-76.92078,42.00177],[-76.34372,41.99835],[-75.74222,41.99786],[-75.35958,41.99945],[-75.29371,41.95459],[-75.25782,41.86215],[-75.17056,41.87161],[-75.1144,41.84358],[-75.07689,41.79851],[-75.10099,41.76912],[-75.05343,41.75254],[-75.04422,41.61798],[-75.07463,41.60791],[-75.01852,41.5518],[-74.98165,41.47995],[-74.91252,41.4756],[-74.88869,41.43826],[-74.79042,41.42166],[-74.74093,41.43116],[-74.69491,41.35742],[-74.75324,41.34612],[-74.83837,41.27729],[-74.88214,41.18084],[-74.98221,41.10824],[-74.97099,41.08529],[-75.0271,41.03953],[-75.13057,40.99109],[-75.13378,40.97097],[-75.05366,40.87366],[-75.1344,40.77376],[-75.17159,40.77775],[-75.20392,40.6915],[-75.19405,40.57626],[-75.10032,40.56781],[-75.06861,40.54222],[-75.05885,40.41807],[-74.964,40.39525],[-74.94378,40.34256],[-74.86821,40.29521],[-74.84231,40.25051],[-74.77172,40.21529],[-74.72436,40.14644],[-74.81612,40.12774],[-74.85981,40.08491],[-74.93258,40.06881],[-75.13012,39.95871],[-75.1373,39.88997],[-75.27214,39.84909],[-75.33043,39.84901],[-75.41506,39.80192],[-75.42342,39.80662],[-75.49884,39.83331],[-75.61725,39.834],[-75.70121,39.80261],[-75.7886,39.7222],[-76.41878,39.7212],[-76.9909,39.7198],[-77.46914,39.72002],[-78.5377,39.72249],[-79.47666,39.72108],[-79.8529,39.72071],[-80.51934,39.7214],[-80.51899,40.6388],[-80.51869,41.24886]]]}},{"type":"Feature","id":"44","properties":{"state_fips":"44","state_abbr":"RI","state_name":"Rhode Island"},"geometry":{"type":"MultiPolygon","coordinates":[[[[-71.54705,41.15368],[-71.59999,41.14693],[-71.57692,41.21102],[-71.54705,41.15368]]],[[[-71.3814,42.0188],[-71.3817,41.8932],[-71.3387,41.8984],[-71.3472,41.8231],[-71.3279,41.7805],[-71.26139,41.7523],[-71.2248,41.7105],[-71.25956,41.6426],[-71.30713,41.72165],[-71.33946,41.72484],[-71.39174,41.78105],[-71.36572,41.71162],[-71.40862,41.66317],[-71.40377,41.58932],[-71.44409,41.56804],[-71.41494,41.5163],[-71.4184,41.47265],[-71.4842,41.37184],[-71.61651,41.36299],[-71.71604,41.33109],[-71.85743,41.30632],[-71.86051,41.32025],[-71.82938,41.34241],[-71.84347,41.40583],[-71.79768,41.41671],[-71.78699,41.65599],[-71.79924,42.00807],[-71.3814,42.0188]]],[[[-71.4051,41.49821],[-71.40141,41.50627],[-71.39628,41.50369],[-71.4051,41.49821]]],[[[-71.35987,41.55631],[-71.36654,41.49479],[-71.39957,41.4486],[-71.38448,41.55674],[-71.35987,41.55631]]],[[[-71.34591,41.52958],[-71.34498,41.53792],[-71.34257,41.52902],[-71.34591,41.52958]]],[[[-71.37336,41.59744],[-71.36732,41.60595],[-71.36479,41.60143],[-71.37336,41.59744]]],[[[-71.36254,41.65114],[-71.36704,41.6607],[-71.3534,41.65787],[-71.36254,41.65114]]],[[[-71.32635,41.45471],[-71.3243,41.45392],[-71.32565,41.45211],[-71.32635,41.45471]]],[[[-71.32782,41.48299],[-71.32883,41.49233],[-71.32537,41.4876],[-71.32782,41.48299]]],[[[-71.34313,41.49493],[-71.34127,41.50049],[-71.33867,41.49493],[-71.34313,41.49493]]],[[[-71.19398,41.4564],[-71.216,41.54718],[-71.2054,41.59433],[-71.24071,41.61923],[-71.24799,41.49029],[-71.29739,41.48479],[-71.32803,41.51885],[-71.27523,41.61944],[-71.19564,41.67509],[-71.13289,41.6601],[-71.12057,41.49745],[-71.19398,41.4564]]],[[[-71.30081,41.58061],[-71.30151,41.58566],[-71.29716,41.57977],[-71.30081,41.58061]]],[[[-71.3261,41.57858],[-71.32556,41.62414],[-71.30264,41.60553],[-71.3261,41.57858]]],[[[-71.28379,41.6378],[-71.27817,41.64731],[-71.27213,41.63706],[-71.28379,41.6378]]]]}},{"type":"Feature","id":"45","properties":{"state_fips":"45","state_abbr":"SC","state_name":"South Carolina"},"geometry":{"type":"MultiPolygon","coordinates":[[[[-82.78328,35.0856],[-82.7577,35.06802],[-82.64104,35.13232],[-82.46009,35.17814],[-82.43468,35.16828],[-82.39044,35.21539],[-82.3713,35.18145],[-82.27492,35.20007],[-82.17687,35.19379],[-81.24169,35.16008],[-81.04363,35.14988],[-81.05724,35.08613],[-81.04149,35.0447],[-80.93495,35.10741],[-80.78204,34.93578],[-80.79754,34.81979],[-79.87069,34.80538],[-79.6753,34.80474],[-79.35832,34.54536],[-79.24976,34.44977],[-78.54732,33.85648],[-78.71412,33.80014],[-78.81293,33.74347],[-78.93808,33.63983],[-79.02863,33.53341],[-79.08459,33.48367],[-79.1475,33.37824],[-79.19449,33.16979],[-79.24642,33.12601],[-79.33021,33.08659],[-79.36229,33.00909],[-79.48327,33.00979],[-79.50692,33.03281],[-79.57111,33.01381],[-79.61761,32.95273],[-79.58106,32.90642],[-79.69811,32.85133],[-79.72639,32.806],[-79.8488,32.75363],[-79.886,32.78791],[-79.92855,32.75423],[-79.87911,32.75083],[-79.88708,32.68305],[-79.97002,32.64052],[-80.0008,32.60589],[-80.12137,32.59052],[-80.16375,32.56183],[-80.23678,32.54232],[-80.33244,32.4781],[-80.36041,32.49981],[-80.41349,32.47067],[-80.44407,32.50492],[-80.48462,32.46098],[-80.42929,32.38967],[-80.4533,32.32191],[-80.62369,32.25806],[-80.64479,32.2915],[-80.72222,32.3247],[-80.76604,32.29261],[-80.66788,32.22068],[-80.74679,32.14182],[-80.82153,32.10859],[-80.84242,32.11784],[-80.90766,32.03815],[-81.0043,32.10237],[-81.03812,32.08373],[-81.11537,32.11471],[-81.11823,32.1892],[-81.15659,32.24391],[-81.11987,32.2862],[-81.12943,32.34155],[-81.17382,32.36271],[-81.20551,32.42361],[-81.19161,32.45519],[-81.23342,32.51796],[-81.381,32.58965],[-81.41812,32.62835],[-81.39459,32.64957],[-81.4275,32.70224],[-81.40587,32.74914],[-81.43194,32.76891],[-81.42062,32.83122],[-81.45403,32.8442],[-81.50272,32.93869],[-81.4919,33.00669],[-81.56611,33.04879],[-81.61499,33.09555],[-81.70463,33.11645],[-81.76314,33.15945],[-81.76793,33.21635],[-81.80794,33.21375],[-81.85294,33.24874],[-81.8335,33.27607],[-81.86925,33.31377],[-81.93974,33.34494],[-81.94315,33.40903],[-81.91313,33.43833],[-81.98594,33.48654],[-82.04633,33.56383],[-82.13352,33.59054],[-82.19658,33.63058],[-82.24747,33.75259],[-82.29928,33.79894],[-82.40835,33.86632],[-82.42916,33.86584],[-82.51295,33.93697],[-82.55684,33.94535],[-82.59601,34.03093],[-82.64566,34.07605],[-82.67522,34.12978],[-82.71746,34.15055],[-82.74666,34.26641],[-82.7947,34.34058],[-82.83481,34.3663],[-82.86535,34.46032],[-82.90155,34.48676],[-83.03336,34.48309],[-83.17028,34.5924],[-83.23134,34.61119],[-83.30464,34.66956],[-83.3389,34.68004],[-83.34907,34.73663],[-83.32415,34.78748],[-83.26832,34.82113],[-83.24313,34.87739],[-83.20625,34.87968],[-83.12756,34.94948],[-83.10956,35.0012],[-82.78328,35.0856]]],[[[-80.18449,32.55358],[-80.17796,32.54968],[-80.18205,32.54722],[-80.18449,32.55358]]],[[[-79.54873,32.99298],[-79.54522,32.99072],[-79.55218,32.98879],[-79.54873,32.99298]]],[[[-79.50311,33.01756],[-79.50807,33.01959],[-79.50237,33.02058],[-79.50311,33.01756]]]]}},{"type":"Feature","id":"46","properties":{"state_fips":"46","state_abbr":"SD","state_name":"South Dakota"},"geometry":{"type":"Polygon","coordinates":[[[-104.05546,43.84588],[-104.05591,44.87499],[-104.05788,44.99761],[-104.03969,44.99807],[-104.04011,45.37421],[-104.04544,45.94531],[-103.55871,45.94513],[-102.92048,45.94504],[-102.17699,45.94462],[-101.41989,45.94376],[-100.17083,45.94251],[-99.49025,45.94036],[-98.41452,45.9365],[-97.78457,45.93533],[-97.14499,45.93528],[-96.56367,45.93524],[-96.57974,45.82582],[-96.65223,45.74681],[-96.84075,45.64529],[-96.85775,45.60596],[-96.76528,45.52141],[-96.7314,45.45702],[-96.68045,45.4105],[-96.61773,45.40809],[-96.48906,45.35707],[-96.45307,45.29812],[-96.45123,44.71838],[-96.45326,43.50039],[-96.59893,43.50046],[-96.59425,43.43415],[-96.52404,43.39476],[-96.53039,43.30003],[-96.58116,43.29509],[-96.56044,43.22422],[-96.4767,43.22201],[-96.46654,43.15028],[-96.43659,43.12084],[-96.46085,43.06403],[-96.51026,43.04992],[-96.50031,42.95939],[-96.5411,42.9245],[-96.52774,42.89059],[-96.5656,42.83043],[-96.63514,42.76323],[-96.63062,42.70588],[-96.53788,42.65543],[-96.47695,42.55608],[-96.49009,42.51244],[-96.44551,42.49063],[-96.50132,42.48275],[-96.55777,42.52038],[-96.60347,42.50446],[-96.71131,42.61738],[-96.68908,42.64408],[-96.72802,42.66688],[-96.80218,42.67224],[-96.80622,42.70415],[-96.9068,42.7338],[-96.96353,42.72064],[-96.9822,42.76055],[-97.13133,42.77193],[-97.21013,42.8093],[-97.21882,42.84585],[-97.30668,42.8676],[-97.41707,42.86592],[-97.44228,42.84622],[-97.60376,42.85833],[-97.68651,42.84243],[-97.8285,42.8688],[-97.87534,42.85872],[-97.88856,42.81725],[-97.95015,42.76962],[-98.03503,42.76421],[-98.12904,42.82123],[-98.25828,42.87439],[-98.46736,42.94756],[-98.49855,42.99856],[-98.89994,42.99812],[-99.69923,42.99788],[-100.63173,42.99809],[-101.71357,42.99662],[-101.84998,42.99933],[-102.80938,43.00002],[-103.61833,43.00068],[-104.05303,43.00059],[-104.05546,43.84588]]]}},{"type":"Feature","id":"47","properties":{"state_fips":"47","state_abbr":"TN","state_name":"Tennessee"},"geometry":{"type":"Polygon","coordinates":[[[-89.15683,34.99393],[-89.84849,34.99419],[-90.30836,34.99569],[-90.29697,35.03818],[-90.20731,35.02577],[-90.18116,35.05394],[-90.17684,35.11209],[-90.1418,35.13304],[-90.08262,35.12133],[-90.06867,35.156],[-90.10143,35.17109],[-90.07616,35.22148],[-90.09434,35.24879],[-90.15209,35.25599],[-90.15732,35.30149],[-90.10997,35.30499],[-90.08067,35.38566],[-90.11509,35.41141],[-90.13551,35.37667],[-90.17927,35.38519],[-90.16888,35.42188],[-90.10772,35.47694],[-90.0678,35.46622],[-90.04809,35.41174],[-90.00267,35.43053],[-90.05015,35.51564],[-90.03985,35.54706],[-89.98936,35.56004],[-89.95875,35.52384],[-89.90893,35.51424],[-89.91288,35.54909],[-89.95787,35.58489],[-89.85662,35.63444],[-89.85857,35.66893],[-89.90615,35.65114],[-89.95672,35.69428],[-89.95834,35.72656],[-89.9062,35.75894],[-89.83896,35.74214],[-89.79956,35.78833],[-89.72817,35.8027],[-89.69741,35.83668],[-89.76852,35.86053],[-89.74313,35.91118],[-89.67638,35.8767],[-89.64562,35.88583],[-89.65027,35.92766],[-89.71401,35.95981],[-89.73306,36.00081],[-89.70693,36.00098],[-89.68003,36.08249],[-89.594,36.12719],[-89.607,36.17118],[-89.70525,36.23657],[-89.69523,36.25277],[-89.58733,36.23948],[-89.53553,36.27054],[-89.61182,36.30909],[-89.61069,36.34044],[-89.53182,36.33925],[-89.50972,36.37363],[-89.54506,36.43491],[-89.51972,36.467],[-89.53923,36.49793],[-89.48543,36.49749],[-89.46415,36.45719],[-89.41728,36.49901],[-89.30028,36.50715],[-89.11754,36.5036],[-88.0532,36.49713],[-88.03249,36.54066],[-88.07053,36.67812],[-87.84957,36.6637],[-87.8532,36.63325],[-87.41431,36.64105],[-87.11498,36.64241],[-86.58991,36.65249],[-86.56414,36.63347],[-86.50777,36.65245],[-86.33305,36.64878],[-86.03277,36.63037],[-85.83217,36.62205],[-85.48835,36.61499],[-85.19537,36.6255],[-85.02463,36.61935],[-84.84309,36.60513],[-84.54314,36.59628],[-83.69071,36.58258],[-83.67539,36.60078],[-83.2763,36.59819],[-83.2611,36.59389],[-82.67988,36.5937],[-81.93414,36.59421],[-81.92264,36.61621],[-81.6469,36.61192],[-81.67754,36.58812],[-81.70757,36.5261],[-81.69531,36.46791],[-81.74065,36.41314],[-81.70744,36.33517],[-81.7936,36.36221],[-81.90814,36.30201],[-82.03314,36.12042],[-82.13065,36.10642],[-82.14795,36.14952],[-82.22205,36.15691],[-82.40946,36.08341],[-82.46066,36.00781],[-82.55787,35.9539],[-82.61089,35.96741],[-82.59076,36.03191],[-82.63226,36.06571],[-82.776,36.0001],[-82.78746,35.95216],[-82.82186,35.92184],[-82.85255,35.94909],[-82.91334,35.92411],[-82.89632,35.8803],[-82.91655,35.84137],[-82.99205,35.77395],[-83.07873,35.78947],[-83.15921,35.76489],[-83.18569,35.72989],[-83.24067,35.72676],[-83.29715,35.65775],[-83.33496,35.66547],[-83.36694,35.63873],[-83.4458,35.6118],[-83.49833,35.56298],[-83.62973,35.56789],[-83.77174,35.56212],[-83.82559,35.52383],[-83.88256,35.51718],[-83.91177,35.47603],[-83.96105,35.46414],[-84.02151,35.40418],[-84.00759,35.37166],[-84.03833,35.34781],[-84.02351,35.29578],[-84.09807,35.24721],[-84.19912,35.24368],[-84.22372,35.26908],[-84.29024,35.22557],[-84.32187,34.98841],[-84.93931,34.98792],[-85.38497,34.98299],[-85.60516,34.98468],[-85.82441,34.98814],[-86.86215,34.99196],[-87.42861,35.0028],[-88.20296,35.00803],[-88.20006,34.99563],[-89.15683,34.99393]]]}},{"type":"Feature","id":"48","properties":{"state_fips":"48","state_abbr":"TX","state_name":"Texas"},"geometry":{"type":"MultiPolygon","coordinates":[[[[-106.60527,31.82791],[-106.64548,31.89867],[-106.61185,31.92],[-106.61849,32.00049],[-105.47326,32.00072],[-104.83289,32.00001],[-104.02452,32.00001],[-103.06442,32.00052],[-103.06462,32.9999],[-103.04362,34.00363],[-103.04398,34.31276],[-103.04082,36.05523],[-103.04192,36.50044],[-103.00243,36.5004],[-102.53528,36.50038],[-101.82656,36.49965],[-101.08516,36.49924],[-100.52223,36.49929],[-100.00041,36.4997],[-100.00038,34.56051],[-99.94572,34.57927],[-99.88715,34.54905],[-99.75425,34.42129],[-99.69497,34.37833],[-99.60003,34.37469],[-99.58006,34.41665],[-99.49987,34.40961],[-99.43346,34.37022],[-99.39684,34.37942],[-99.38101,34.45694],[-99.31961,34.40887],[-99.29465,34.41537],[-99.21008,34.33771],[-99.18951,34.21431],[-99.04347,34.19821],[-98.98136,34.21758],[-98.9207,34.18343],[-98.76557,34.13638],[-98.69059,34.13297],[-98.64807,34.16444],[-98.59979,34.16057],[-98.48633,34.0626],[-98.41159,34.08806],[-98.36402,34.15711],[-98.30021,34.13458],[-98.23104,34.13402],[-98.16912,34.11417],[-98.12338,34.15454],[-98.09066,34.12198],[-98.12021,34.07213],[-98.08384,34.04172],[-98.08284,34.00241],[-97.94595,33.9884],[-97.98454,33.9007],[-97.86577,33.84939],[-97.83433,33.85767],[-97.76277,33.9344],[-97.73227,33.93669],[-97.67177,33.99137],[-97.58883,33.95188],[-97.59698,33.92023],[-97.55154,33.89795],[-97.50096,33.91964],[-97.46038,33.90395],[-97.46286,33.84177],[-97.37294,33.81945],[-97.31014,33.88853],[-97.27561,33.85817],[-97.21092,33.91606],[-97.17961,33.89225],[-97.16682,33.8404],[-97.2057,33.80291],[-97.19282,33.76117],[-97.14939,33.72197],[-97.09715,33.72781],[-97.09477,33.79853],[-97.04815,33.81746],[-97.06807,33.86047],[-97.02144,33.84638],[-96.98383,33.89095],[-96.99537,33.9473],[-96.92211,33.95958],[-96.88301,33.86802],[-96.85059,33.84721],[-96.79428,33.86889],[-96.76159,33.82441],[-96.69071,33.84996],[-96.67345,33.91228],[-96.58536,33.88895],[-96.62897,33.85241],[-96.57294,33.8191],[-96.52665,33.82089],[-96.50027,33.77258],[-96.42264,33.77604],[-96.35595,33.68716],[-96.3211,33.6951],[-96.29653,33.76579],[-96.22902,33.74802],[-96.16945,33.77013],[-96.14807,33.8378],[-96.04883,33.83647],[-95.94127,33.86162],[-95.92579,33.885],[-95.84524,33.83907],[-95.80084,33.86121],[-95.77056,33.84527],[-95.75637,33.89262],[-95.71054,33.885],[-95.62683,33.90787],[-95.59666,33.94206],[-95.55448,33.92807],[-95.5452,33.88029],[-95.36252,33.86658],[-95.25269,33.89423],[-95.25017,33.9385],[-95.21414,33.96214],[-95.0601,33.90187],[-95.04657,33.86256],[-94.96889,33.86092],[-94.95352,33.81647],[-94.86069,33.74194],[-94.73518,33.72662],[-94.72074,33.68906],[-94.61762,33.68124],[-94.56408,33.62626],[-94.48587,33.63787],[-94.44687,33.64018],[-94.47217,33.6042],[-94.35594,33.54318],[-94.20808,33.56691],[-94.18391,33.59468],[-94.14852,33.56568],[-94.08264,33.57549],[-94.04345,33.55225],[-94.04296,33.01922],[-94.04272,31.99926],[-94.01726,31.98934],[-93.97394,31.92167],[-93.9292,31.91176],[-93.87476,31.82166],[-93.82344,31.7751],[-93.8361,31.74852],[-93.79455,31.70208],[-93.82646,31.66692],[-93.81684,31.62251],[-93.83938,31.59908],[-93.78769,31.52734],[-93.71344,31.51484],[-93.74948,31.46869],[-93.69269,31.44056],[-93.6706,31.38882],[-93.68785,31.30984],[-93.61459,31.26145],[-93.5885,31.16558],[-93.5351,31.18561],[-93.5522,31.07893],[-93.50829,31.03235],[-93.57821,31.0],[-93.53176,30.95822],[-93.53094,30.92453],[-93.57408,30.88453],[-93.55406,30.82494],[-93.58223,30.80312],[-93.6299,30.67994],[-93.6831,30.64076],[-93.67866,30.5941],[-93.72784,30.57407],[-93.73378,30.5314],[-93.70681,30.50707],[-93.70237,30.43092],[-93.75677,30.39116],[-93.74394,30.30403],[-93.70458,30.28995],[-93.71905,30.20873],[-93.69629,30.1516],[-93.73408,30.08613],[-93.71377,30.06569],[-93.78693,29.99058],[-93.85514,29.8641],[-93.92274,29.81881],[-93.83797,29.69062],[-93.83772,29.67902],[-94.00141,29.68149],[-94.09576,29.66052],[-94.49007,29.51119],[-94.63161,29.4518],[-94.70847,29.40305],[-94.73341,29.36799],[-94.77869,29.36148],[-94.77434,29.39923],[-94.70351,29.43649],[-94.66539,29.4774],[-94.60656,29.48279],[-94.56196,29.53086],[-94.50231,29.51036],[-94.4745,29.55865],[-94.52153,29.54082],[-94.54511,29.57189],[-94.76257,29.52416],[-94.70125,29.63935],[-94.69595,29.75915],[-94.72515,29.79336],[-94.81522,29.75848],[-94.87255,29.67125],[-94.90824,29.65559],[-94.94268,29.69778],[-95.01968,29.70437],[-94.98215,29.67687],[-95.01519,29.63245],[-94.98271,29.60134],[-95.01516,29.53999],[-94.97651,29.51126],[-94.91197,29.49626],[-94.95185,29.46753],[-94.89203,29.43368],[-94.9066,29.35598],[-94.89267,29.31345],[-94.93659,29.3149],[-95.03451,29.2115],[-95.09726,29.17737],[-95.1499,29.17931],[-95.16731,29.12116],[-95.12384,29.07064],[-95.25185,28.97899],[-95.38368,28.87],[-95.46321,28.84886],[-95.77196,28.68672],[-95.89027,28.63119],[-96.08332,28.55484],[-96.27039,28.46193],[-96.39038,28.38181],[-96.44285,28.31767],[-96.56057,28.26403],[-96.75218,28.14111],[-96.85137,28.06237],[-96.96187,27.95588],[-97.05606,27.84973],[-97.03301,27.91276],[-96.98998,27.94913],[-96.96776,28.01751],[-96.92546,28.08841],[-96.81094,28.12335],[-96.8229,28.16743],[-96.78641,28.18975],[-96.72038,28.186],[-96.70263,28.21551],[-96.58213,28.30155],[-96.44059,28.34298],[-96.47137,28.36515],[-96.42003,28.4169],[-96.45295,28.41868],[-96.5851,28.35082],[-96.62515,28.3162],[-96.68435,28.31446],[-96.71239,28.40809],[-96.78677,28.40216],[-96.83811,28.43279],[-96.85784,28.40865],[-96.79152,28.35752],[-96.80957,28.29029],[-96.78428,28.24368],[-96.8455,28.17982],[-96.93155,28.12389],[-96.96738,28.12325],[-96.92359,28.19933],[-96.94035,28.21451],[-96.91242,28.26393],[-96.96851,28.21996],[-96.94593,28.1965],[-96.98955,28.12756],[-97.02538,28.14963],[-97.01673,28.20333],[-97.14594,28.14108],[-97.22283,28.07735],[-97.13893,28.0269],[-97.11207,28.06875],[-97.02496,28.11331],[-97.0252,28.03215],[-97.06199,27.99614],[-97.07593,27.93305],[-97.08718,27.97079],[-97.1906,27.82327],[-97.24944,27.87619],[-97.33778,27.88362],[-97.5151,27.85117],[-97.46292,27.82342],[-97.38568,27.84002],[-97.39329,27.7829],[-97.36108,27.73489],[-97.24485,27.69291],[-97.26762,27.67528],[-97.32219,27.56906],[-97.36755,27.44333],[-97.3694,27.41043],[-97.41444,27.32157],[-97.52591,27.29063],[-97.49727,27.3109],[-97.47885,27.37213],[-97.49786,27.37224],[-97.60725,27.28698],[-97.66127,27.3601],[-97.7088,27.38564],[-97.66135,27.28891],[-97.72774,27.26163],[-97.64734,27.27636],[-97.63112,27.24223],[-97.5296,27.22916],[-97.42259,27.26204],[-97.44406,26.98723],[-97.46028,26.84729],[-97.41396,26.81969],[-97.4786,26.80668],[-97.46469,26.69417],[-97.41311,26.4812],[-97.38055,26.48056],[-97.28619,26.26751],[-97.31673,26.22403],[-97.29609,26.18239],[-97.30853,26.12657],[-97.2798,26.09206],[-97.20805,26.07959],[-97.19567,26.04656],[-97.14966,26.06414],[-97.14728,25.95332],[-97.17526,25.9655],[-97.32465,25.91859],[-97.34827,25.93114],[-97.37286,25.84012],[-97.42782,25.84225],[-97.47039,25.88859],[-97.51984,25.88599],[-97.53237,25.92055],[-97.58319,25.93741],[-97.65277,26.0163],[-97.70884,26.03603],[-97.76381,26.02733],[-97.79215,26.05289],[-97.87694,26.06458],[-97.96736,26.05172],[-98.07654,26.06804],[-98.14479,26.04961],[-98.24874,26.07204],[-98.299,26.11841],[-98.38392,26.1566],[-98.4584,26.22532],[-98.57997,26.235],[-98.58011,26.25365],[-98.6694,26.23632],[-98.74947,26.32999],[-98.78982,26.33158],[-98.82045,26.371],[-98.89673,26.35333],[-98.97523,26.40114],[-99.03719,26.41382],[-99.082,26.39651],[-99.11085,26.42628],[-99.09163,26.47698],[-99.12778,26.5252],[-99.16674,26.53608],[-99.17806,26.62055],[-99.20052,26.65644],[-99.20891,26.72476],[-99.24002,26.74585],[-99.26861,26.84321],[-99.3289,26.87976],[-99.32182,26.90685],[-99.38825,26.94422],[-99.37731,26.97382],[-99.44609,27.02334],[-99.42921,27.09098],[-99.42635,27.17626],[-99.44155,27.24992],[-99.49661,27.27171],[-99.4946,27.30354],[-99.53781,27.31759],[-99.5044,27.3399],[-99.47925,27.47864],[-99.52832,27.4989],[-99.51112,27.56449],[-99.59404,27.63857],[-99.63893,27.62676],[-99.69125,27.66873],[-99.7046,27.65495],[-99.81309,27.77395],[-99.83513,27.76288],[-99.87797,27.80072],[-99.90149,27.86416],[-99.90008,27.91214],[-99.93714,27.94054],[-99.93181,27.98097],[-99.98976,27.99288],[-100.01791,28.06479],[-100.05312,28.08473],[-100.08339,28.14404],[-100.2121,28.19651],[-100.22363,28.23522],[-100.25779,28.24034],[-100.2943,28.28438],[-100.28864,28.31698],[-100.34959,28.4026],[-100.33619,28.43018],[-100.36755,28.4748],[-100.33489,28.50032],[-100.38696,28.51402],[-100.41141,28.5519],[-100.4004,28.58689],[-100.44732,28.60933],[-100.44575,28.64063],[-100.49811,28.6596],[-100.50761,28.7406],[-100.53583,28.80589],[-100.57051,28.82632],[-100.60077,28.90076],[-100.65066,28.94198],[-100.64589,28.98642],[-100.67466,29.09978],[-100.7759,29.17334],[-100.79767,29.24694],[-100.87813,29.28086],[-100.88684,29.30785],[-101.00421,29.36477],[-101.06015,29.45866],[-101.15188,29.47701],[-101.17382,29.51457],[-101.26117,29.53678],[-101.24115,29.56543],[-101.26922,29.63003],[-101.29096,29.57154],[-101.31177,29.58547],[-101.30007,29.6405],[-101.36322,29.65264],[-101.37539,29.70181],[-101.45249,29.78282],[-101.53919,29.76177],[-101.5419,29.81078],[-101.57703,29.76912],[-101.64642,29.7543],[-101.70887,29.76164],[-101.85096,29.80788],[-101.88291,29.79349],[-101.96138,29.79797],[-101.9812,29.8154],[-102.04879,29.78609],[-102.11568,29.79239],[-102.19386,29.83825],[-102.30138,29.87767],[-102.34103,29.86931],[-102.38967,29.7826],[-102.38636,29.76241],[-102.51584,29.7843],[-102.54826,29.7446],[-102.66903,29.74611],[-102.69347,29.67651],[-102.76834,29.59473],[-102.77143,29.54855],[-102.80869,29.52232],[-102.83097,29.44427],[-102.83938,29.35892],[-102.87802,29.35454],[-102.90638,29.26206],[-102.86847,29.22288],[-102.95059,29.17373],[-102.998,29.17565],[-103.03603,29.09874],[-103.10013,29.06068],[-103.11533,28.98527],[-103.15461,28.97161],[-103.3539,29.02223],[-103.3865,29.02165],[-103.55049,29.15625],[-103.71918,29.18139],[-103.74225,29.22169],[-103.78205,29.22798],[-103.78405,29.26547],[-104.0194,29.31185],[-104.10956,29.37408],[-104.16843,29.39649],[-104.21117,29.44975],[-104.20903,29.48097],[-104.26174,29.51346],[-104.33811,29.51997],[-104.39959,29.57232],[-104.50987,29.64365],[-104.54419,29.681],[-104.5498,29.74064],[-104.63327,29.87048],[-104.67983,29.92092],[-104.68011,29.97422],[-104.70687,30.05069],[-104.68802,30.07347],[-104.68671,30.17862],[-104.71317,30.23796],[-104.7606,30.27231],[-104.76129,30.30061],[-104.81185,30.3336],[-104.81135,30.3667],[-104.85952,30.39041],[-104.86022,30.43991],[-104.88744,30.54397],[-104.91872,30.59766],[-104.96727,30.60793],[-105.00742,30.68646],[-105.0635,30.68869],[-105.12003,30.74998],[-105.16113,30.75206],[-105.21767,30.80596],[-105.25794,30.79471],[-105.36159,30.85055],[-105.39536,30.84907],[-105.4138,30.89957],[-105.55617,30.98894],[-105.6061,31.08503],[-105.64883,31.1159],[-105.77326,31.1669],[-105.86916,31.28882],[-105.93255,31.31312],[-105.95379,31.36475],[-106.00493,31.39246],[-106.07449,31.39756],[-106.21962,31.48156],[-106.24512,31.53876],[-106.28114,31.56267],[-106.3081,31.62971],[-106.38104,31.73211],[-106.45106,31.76432],[-106.48954,31.74841],[-106.52824,31.78315],[-106.60527,31.82791]]],[[[-97.16102,26.09114],[-97.21953,26.36961],[-97.24151,26.40833],[-97.27188,26.55994],[-97.21789,26.38726],[-97.17897,26.2193],[-97.16102,26.09114]]],[[[-97.2581,26.42544],[-97.25038,26.42097],[-97.25489,26.41522],[-97.2581,26.42544]]],[[[-97.39839,26.86789],[-97.38591,27.08469],[-97.3945,27.12397],[-97.3825,27.24617],[-97.36123,27.27258],[-97.36182,27.35906],[-97.29784,27.49235],[-97.30425,27.50732],[-97.24008,27.63331],[-97.20954,27.62773],[-97.19682,27.68436],[-97.15119,27.76862],[-97.12148,27.78513],[-97.12766,27.82812],[-97.04485,27.83447],[-97.09073,27.78589],[-97.19916,27.62226],[-97.27507,27.47542],[-97.31889,27.3698],[-97.35719,27.24068],[-97.3769,27.10259],[-97.37613,26.9604],[-97.33757,26.7533],[-97.27877,26.56464],[-97.32898,26.64675],[-97.39839,26.86789]]],[[[-97.41455,26.75292],[-97.41538,26.74072],[-97.42406,26.75048],[-97.41455,26.75292]]],[[[-97.40208,27.31048],[-97.39911,27.30911],[-97.40564,27.2902],[-97.40208,27.31048]]],[[[-97.39958,27.32452],[-97.40386,27.31492],[-97.40659,27.31566],[-97.39958,27.32452]]],[[[-97.31293,27.48655],[-97.31352,27.49045],[-97.30509,27.49151],[-97.31293,27.48655]]],[[[-97.31245,27.50711],[-97.31008,27.50595],[-97.3178,27.49456],[-97.31245,27.50711]]],[[[-97.23152,27.64089],[-97.22808,27.67389],[-97.21554,27.68283],[-97.23152,27.64089]]],[[[-97.16759,27.75569],[-97.1727,27.76084],[-97.16485,27.76399],[-97.16759,27.75569]]],[[[-97.21625,27.81132],[-97.19683,27.81469],[-97.20441,27.80803],[-97.21625,27.81132]]],[[[-97.19292,27.81533],[-97.17747,27.81753],[-97.18555,27.8128],[-97.19292,27.81533]]],[[[-97.1541,27.81992],[-97.14288,27.82042],[-97.14509,27.81657],[-97.1541,27.81992]]],[[[-97.2343,27.83582],[-97.23388,27.82891],[-97.24005,27.83357],[-97.2343,27.83582]]],[[[-97.13742,27.84938],[-97.14336,27.84948],[-97.13873,27.85578],[-97.13742,27.84938]]],[[[-97.25808,27.86604],[-97.25221,27.87122],[-97.23819,27.84075],[-97.25808,27.86604]]],[[[-97.14467,27.88089],[-97.14158,27.87953],[-97.14942,27.87491],[-97.14467,27.88089]]],[[[-97.12886,27.90505],[-97.12732,27.90012],[-97.13255,27.89885],[-97.12886,27.90505]]],[[[-97.12265,27.91008],[-97.12716,27.90809],[-97.12502,27.91292],[-97.12265,27.91008]]],[[[-97.06097,27.84632],[-97.12693,27.83791],[-97.06513,27.91313],[-97.06097,27.84632]]],[[[-97.13172,27.89602],[-97.11341,27.89213],[-97.11829,27.89066],[-97.13172,27.89602]]],[[[-97.10292,27.90336],[-97.09722,27.90346],[-97.11171,27.89307],[-97.10292,27.90336]]],[[[-94.97574,29.20148],[-94.87437,29.28993],[-94.72617,29.33252],[-94.79476,29.28439],[-95.02883,29.1469],[-95.10698,29.08896],[-95.09695,29.11887],[-94.97574,29.20148]]],[[[-94.90919,29.26982],[-94.91513,29.27345],[-94.90919,29.27396],[-94.90919,29.26982]]],[[[-94.92439,29.28162],[-94.92868,29.28703],[-94.91966,29.28682],[-94.92439,29.28162]]],[[[-94.7812,29.33247],[-94.82196,29.31324],[-94.81052,29.35213],[-94.7812,29.33247]]],[[[-94.82523,29.3538],[-94.81995,29.35017],[-94.82425,29.34892],[-94.82523,29.3538]]],[[[-94.91861,29.58759],[-94.90744,29.57136],[-94.928,29.58222],[-94.91861,29.58759]]],[[[-94.97743,29.6852],[-94.95319,29.67746],[-94.94737,29.61342],[-94.97743,29.6852]]],[[[-94.97518,29.68789],[-94.99205,29.69842],[-94.97601,29.69439],[-94.97518,29.68789]]],[[[-94.71651,29.73351],[-94.71385,29.73145],[-94.7183,29.72885],[-94.71651,29.73351]]]]}},{"type":"Feature","id":"49","properties":{"state_fips":"49","state_abbr":"UT","state_name":"Utah"},"geometry":{"type":"Polygon","coordinates":[[[-114.05296,37.59278],[-114.04968,37.82365],[-114.05048,38.49996],[-114.04825,39.33213],[-114.04618,40.39831],[-114.03965,41.88482],[-114.04148,41.99387],[-113.76472,41.98946],[-112.18603,42.00121],[-112.15385,41.99723],[-111.47802,41.9996],[-111.04671,42.0017],[-111.04672,40.99796],[-110.50072,40.99475],[-109.53493,40.99814],[-109.05008,41.00066],[-109.04804,40.61923],[-109.05095,40.44437],[-109.05151,39.1261],[-109.05954,38.71989],[-109.06006,38.27549],[-109.04176,38.16469],[-109.04186,37.53073],[-109.04581,37.37499],[-109.04522,36.99908],[-109.62567,36.99831],[-110.47019,36.998],[-110.50069,37.00426],[-111.13372,37.00078],[-111.83303,37.00128],[-112.54037,37.00067],[-112.96647,37.00022],[-113.62429,37.00006],[-114.0506,37.0004],[-114.05296,37.59278]]]}},{"type":"Feature","id":"50","properties":{"state_fips":"50","state_abbr":"VT","state_name":"Vermont"},"geometry":{"type":"Polygon","coordinates":[[[-73.26496,42.74594],[-73.29094,42.80192],[-73.27867,42.83341],[-73.25649,43.25925],[-73.24682,43.52578],[-73.29692,43.58732],[-73.30208,43.62436],[-73.37189,43.62449],[-73.39812,43.56807],[-73.42864,43.58399],[-73.42791,43.63443],[-73.35059,43.77194],[-73.39275,43.8222],[-73.37415,43.87416],[-73.40859,43.93293],[-73.41078,44.02694],[-73.43774,44.04501],[-73.39081,44.18907],[-73.31102,44.27424],[-73.33357,44.37229],[-73.29603,44.42834],[-73.30671,44.50033],[-73.38185,44.58932],[-73.36556,44.74179],[-73.33315,44.78876],[-73.37945,44.83801],[-73.34111,44.91463],[-73.34312,45.01084],[-72.84563,45.01666],[-72.31007,45.00382],[-71.50109,45.01335],[-71.54086,44.98379],[-71.49602,44.9089],[-71.57346,44.82064],[-71.57131,44.79334],[-71.62625,44.72904],[-71.53738,44.58336],[-71.59713,44.55385],[-71.57194,44.53697],[-71.59933,44.48628],[-71.64737,44.47213],[-71.71461,44.40956],[-71.81439,44.38193],[-71.81241,44.35733],[-72.03282,44.32045],[-72.06843,44.2713],[-72.04789,44.23849],[-72.06617,44.18977],[-72.0309,44.09972],[-72.11698,43.99448],[-72.11815,43.92361],[-72.18792,43.85613],[-72.18485,43.8047],[-72.23418,43.74597],[-72.29956,43.70628],[-72.32851,43.60081],[-72.37337,43.57967],[-72.39856,43.51344],[-72.38089,43.49339],[-72.41338,43.36274],[-72.39546,43.31299],[-72.43522,43.25848],[-72.45689,43.14656],[-72.43519,43.08662],[-72.46736,43.05265],[-72.44464,43.01057],[-72.47383,42.97205],[-72.53455,42.94989],[-72.52424,42.9185],[-72.55725,42.85302],[-72.51311,42.76382],[-72.45852,42.72685],[-73.26496,42.74594]]]}},{"type":"Feature","id":"51","properties":{"state_fips":"51","state_abbr":"VA","state_name":"Virginia"},"geometry":{"type":"MultiPolygon","coordinates":[[[[-83.64831,36.62268],[-83.49391,36.67009],[-83.42371,36.66739],[-83.3861,36.68659],[-83.1946,36.73949],[-83.13639,36.74309],[-83.13324,36.78321],[-83.07259,36.85459],[-83.00609,36.84789],[-82.87949,36.88909],[-82.8561,36.95247],[-82.86753,36.97752],[-82.78214,37.00824],[-82.72247,37.0451],[-82.7221,37.12017],[-82.63349,37.15426],[-82.49886,37.22704],[-82.35095,37.26708],[-81.96801,37.53804],[-81.92639,37.51421],[-81.99227,37.46092],[-81.94937,37.44569],[-81.9285,37.36065],[-81.87871,37.33175],[-81.85355,37.2877],[-81.76175,37.27571],[-81.73854,37.23826],[-81.67821,37.20148],[-81.56063,37.20666],[-81.41666,37.27321],[-81.36216,37.33769],[-81.2251,37.23487],[-81.1126,37.2785],[-80.90054,37.315],[-80.84945,37.34691],[-80.88325,37.38393],[-80.85956,37.42957],[-80.77008,37.37236],[-80.7052,37.39462],[-80.55204,37.47356],[-80.51139,37.48167],[-80.4756,37.42295],[-80.29979,37.50827],[-80.3285,37.56432],[-80.22098,37.62777],[-80.26746,37.64611],[-80.29614,37.69178],[-80.25202,37.72983],[-80.24798,37.76851],[-80.1622,37.87512],[-80.00251,37.99277],[-79.92633,38.10715],[-79.94484,38.13159],[-79.91441,38.18842],[-79.79013,38.26765],[-79.81011,38.30504],[-79.74411,38.35397],[-79.68967,38.43144],[-79.69757,38.48722],[-79.64907,38.59151],[-79.53687,38.55092],[-79.47664,38.45723],[-79.31228,38.41188],[-79.21059,38.49291],[-79.20586,38.52452],[-79.13106,38.65322],[-79.09295,38.65952],[-79.09275,38.70232],[-79.05495,38.78571],[-79.02725,38.79211],[-78.994,38.8501],[-78.86928,38.76299],[-78.78803,38.88512],[-78.71708,38.93603],[-78.71617,38.90483],[-78.62045,38.9826],[-78.60165,38.9646],[-78.55047,39.01807],[-78.5719,39.032],[-78.4037,39.16745],[-78.43865,39.19805],[-78.39967,39.24387],[-78.41942,39.25748],[-78.33896,39.34989],[-78.36687,39.35929],[-78.34709,39.46601],[-77.82816,39.13233],[-77.74729,39.295],[-77.71952,39.32131],[-77.5666,39.30612],[-77.54323,39.26694],[-77.45768,39.22502],[-77.52728,39.14624],[-77.46262,39.07625],[-77.34029,39.06299],[-77.2446,39.02011],[-77.24462,38.98254],[-77.1466,38.96421],[-77.11976,38.93434],[-77.0673,38.89921],[-77.0317,38.85051],[-77.03901,38.79164],[-77.04149,38.72591],[-77.1325,38.67382],[-77.1302,38.63502],[-77.20197,38.61768],[-77.19327,38.65089],[-77.23593,38.66007],[-77.25703,38.5612],[-77.30845,38.49663],[-77.32629,38.4436],[-77.27963,38.33944],[-77.2401,38.33099],[-77.08481,38.3683],[-77.04152,38.40019],[-77.01183,38.37455],[-77.03068,38.31162],[-76.96215,38.25649],[-76.96231,38.21408],[-76.83879,38.16348],[-76.76024,38.16658],[-76.7286,38.1317],[-76.68968,38.16015],[-76.63971,38.12198],[-76.61206,38.14866],[-76.60094,38.11008],[-76.5354,38.07363],[-76.556,38.02778],[-76.47672,38.01426],[-76.47285,37.9842],[-76.34385,37.94734],[-76.23696,37.8905],[-76.26606,37.8174],[-76.3066,37.82191],[-76.31599,37.76359],[-76.30316,37.70231],[-76.33989,37.65597],[-76.27945,37.61823],[-76.40185,37.62738],[-76.47239,37.66577],[-76.51019,37.64232],[-76.58582,37.77157],[-76.6802,37.82565],[-76.72614,37.83623],[-76.79848,37.92519],[-76.83283,37.93166],[-76.85302,37.97463],[-76.89213,37.98629],[-76.92265,38.07109],[-76.92742,37.98179],[-76.79456,37.89519],[-76.73431,37.79866],[-76.677,37.7561],[-76.61666,37.74189],[-76.58968,37.66582],[-76.52719,37.61131],[-76.43083,37.61113],[-76.4286,37.58746],[-76.29796,37.55764],[-76.36163,37.53466],[-76.2561,37.45263],[-76.24775,37.37882],[-76.27455,37.31343],[-76.4161,37.4093],[-76.41453,37.36835],[-76.46102,37.3874],[-76.4147,37.33968],[-76.43856,37.31381],[-76.38859,37.30848],[-76.36239,37.26861],[-76.50903,37.23948],[-76.4718,37.21602],[-76.38687,37.22614],[-76.4123,37.16148],[-76.3407,37.15084],[-76.27135,37.08757],[-76.30427,37.00138],[-76.34067,37.01525],[-76.41099,36.963],[-76.46447,37.02755],[-76.6255,37.12725],[-76.60437,37.16006],[-76.62987,37.20674],[-76.693,37.22368],[-76.75777,37.19166],[-76.79354,37.23125],[-76.86952,37.24216],[-76.87221,37.26275],[-76.94708,37.22803],[-76.90251,37.19983],[-76.80102,37.20604],[-76.74763,37.15055],[-76.71529,37.14803],[-76.68658,37.19727],[-76.64601,37.03623],[-76.58649,37.02874],[-76.48646,36.95654],[-76.49156,36.8811],[-76.4416,36.90612],[-76.39067,36.89574],[-76.35453,36.92276],[-76.34629,36.85209],[-76.32703,36.87364],[-76.32566,36.96319],[-76.26787,36.96449],[-76.22166,36.93955],[-76.09048,36.90781],[-76.04159,36.92988],[-75.99625,36.92205],[-75.94955,36.76115],[-75.89095,36.63075],[-75.86765,36.55041],[-76.80708,36.55061],[-76.91605,36.54381],[-77.15269,36.54408],[-78.50996,36.54107],[-79.51065,36.54074],[-80.29524,36.54397],[-80.70483,36.56232],[-80.83764,36.55912],[-81.67754,36.58812],[-81.6469,36.61192],[-81.92264,36.61621],[-81.93414,36.59421],[-82.67988,36.5937],[-83.2611,36.59389],[-83.2763,36.59819],[-83.67539,36.60078],[-83.64831,36.62268]]],[[[-76.30268,36.98181],[-76.30528,36.98514],[-76.29986,36.98692],[-76.30268,36.98181]]],[[[-76.31656,37.00011],[-76.31864,36.9992],[-76.31921,37.0033],[-76.31656,37.00011]]],[[[-75.97802,37.10332],[-75.94716,37.10308],[-75.9672,37.0846],[-75.97802,37.10332]]],[[[-75.34616,37.89135],[-75.40644,37.89944],[-75.48927,37.83246],[-75.58935,37.6912],[-75.61453,37.6093],[-75.60015,37.57135],[-75.66242,37.49067],[-75.67525,37.43172],[-75.77588,37.29866],[-75.79291,37.30166],[-75.80138,37.22046],[-75.89837,37.11855],[-75.97007,37.11719],[-76.02575,37.25741],[-76.01216,37.33379],[-75.96748,37.39981],[-75.97963,37.4383],[-75.94118,37.56384],[-75.90959,37.62267],[-75.79267,37.75061],[-75.8164,37.78934],[-75.77061,37.8046],[-75.71887,37.79326],[-75.72322,37.82012],[-75.67228,37.8509],[-75.68844,37.89902],[-75.74347,37.91206],[-75.71223,37.93814],[-75.64305,37.93633],[-75.64823,37.96677],[-75.62445,37.9942],[-75.24247,38.02703],[-75.34616,37.89135]]],[[[-76.41629,37.59358],[-76.41929,37.59261],[-76.42074,37.5976],[-76.41629,37.59358]]],[[[-75.86682,37.68067],[-75.86053,37.69308],[-75.85494,37.68885],[-75.86682,37.68067]]],[[[-75.85078,37.7055],[-75.85019,37.69995],[-75.85649,37.70286],[-75.85078,37.7055]]],[[[-75.89178,37.79618],[-75.89641,37.80209],[-75.89416,37.80566],[-75.89178,37.79618]]],[[[-75.74151,37.80998],[-75.73515,37.80641],[-75.7405,37.80124],[-75.74151,37.80998]]],[[[-75.99577,37.8126],[-75.99686,37.85042],[-75.97354,37.83354],[-75.99577,37.8126]]],[[[-76.00016,37.86375],[-76.0023,37.86197],[-76.0081,37.87281],[-76.00016,37.86375]]],[[[-75.90057,37.89377],[-75.90366,37.89752],[-75.89879,37.89761],[-75.90057,37.89377]]],[[[-76.0168,37.94646],[-76.04653,37.95359],[-75.9939,37.95349],[-76.0168,37.94646]]]]}},{"type":"Feature","id":"53","properties":{"state_fips":"53","state_abbr":"WA","state_name":"Washington"},"geometry":{"type":"MultiPolygon","coordinates":[[[[-123.6695,46.26683],[-123.72427,46.30116],[-123.79556,46.2845],[-123.87552,46.23979],[-123.90931,46.24549],[-123.9852,46.30904],[-124.02055,46.31574],[-124.07515,46.2715],[-124.05835,46.3865],[-124.05702,46.49334],[-124.06958,46.63065],[-124.02357,46.58256],[-124.03174,46.49638],[-124.00718,46.37147],[-123.9537,46.37885],[-123.99173,46.44882],[-123.98839,46.49701],[-123.94258,46.48783],[-123.89554,46.51407],[-123.89618,46.55025],[-123.96064,46.63636],[-123.9156,46.67865],[-123.82912,46.70477],[-123.88876,46.75038],[-123.91351,46.72668],[-123.99885,46.70596],[-124.09651,46.7462],[-124.10808,46.83639],[-124.13823,46.90553],[-124.09296,46.90165],[-124.08929,46.86772],[-123.98508,46.92192],[-123.8389,46.95395],[-123.8591,46.96758],[-123.94688,46.96874],[-124.018,46.99355],[-124.02635,47.03019],[-124.12206,47.04165],[-124.15129,47.02111],[-124.12744,46.94551],[-124.17388,46.92724],[-124.17674,47.093],[-124.23635,47.28729],[-124.2781,47.30638],[-124.33636,47.40508],[-124.36622,47.58244],[-124.43055,47.74625],[-124.49799,47.82261],[-124.63015,47.89247],[-124.67243,47.96441],[-124.6886,48.09247],[-124.73175,48.17],[-124.6909,48.21262],[-124.65894,48.33106],[-124.73183,48.38116],[-124.63572,48.38819],[-124.62907,48.37225],[-124.56484,48.36792],[-124.38087,48.2847],[-124.26485,48.25457],[-124.25088,48.26477],[-124.13069,48.22065],[-124.05073,48.17775],[-123.97357,48.16435],[-123.77812,48.15547],[-123.70946,48.16758],[-123.59084,48.13495],[-123.55113,48.15138],[-123.42467,48.11807],[-123.24862,48.11575],[-123.1644,48.16589],[-123.06621,48.12047],[-123.03829,48.05348],[-122.99612,48.02753],[-123.02155,48.08408],[-122.9163,48.09542],[-122.92862,48.06759],[-122.83347,48.00957],[-122.82916,48.04836],[-122.89008,48.07818],[-122.83317,48.13441],[-122.75451,48.14434],[-122.74891,48.11703],[-122.8014,48.08756],[-122.73427,48.03495],[-122.74834,48.0721],[-122.69675,48.10317],[-122.67056,48.01762],[-122.73097,48.02131],[-122.68322,47.97223],[-122.63742,47.88994],[-122.65008,47.86386],[-122.74298,47.80989],[-122.77223,47.69171],[-122.8299,47.68912],[-122.78812,47.80419],[-122.80975,47.84058],[-122.82187,47.78902],[-122.86346,47.76858],[-122.8782,47.69008],[-123.0006,47.5847],[-123.05741,47.50079],[-123.1106,47.45494],[-123.15958,47.35439],[-123.02028,47.35433],[-122.91143,47.3891],[-122.88837,47.42401],[-123.01315,47.37864],[-123.02432,47.36125],[-123.12023,47.39149],[-122.96512,47.58525],[-122.9171,47.62074],[-122.75247,47.66781],[-122.74834,47.71793],[-122.68408,47.79857],[-122.6081,47.85673],[-122.57367,47.85758],[-122.59623,47.92021],[-122.52533,47.91234],[-122.48849,47.7436],[-122.55445,47.7457],[-122.58785,47.69119],[-122.61271,47.71187],[-122.61783,47.64982],[-122.5911,47.63555],[-122.60256,47.57435],[-122.69819,47.52833],[-122.6063,47.54688],[-122.55498,47.58997],[-122.54727,47.52356],[-122.49532,47.51102],[-122.5323,47.46921],[-122.57599,47.32642],[-122.54752,47.28534],[-122.58583,47.25385],[-122.6307,47.27718],[-122.69738,47.28397],[-122.62785,47.38238],[-122.72804,47.32882],[-122.75739,47.27396],[-122.71841,47.25154],[-122.77162,47.16711],[-122.8328,47.24341],[-122.78706,47.29968],[-122.78917,47.36152],[-122.8186,47.40451],[-122.81978,47.3278],[-122.85436,47.30959],[-122.86791,47.24605],[-122.83924,47.2097],[-122.86315,47.17049],[-122.83225,47.11504],[-122.81519,47.1791],[-122.78626,47.12707],[-122.6847,47.09704],[-122.59291,47.17582],[-122.56391,47.24347],[-122.51238,47.30753],[-122.44032,47.26202],[-122.4092,47.28856],[-122.42997,47.31966],[-122.32483,47.34852],[-122.36134,47.48142],[-122.42114,47.57602],[-122.34494,47.60912],[-122.41464,47.63977],[-122.37314,47.72922],[-122.39564,47.80681],[-122.33994,47.84672],[-122.30705,47.94912],[-122.23005,47.97092],[-122.21898,48.02028],[-122.34324,48.09763],[-122.36783,48.13493],[-122.35747,48.18229],[-122.39233,48.23061],[-122.45371,48.22886],[-122.47853,48.18809],[-122.44238,48.13084],[-122.37948,48.08738],[-122.37711,48.05757],[-122.4675,48.13035],[-122.51203,48.13393],[-122.53722,48.18375],[-122.531,48.24982],[-122.4668,48.2696],[-122.40652,48.25183],[-122.36759,48.29172],[-122.49546,48.37413],[-122.53279,48.37499],[-122.5583,48.42582],[-122.65615,48.40776],[-122.66827,48.48627],[-122.70292,48.49201],[-122.59995,48.52095],[-122.58556,48.46626],[-122.5587,48.49982],[-122.52497,48.45831],[-122.47022,48.46878],[-122.50443,48.56477],[-122.46886,48.55727],[-122.42527,48.59952],[-122.50994,48.66437],[-122.51925,48.71716],[-122.4912,48.7424],[-122.5358,48.77613],[-122.60814,48.76277],[-122.65187,48.71591],[-122.67481,48.73739],[-122.64678,48.78501],[-122.70683,48.80234],[-122.71707,48.84719],[-122.79317,48.89293],[-122.75129,48.91124],[-122.81723,48.95597],[-122.75802,49.00236],[-122.09836,49.00215],[-121.75125,48.9974],[-120.7166,49.00019],[-120.0012,48.99942],[-118.90278,49.0003],[-118.00205,49.00044],[-117.03235,48.99919],[-117.03518,48.37088],[-117.04111,48.1249],[-117.03981,46.42543],[-117.05598,46.34553],[-116.98463,46.29271],[-116.96297,46.19968],[-116.92396,46.17092],[-116.95955,46.09906],[-116.91599,45.99541],[-117.47515,45.99789],[-118.98713,45.99986],[-119.12612,45.93286],[-119.25715,45.93993],[-119.3644,45.92161],[-119.52463,45.90861],[-119.57158,45.92546],[-119.62339,45.90564],[-119.66988,45.85687],[-119.80265,45.84753],[-119.96574,45.82437],[-120.07015,45.78515],[-120.17045,45.76195],[-120.21075,45.72595],[-120.40396,45.69925],[-120.50586,45.70005],[-120.55946,45.73835],[-120.63497,45.74585],[-120.68937,45.71585],[-120.85567,45.67155],[-120.89557,45.64295],[-120.94398,45.65644],[-121.08493,45.64789],[-121.13195,45.60976],[-121.18384,45.60644],[-121.21578,45.67124],[-121.33777,45.70495],[-121.40174,45.69289],[-121.53311,45.72654],[-121.7351,45.69404],[-121.8113,45.70676],[-121.86717,45.69328],[-121.90827,45.6544],[-122.10167,45.58352],[-122.1837,45.5777],[-122.24899,45.54774],[-122.3315,45.54824],[-122.3803,45.57594],[-122.47466,45.57831],[-122.67501,45.61804],[-122.76381,45.65714],[-122.76953,45.78058],[-122.7956,45.81],[-122.78503,45.8677],[-122.814,45.96098],[-122.87809,46.03128],[-122.90412,46.08373],[-123.1159,46.18527],[-123.16641,46.18897],[-123.28017,46.14484],[-123.37143,46.14637],[-123.43099,46.18157],[-123.42763,46.22935],[-123.47964,46.26913],[-123.54766,46.25911],[-123.6695,46.26683]]],[[[-123.88583,46.96414],[-123.86481,46.96514],[-123.86053,46.95606],[-123.88583,46.96414]]],[[[-124.48065,47.6798],[-124.48378,47.67208],[-124.49246,47.67208],[-124.48065,47.6798]]],[[[-124.5089,47.79797],[-124.50715,47.79917],[-124.50434,47.79737],[-124.5089,47.79797]]],[[[-124.6457,47.90738],[-124.65164,47.90528],[-124.65224,47.91003],[-124.6457,47.90738]]],[[[-124.7546,48.15834],[-124.75141,48.16056],[-124.74547,48.15554],[-124.7546,48.15834]]],[[[-124.76266,48.17724],[-124.75567,48.17556],[-124.75567,48.17376],[-124.76266,48.17724]]],[[[-124.60221,48.38693],[-124.59294,48.37793],[-124.59936,48.37683],[-124.60221,48.38693]]],[[[-124.73721,48.39561],[-124.7346,48.38914],[-124.74648,48.39135],[-124.73721,48.39561]]],[[[-123.10049,48.59902],[-122.9952,48.53548],[-123.0059,48.47091],[-123.03228,48.45988],[-123.13298,48.49831],[-123.17966,48.62205],[-123.1053,48.62264],[-123.10049,48.59902]]],[[[-123.03214,48.59316],[-123.02864,48.59296],[-123.03333,48.5908],[-123.03214,48.59316]]],[[[-123.04781,48.61083],[-123.05416,48.61853],[-123.04008,48.61698],[-123.04781,48.61083]]],[[[-123.15183,48.63877],[-123.14993,48.64144],[-123.14732,48.63846],[-123.15183,48.63877]]],[[[-123.16392,48.64781],[-123.12783,48.64369],[-123.11855,48.63338],[-123.16392,48.64781]]],[[[-123.07839,48.64961],[-123.07839,48.64599],[-123.08688,48.64524],[-123.07839,48.64961]]],[[[-123.13567,48.65259],[-123.12355,48.64772],[-123.13828,48.65055],[-123.13567,48.65259]]],[[[-123.18282,48.65744],[-123.23747,48.68906],[-123.1832,48.6843],[-123.18282,48.65744]]],[[[-123.00509,48.69434],[-123.07119,48.69935],[-123.00979,48.72229],[-123.00509,48.69434]]],[[[-123.03842,48.73157],[-123.03854,48.73297],[-123.0318,48.73212],[-123.03842,48.73157]]],[[[-123.08401,48.97146],[-123.09055,49.00198],[-123.02199,48.97647],[-123.08401,48.97146]]],[[[-122.6755,47.14196],[-122.74174,47.15505],[-122.69578,47.189],[-122.6755,47.14196]]],[[[-122.67772,47.1911],[-122.72687,47.20442],[-122.70457,47.23098],[-122.64872,47.21564],[-122.67772,47.1911]]],[[[-122.83411,47.2568],[-122.84005,47.26809],[-122.82532,47.27051],[-122.83411,47.2568]]],[[[-122.93062,48.13247],[-122.91058,48.12777],[-122.94347,48.12291],[-122.93062,48.13247]]],[[[-122.84527,48.31732],[-122.84253,48.32131],[-122.83818,48.31967],[-122.84527,48.31732]]],[[[-122.7125,48.46473],[-122.69965,48.46973],[-122.69963,48.45777],[-122.7125,48.46473]]],[[[-122.69094,48.47278],[-122.71322,48.47622],[-122.6861,48.4869],[-122.69094,48.47278]]],[[[-122.86458,48.55539],[-122.87089,48.49887],[-122.81262,48.42098],[-122.94434,48.45791],[-122.9203,48.55066],[-122.86458,48.55539]]],[[[-122.80769,48.53132],[-122.83108,48.57253],[-122.77095,48.56309],[-122.80769,48.53132]]],[[[-122.94303,48.54799],[-123.00697,48.58573],[-122.90385,48.57569],[-122.94303,48.54799]]],[[[-122.67493,48.56643],[-122.72241,48.54061],[-122.74048,48.58499],[-122.71105,48.60931],[-122.67493,48.56643]]],[[[-122.81483,48.60003],[-122.80457,48.59778],[-122.82035,48.58875],[-122.81483,48.60003]]],[[[-123.02501,48.59407],[-123.023,48.59962],[-123.019,48.59445],[-123.02501,48.59407]]],[[[-123.01831,48.60331],[-123.01637,48.60711],[-123.01612,48.6024],[-123.01831,48.60331]]],[[[-122.69806,48.62308],[-122.67417,48.62994],[-122.65702,48.60989],[-122.69806,48.62308]]],[[[-122.87758,48.7127],[-122.74195,48.66225],[-122.83065,48.60212],[-122.88329,48.66035],[-122.90976,48.65392],[-122.86235,48.60419],[-122.88415,48.58872],[-122.98846,48.5942],[-123.03034,48.62989],[-122.93892,48.70969],[-122.87758,48.7127]]],[[[-122.77745,48.69679],[-122.77593,48.70262],[-122.77481,48.69642],[-122.77745,48.69679]]],[[[-122.76705,48.70701],[-122.76484,48.70743],[-122.76434,48.69566],[-122.76705,48.70701]]],[[[-122.84662,48.746],[-122.84067,48.74952],[-122.83435,48.74352],[-122.84662,48.746]]],[[[-122.88319,48.75356],[-122.89909,48.74659],[-122.91227,48.76236],[-122.88319,48.75356]]],[[[-122.96908,48.78858],[-122.94462,48.78673],[-122.94801,48.78106],[-122.96908,48.78858]]],[[[-122.63912,47.1463],[-122.63588,47.16396],[-122.63039,47.15354],[-122.63912,47.1463]]],[[[-122.60254,47.21751],[-122.66857,47.27045],[-122.58886,47.23714],[-122.60254,47.21751]]],[[[-122.47662,47.51108],[-122.43339,47.46643],[-122.42733,47.40213],[-122.37363,47.38872],[-122.52813,47.34554],[-122.51395,47.4489],[-122.47662,47.51108]]],[[[-122.50629,47.54424],[-122.47952,47.54186],[-122.49677,47.53175],[-122.50629,47.54424]]],[[[-122.5112,47.70871],[-122.51828,47.65205],[-122.48028,47.58327],[-122.57685,47.60039],[-122.59077,47.66162],[-122.55285,47.72076],[-122.5112,47.70871]]],[[[-122.33452,48.01892],[-122.32236,48.02104],[-122.30663,48.0044],[-122.33452,48.01892]]],[[[-122.66466,48.40151],[-122.60971,48.41156],[-122.59759,48.35756],[-122.50657,48.31004],[-122.53098,48.28245],[-122.59953,48.2983],[-122.66343,48.27378],[-122.64825,48.22689],[-122.60487,48.20638],[-122.55766,48.11788],[-122.53794,48.01607],[-122.50965,48.03976],[-122.52542,48.09654],[-122.44842,48.05432],[-122.37626,48.03446],[-122.35074,47.95323],[-122.3805,47.90402],[-122.43103,47.91473],[-122.47883,47.98981],[-122.54682,47.96722],[-122.54156,47.993],[-122.60734,48.03099],[-122.5983,48.11062],[-122.61271,48.1559],[-122.67674,48.15405],[-122.77004,48.22439],[-122.67373,48.35468],[-122.66466,48.40151]]],[[[-122.53819,48.36291],[-122.53021,48.36574],[-122.52748,48.35972],[-122.53819,48.36291]]],[[[-122.5789,48.39577],[-122.57534,48.40097],[-122.5606,48.39861],[-122.5789,48.39577]]],[[[-122.57793,48.4152],[-122.57948,48.41178],[-122.58121,48.41343],[-122.57793,48.4152]]],[[[-122.54292,48.52313],[-122.54752,48.51927],[-122.55209,48.52687],[-122.54292,48.52313]]],[[[-122.55844,48.53449],[-122.55741,48.53746],[-122.555,48.5347],[-122.55844,48.53449]]],[[[-122.56679,48.53606],[-122.57017,48.53584],[-122.57022,48.53799],[-122.56679,48.53606]]],[[[-122.57886,48.54813],[-122.64926,48.52877],[-122.65238,48.58343],[-122.57886,48.54813]]],[[[-122.60933,48.58086],[-122.61337,48.57913],[-122.61289,48.58275],[-122.60933,48.58086]]],[[[-122.61465,48.611],[-122.60172,48.61403],[-122.60612,48.60589],[-122.61465,48.611]]],[[[-122.58382,48.65999],[-122.57764,48.64762],[-122.59287,48.65],[-122.58382,48.65999]]],[[[-122.60857,48.64045],[-122.71883,48.71682],[-122.71571,48.74867],[-122.61822,48.67072],[-122.60857,48.64045]]],[[[-122.63024,48.69693],[-122.65045,48.7123],[-122.60591,48.69973],[-122.63024,48.69693]]]]}},{"type":"Feature","id":"54","properties":{"state_fips":"54","state_abbr":"WV","state_name":"West Virginia"},"geometry":{"type":"Polygon","coordinates":[[[-82.13325,37.55283],[-82.13228,37.59333],[-82.21344,37.62522],[-82.24041,37.66157],[-82.29439,37.67796],[-82.33403,37.74323],[-82.31078,37.76269],[-82.42059,37.84785],[-82.41993,37.88487],[-82.5022,37.93305],[-82.46426,37.98341],[-82.51919,38.00113],[-82.55126,38.0708],[-82.63731,38.13905],[-82.61134,38.17155],[-82.61252,38.23455],[-82.57466,38.26387],[-82.5765,38.32812],[-82.59798,38.34491],[-82.59348,38.42182],[-82.52958,38.40518],[-82.40488,38.43935],[-82.324,38.44927],[-82.29127,38.57898],[-82.18877,38.59498],[-82.17207,38.62598],[-82.18247,38.70878],[-82.21727,38.79568],[-82.14487,38.84048],[-82.14317,38.89808],[-82.08907,38.97598],[-82.03775,39.02387],[-81.99496,39.02248],[-81.93319,38.98766],[-81.90059,38.93767],[-81.92667,38.90131],[-81.88923,38.87428],[-81.81423,38.94617],[-81.77411,38.92297],[-81.76425,39.01528],[-81.81165,39.05958],[-81.80785,39.08398],[-81.75235,39.08988],[-81.75625,39.17728],[-81.69134,39.22795],[-81.67833,39.27376],[-81.57025,39.26767],[-81.55755,39.33877],[-81.45614,39.40927],[-81.40669,39.38809],[-81.39588,39.35555],[-81.34757,39.34577],[-81.27072,39.38591],[-81.22358,39.38606],[-81.18595,39.43073],[-81.13443,39.44508],[-81.0239,39.55231],[-80.93329,39.61481],[-80.88036,39.62071],[-80.86172,39.69363],[-80.83155,39.71947],[-80.86534,39.75325],[-80.82608,39.79858],[-80.82696,39.84166],[-80.79313,39.86375],[-80.80901,39.90323],[-80.76066,39.90891],[-80.74013,39.97079],[-80.7386,40.07567],[-80.7102,40.09957],[-80.7046,40.15482],[-80.66154,40.2298],[-80.6225,40.26177],[-80.59989,40.31767],[-80.61179,40.40387],[-80.59479,40.47137],[-80.66692,40.57366],[-80.62717,40.61994],[-80.57674,40.61422],[-80.51899,40.6388],[-80.51934,39.7214],[-79.8529,39.72071],[-79.47666,39.72108],[-79.48687,39.20596],[-79.42441,39.22817],[-79.34601,39.29396],[-79.29024,39.29932],[-79.25631,39.35723],[-79.21428,39.36348],[-79.15535,39.4183],[-79.11223,39.43088],[-79.08327,39.47138],[-78.95675,39.44026],[-78.82601,39.58883],[-78.80174,39.62749],[-78.73376,39.61393],[-78.77814,39.60136],[-78.65598,39.5347],[-78.46864,39.51679],[-78.45438,39.57432],[-78.39747,39.59023],[-78.3519,39.64049],[-78.26509,39.61927],[-78.18276,39.69511],[-78.10783,39.68214],[-78.01134,39.60408],[-77.83801,39.60613],[-77.84217,39.56433],[-77.87845,39.56349],[-77.84567,39.49863],[-77.79563,39.48962],[-77.79275,39.43059],[-77.75309,39.42326],[-77.75579,39.3339],[-77.71952,39.32131],[-77.74729,39.295],[-77.82816,39.13233],[-78.34709,39.46601],[-78.36687,39.35929],[-78.33896,39.34989],[-78.41942,39.25748],[-78.39967,39.24387],[-78.43865,39.19805],[-78.4037,39.16745],[-78.5719,39.032],[-78.55047,39.01807],[-78.60165,38.9646],[-78.62045,38.9826],[-78.71617,38.90483],[-78.71708,38.93603],[-78.78803,38.88512],[-78.86928,38.76299],[-78.994,38.8501],[-79.02725,38.79211],[-79.05495,38.78571],[-79.09275,38.70232],[-79.09295,38.65952],[-79.13106,38.65322],[-79.20586,38.52452],[-79.21059,38.49291],[-79.31228,38.41188],[-79.47664,38.45723],[-79.53687,38.55092],[-79.64907,38.59151],[-79.69757,38.48722],[-79.68967,38.43144],[-79.74411,38.35397],[-79.81011,38.30504],[-79.79013,38.26765],[-79.91441,38.18842],[-79.94484,38.13159],[-79.92633,38.10715],[-80.00251,37.99277],[-80.1622,37.87512],[-80.24798,37.76851],[-80.25202,37.72983],[-80.29614,37.69178],[-80.26746,37.64611],[-80.22098,37.62777],[-80.3285,37.56432],[-80.29979,37.50827],[-80.4756,37.42295],[-80.51139,37.48167],[-80.55204,37.47356],[-80.7052,37.39462],[-80.77008,37.37236],[-80.85956,37.42957],[-80.88325,37.38393],[-80.84945,37.34691],[-80.90054,37.315],[-81.1126,37.2785],[-81.2251,37.23487],[-81.36216,37.33769],[-81.41666,37.27321],[-81.56063,37.20666],[-81.67821,37.20148],[-81.73854,37.23826],[-81.76175,37.27571],[-81.85355,37.2877],[-81.87871,37.33175],[-81.9285,37.36065],[-81.94937,37.44569],[-81.99227,37.46092],[-81.92639,37.51421],[-81.96801,37.53804],[-82.13325,37.55283]]]}},{"type":"Feature","id":"55","properties":{"state_fips":"55","state_abbr":"WI","state_name":"Wisconsin"},"geometry":{"type":"MultiPolygon","coordinates":[[[[-90.66153,42.568],[-90.72021,42.64076],[-90.95241,42.68678],[-91.05127,42.737],[-91.10056,42.88308],[-91.14337,42.90467],[-91.14655,42.96334],[-91.17469,43.03871],[-91.17525,43.13467],[-91.05791,43.25397],[-91.10724,43.31365],[-91.21477,43.36587],[-91.19767,43.39533],[-91.23224,43.46002],[-91.21771,43.50055],[-91.24382,43.54913],[-91.23186,43.58182],[-91.26875,43.61535],[-91.26845,43.70982],[-91.24413,43.77467],[-91.28414,43.84707],[-91.44054,44.0015],[-91.5826,44.02738],[-91.7106,44.12048],[-91.87516,44.20058],[-91.91353,44.31139],[-91.95952,44.3594],[-92.05355,44.40138],[-92.21516,44.4385],[-92.27678,44.47365],[-92.31407,44.53801],[-92.34757,44.55715],[-92.43734,44.55279],[-92.54996,44.56899],[-92.56943,44.60354],[-92.73726,44.71716],[-92.80799,44.75147],[-92.76528,44.84107],[-92.77491,44.8928],[-92.75064,44.9373],[-92.7646,45.02877],[-92.79153,45.07965],[-92.73953,45.11652],[-92.75871,45.29096],[-92.69897,45.33637],[-92.65042,45.39851],[-92.6466,45.44164],[-92.77022,45.56694],[-92.88375,45.57548],[-92.88793,45.63901],[-92.86919,45.71757],[-92.78462,45.7642],[-92.7077,45.8949],[-92.63994,45.93354],[-92.55193,45.95165],[-92.52203,45.9842],[-92.47276,45.97295],[-92.44226,46.01618],[-92.34998,46.01698],[-92.32787,46.06618],[-92.29403,46.07438],[-92.29219,46.66604],[-92.21239,46.64994],[-92.17649,46.69024],[-92.18909,46.71754],[-92.08949,46.74924],[-92.01529,46.70647],[-91.94299,46.67994],[-91.79013,46.69468],[-91.57429,46.75749],[-91.51108,46.75745],[-91.3726,46.79272],[-91.2567,46.83689],[-91.23273,46.86004],[-91.1676,46.84476],[-91.03989,46.88923],[-90.96486,46.94378],[-90.93097,46.93238],[-90.8639,46.96266],[-90.79211,46.93378],[-90.75103,46.88796],[-90.7857,46.84201],[-90.88502,46.75634],[-90.85383,46.69346],[-90.91491,46.65911],[-90.95162,46.60095],[-90.90988,46.58243],[-90.73765,46.65532],[-90.68035,46.65601],[-90.53796,46.58108],[-90.50591,46.58961],[-90.41814,46.56609],[-90.39332,46.53262],[-90.3152,46.54445],[-90.31389,46.5162],[-90.2294,46.50799],[-90.17832,46.45741],[-90.11883,46.35924],[-90.12049,46.33685],[-89.09163,46.13851],[-88.7821,46.01656],[-88.73068,46.02654],[-88.66436,45.99134],[-88.60396,46.01618],[-88.50952,46.01917],[-88.41691,45.97532],[-88.38018,45.99165],[-88.29238,45.95112],[-88.14813,45.93755],[-88.09503,45.91584],[-88.0711,45.87464],[-88.13364,45.82313],[-88.07055,45.77994],[-87.99335,45.79561],[-87.96345,45.75822],[-87.90466,45.75916],[-87.81234,45.7113],[-87.78162,45.67328],[-87.8241,45.64714],[-87.78084,45.6146],[-87.79754,45.56212],[-87.83169,45.56804],[-87.79277,45.49997],[-87.8617,45.43447],[-87.84967,45.40952],[-87.88485,45.36279],[-87.7541,45.34944],[-87.69396,45.38989],[-87.64813,45.3394],[-87.6875,45.29806],[-87.73651,45.17339],[-87.66121,45.10828],[-87.59219,45.09476],[-87.62575,45.04516],[-87.62886,44.98673],[-87.81299,44.95401],[-87.83114,44.89538],[-87.96905,44.73971],[-88.00208,44.66404],[-88.01492,44.58553],[-88.0498,44.56479],[-87.9707,44.53029],[-87.929,44.53599],[-87.91009,44.58041],[-87.85655,44.61971],[-87.76577,44.64202],[-87.71759,44.69799],[-87.72089,44.72455],[-87.61006,44.83838],[-87.48561,44.85456],[-87.43313,44.89274],[-87.38222,44.83434],[-87.4062,44.90449],[-87.32135,45.03822],[-87.28406,45.04649],[-87.23768,45.16817],[-87.16977,45.15287],[-87.11997,45.1911],[-87.10874,45.257],[-87.06744,45.29582],[-86.98335,45.29537],[-86.98541,45.21579],[-87.03683,45.23157],[-87.07894,45.05774],[-87.12315,45.06597],[-87.13938,45.01257],[-87.18941,44.96863],[-87.17492,44.92775],[-87.20454,44.87559],[-87.26148,44.85102],[-87.31854,44.7885],[-87.34351,44.71923],[-87.39352,44.64066],[-87.43749,44.60507],[-87.4837,44.51135],[-87.5176,44.3757],[-87.54538,44.32139],[-87.50842,44.22967],[-87.51966,44.17987],[-87.64806,44.10369],[-87.73618,43.88042],[-87.72641,43.81045],[-87.69607,43.76307],[-87.70268,43.6876],[-87.79013,43.56305],[-87.80401,43.46337],[-87.8696,43.38719],[-87.91179,43.25041],[-87.88108,43.17061],[-87.90138,43.13321],[-87.86381,43.07062],[-87.89866,43.02575],[-87.84997,42.97065],[-87.84348,42.87329],[-87.82448,42.83474],[-87.75791,42.78214],[-87.81712,42.63545],[-87.80209,42.49258],[-88.11528,42.49622],[-88.78668,42.49198],[-89.25076,42.49799],[-90.07367,42.50828],[-90.64284,42.50848],[-90.66153,42.568]]],[[[-90.80615,46.73025],[-90.78442,46.72938],[-90.78616,46.72642],[-90.80615,46.73025]]],[[[-91.03422,46.94525],[-91.03558,46.94132],[-91.03728,46.94557],[-91.03422,46.94525]]],[[[-90.79078,46.97043],[-90.80495,46.97331],[-90.78736,46.97946],[-90.79078,46.97043]]],[[[-90.93196,46.96312],[-90.9821,46.98586],[-90.9309,47.0021],[-90.93196,46.96312]]],[[[-90.85968,46.9764],[-90.87907,46.98889],[-90.85127,46.98539],[-90.85968,46.9764]]],[[[-90.75544,46.99933],[-90.77493,47.02452],[-90.74072,47.01794],[-90.75544,46.99933]]],[[[-90.61645,46.87447],[-90.56887,46.84725],[-90.67385,46.81967],[-90.65718,46.7888],[-90.71646,46.78542],[-90.78789,46.75277],[-90.78625,46.78824],[-90.733,46.80022],[-90.61645,46.87447]]],[[[-90.72051,46.86568],[-90.76355,46.83236],[-90.73598,46.87284],[-90.72051,46.86568]]],[[[-90.51449,46.87753],[-90.45126,46.89891],[-90.47556,46.87509],[-90.51449,46.87753]]],[[[-90.70271,46.88697],[-90.67791,46.89586],[-90.67319,46.88328],[-90.70271,46.88697]]],[[[-90.52497,46.9339],[-90.63909,46.90649],[-90.63712,46.94194],[-90.5288,46.9685],[-90.52497,46.9339]]],[[[-90.68899,46.91746],[-90.7367,46.91344],[-90.76529,46.94702],[-90.71564,46.95836],[-90.68899,46.91746]]],[[[-90.67158,46.94898],[-90.65492,46.97693],[-90.6341,46.97098],[-90.67158,46.94898]]],[[[-90.69478,46.98288],[-90.69656,47.00846],[-90.6692,47.00013],[-90.69478,46.98288]]],[[[-90.62721,47.00261],[-90.60597,47.00704],[-90.61745,46.98943],[-90.62721,47.00261]]],[[[-90.56332,46.99656],[-90.56984,47.02714],[-90.54488,47.01738],[-90.56332,46.99656]]],[[[-90.64496,47.04018],[-90.6371,47.0364],[-90.64452,47.02527],[-90.64496,47.04018]]],[[[-90.6803,47.01895],[-90.6834,47.04528],[-90.67048,47.04113],[-90.6803,47.01895]]],[[[-90.39507,47.07696],[-90.40414,47.0247],[-90.46524,46.99759],[-90.43598,47.07355],[-90.39507,47.07696]]],[[[-90.58943,47.05894],[-90.58652,47.07568],[-90.58295,47.06914],[-90.58943,47.05894]]],[[[-90.72871,47.08062],[-90.72077,47.07329],[-90.73004,47.06561],[-90.72871,47.08062]]],[[[-87.98322,44.60017],[-87.97877,44.58836],[-87.98126,44.58667],[-87.98322,44.60017]]],[[[-88.00337,44.61711],[-87.99127,44.60592],[-88.00059,44.61075],[-88.00337,44.61711]]],[[[-87.50469,45.05911],[-87.49715,45.06114],[-87.49283,45.05573],[-87.50469,45.05911]]],[[[-87.26365,45.15708],[-87.2687,45.15918],[-87.26222,45.1608],[-87.26365,45.15708]]],[[[-87.20712,45.17999],[-87.21206,45.17699],[-87.21129,45.1805],[-87.20712,45.17999]]],[[[-87.33478,45.16081],[-87.37697,45.17817],[-87.33234,45.20638],[-87.33478,45.16081]]],[[[-86.95722,45.30476],[-86.9476,45.31232],[-86.94416,45.30063],[-86.95722,45.30476]]],[[[-86.9235,45.3973],[-86.82438,45.40614],[-86.86645,45.33568],[-86.90913,45.32278],[-86.95613,45.34227],[-86.93739,45.42097],[-86.9235,45.3973]]]]}},{"type":"Feature","id":"56","properties":{"state_fips":"56","state_abbr":"WY","state_name":"Wyoming"},"geometry":{"type":"Polygon","coordinates":[[[-111.0468,42.50495],[-111.04356,42.72262],[-111.04897,44.47407],[-111.05243,44.47841],[-111.05456,45.00095],[-110.79012,45.00088],[-110.70448,44.99217],[-110.18322,44.99695],[-110.10578,45.00353],[-109.76111,45.0018],[-109.10323,45.00582],[-109.08285,44.99955],[-108.51499,44.99968],[-108.0051,45.00055],[-107.12742,44.99984],[-107.08489,44.9966],[-106.26359,44.99379],[-105.92817,44.99349],[-105.91315,45.00024],[-105.16917,45.00012],[-104.50676,44.99849],[-104.05788,44.99761],[-104.05591,44.87499],[-104.05546,43.84588],[-104.05303,43.00059],[-104.05325,41.00141],[-104.85527,40.99805],[-105.73042,40.99689],[-106.21757,40.99773],[-106.45386,41.00206],[-107.62562,41.00212],[-108.25065,41.00011],[-109.05008,41.00066],[-109.53493,40.99814],[-110.50072,40.99475],[-111.04672,40.99796],[-111.04671,42.0017],[-111.0468,42.50495]]]}}]}
